{
"type": "FeatureCollection",
"name": "transitions_points",
"crs": { "type": "name", "properties": { "name": "urn:ogc:def:crs:OGC:1.3:CRS84" } },
"features": [
{ "type": "Feature", "properties": { "source": "hw=tertiary_other", "target": "cw=track", "length_km": 0.11985830638308746, "osm_id": 5054575, "osm_version": 26, "valid_from": "2025-09-07T16:30:27Z", "feature_id": "5054575_26" }, "geometry": { "type": "Point", "coordinates": [ 7.007208334530919, 52.076532520247909 ] } },
{ "type": "Feature", "properties": { "source": "hw=tertiary_other", "target": "cw=lane", "length_km": 0.36487860908126762, "osm_id": 5121393, "osm_version": 19, "valid_from": "2025-10-14T18:59:03Z", "feature_id": "5121393_19" }, "geometry": { "type": "Point", "coordinates": [ 6.602482053285136, 51.542995753009414 ] } },
{ "type": "Feature", "properties": { "source": "hw=tertiary_other", "target": "cw=track", "length_km": 0.039346158651055299, "osm_id": 10942638, "osm_version": 6, "valid_from": "2025-09-07T12:53:56Z", "feature_id": "10942638_6" }, "geometry": { "type": "Point", "coordinates": [ 6.1511024, 51.6837497 ] } },
{ "type": "Feature", "properties": { "source": "hw=tertiary_other", "target": "cw=track", "length_km": 0.63919041596617643, "osm_id": 21105527, "osm_version": 19, "valid_from": "2025-10-14T18:59:03Z", "feature_id": "21105527_19" }, "geometry": { "type": "Point", "coordinates": [ 6.597292671461855, 51.5464680488111 ] } },
{ "type": "Feature", "properties": { "source": "hw=residential_other", "target": "cw=lane", "length_km": 0.0065282948995120452, "osm_id": 23133583, "osm_version": 18, "valid_from": "2025-09-25T07:52:02Z", "feature_id": "23133583_18" }, "geometry": { "type": "Point", "coordinates": [ 8.61470715, 50.22074575 ] } },
{ "type": "Feature", "properties": { "source": "hw=residential_other", "target": "cw=lane", "length_km": 0.059049003456588707, "osm_id": 23164534, "osm_version": 17, "valid_from": "2025-09-25T07:52:02Z", "feature_id": "23164534_17" }, "geometry": { "type": "Point", "coordinates": [ 8.613919370702062, 50.221753025960403 ] } },
{ "type": "Feature", "properties": { "source": "hw=footway_other", "target": "hw=path_bicycle=designated", "length_km": 0.13987689207098175, "osm_id": 23334440, "osm_version": 12, "valid_from": "2025-11-15T20:01:45Z", "feature_id": "23334440_12" }, "geometry": { "type": "Point", "coordinates": [ 7.088539794161013, 51.51492560566016 ] } },
{ "type": "Feature", "properties": { "source": "hw=tertiary_other", "target": "cw=lane", "length_km": 0.1008696038661978, "osm_id": 23482715, "osm_version": 12, "valid_from": "2025-10-14T18:59:03Z", "feature_id": "23482715_12" }, "geometry": { "type": "Point", "coordinates": [ 6.598814023391901, 51.543643971369967 ] } },
{ "type": "Feature", "properties": { "source": "hw=service_other", "target": "hw=path_bicycle=designated", "length_km": 0.047532340321387562, "osm_id": 23985066, "osm_version": 11, "valid_from": "2025-10-02T08:31:31Z", "feature_id": "23985066_11" }, "geometry": { "type": "Point", "coordinates": [ 12.979772176717942, 50.419441968516111 ] } },
{ "type": "Feature", "properties": { "source": "hw=footway_other", "target": "hw=footway_bicycle=yes", "length_km": 0.079518373055483843, "osm_id": 24211838, "osm_version": 10, "valid_from": "2025-10-24T18:55:00Z", "feature_id": "24211838_10" }, "geometry": { "type": "Point", "coordinates": [ 8.47416285210992, 50.17990256686538 ] } },
{ "type": "Feature", "properties": { "source": "hw=footway_other", "target": "hw=footway_bicycle=yes", "length_km": 0.0095561271467388062, "osm_id": 25486501, "osm_version": 7, "valid_from": "2025-10-24T18:55:00Z", "feature_id": "25486501_7" }, "geometry": { "type": "Point", "coordinates": [ 8.47412625, 50.18013945 ] } },
{ "type": "Feature", "properties": { "source": "hw=footway_other", "target": "hw=path_bicycle=designated", "length_km": 0.053569780803368515, "osm_id": 25527053, "osm_version": 4, "valid_from": "2025-09-21T08:47:21Z", "feature_id": "25527053_4" }, "geometry": { "type": "Point", "coordinates": [ 9.209381522659379, 48.088192814009034 ] } },
{ "type": "Feature", "properties": { "source": "hw=path_other", "target": "hw=path_bicycle=designated", "length_km": 0.55671947512636366, "osm_id": 26736110, "osm_version": 13, "valid_from": "2025-08-23T08:00:53Z", "feature_id": "26736110_13" }, "geometry": { "type": "Point", "coordinates": [ 12.184521382043757, 50.626202698778414 ] } },
{ "type": "Feature", "properties": { "source": "hw=tertiary_other", "target": "cw=lane", "length_km": 0.061277112384289269, "osm_id": 27948643, "osm_version": 8, "valid_from": "2025-10-23T18:34:05Z", "feature_id": "27948643_8" }, "geometry": { "type": "Point", "coordinates": [ 6.646999940569231, 51.675312973567884 ] } },
{ "type": "Feature", "properties": { "source": "hw=tertiary_other", "target": "cw=track", "length_km": 0.23407675105763817, "osm_id": 29341780, "osm_version": 34, "valid_from": "2025-09-06T14:18:45Z", "feature_id": "29341780_34" }, "geometry": { "type": "Point", "coordinates": [ 12.096771182778658, 50.004467044446827 ] } },
{ "type": "Feature", "properties": { "source": "hw=residential_other", "target": "cw=lane", "length_km": 0.049077983129531634, "osm_id": 30251062, "osm_version": 19, "valid_from": "2025-09-25T07:52:02Z", "feature_id": "30251062_19" }, "geometry": { "type": "Point", "coordinates": [ 8.61398823296623, 50.221614882961113 ] } },
{ "type": "Feature", "properties": { "source": "hw=secondary_other", "target": "cw=lane", "length_km": 0.10895607338142806, "osm_id": 32720901, "osm_version": 13, "valid_from": "2025-08-22T20:20:12Z", "feature_id": "32720901_13" }, "geometry": { "type": "Point", "coordinates": [ 7.055649440600441, 51.578912092029725 ] } },
{ "type": "Feature", "properties": { "source": "hw=secondary_other", "target": "cw=lane", "length_km": 0.050228157233794792, "osm_id": 32775172, "osm_version": 13, "valid_from": "2025-10-20T15:36:10Z", "feature_id": "32775172_13" }, "geometry": { "type": "Point", "coordinates": [ 6.937201572410948, 51.54746604382332 ] } },
{ "type": "Feature", "properties": { "source": "hw=path_other", "target": "hw=path_bicycle=designated", "length_km": 0.1643210879933597, "osm_id": 32818296, "osm_version": 13, "valid_from": "2025-09-06T12:22:57Z", "feature_id": "32818296_13" }, "geometry": { "type": "Point", "coordinates": [ 12.416549438355645, 51.153640637792151 ] } },
{ "type": "Feature", "properties": { "source": "hw=secondary_other", "target": "cw=track", "length_km": 0.10154494695097348, "osm_id": 34132634, "osm_version": 14, "valid_from": "2025-08-19T16:17:28Z", "feature_id": "34132634_14" }, "geometry": { "type": "Point", "coordinates": [ 8.411549921891636, 51.892241158910508 ] } },
{ "type": "Feature", "properties": { "source": "hw=track_other", "target": "hw=track_bicycle=designated", "length_km": 0.2330771298099851, "osm_id": 35352706, "osm_version": 6, "valid_from": "2025-11-16T14:51:20Z", "feature_id": "35352706_6" }, "geometry": { "type": "Point", "coordinates": [ 10.320635854117532, 49.176172444135389 ] } },
{ "type": "Feature", "properties": { "source": "hw=track_other", "target": "hw=path_bicycle=designated", "length_km": 1.0326761712093606, "osm_id": 37040011, "osm_version": 18, "valid_from": "2025-11-08T12:10:56Z", "feature_id": "37040011_18" }, "geometry": { "type": "Point", "coordinates": [ 11.684759004643043, 51.487903458672896 ] } },
{ "type": "Feature", "properties": { "source": "hw=footway_other", "target": "hw=path_bicycle=designated", "length_km": 0.22590061592633331, "osm_id": 38079220, "osm_version": 8, "valid_from": "2025-11-03T18:29:32Z", "feature_id": "38079220_8" }, "geometry": { "type": "Point", "coordinates": [ 10.72430865439097, 53.372762868054537 ] } },
{ "type": "Feature", "properties": { "source": "hw=cycleway", "target": "hw=path_bicycle=designated", "length_km": 0.4908875829723125, "osm_id": 38143099, "osm_version": 15, "valid_from": "2025-11-08T12:10:56Z", "feature_id": "38143099_15" }, "geometry": { "type": "Point", "coordinates": [ 11.694802203010283, 51.486711201100498 ] } },
{ "type": "Feature", "properties": { "source": "hw=tertiary_other", "target": "cw=track", "length_km": 0.058586337517169657, "osm_id": 38290115, "osm_version": 6, "valid_from": "2025-09-07T10:10:12Z", "feature_id": "38290115_6" }, "geometry": { "type": "Point", "coordinates": [ 7.462108777021837, 50.430531997081808 ] } },
{ "type": "Feature", "properties": { "source": "hw=tertiary_other", "target": "cw=track", "length_km": 0.0089159125649831729, "osm_id": 38290116, "osm_version": 6, "valid_from": "2025-09-07T10:10:12Z", "feature_id": "38290116_6" }, "geometry": { "type": "Point", "coordinates": [ 7.462352624915201, 50.430273962717898 ] } },
{ "type": "Feature", "properties": { "source": "hw=footway_other", "target": "hw=path_bicycle=designated", "length_km": 0.011628224129509809, "osm_id": 39180899, "osm_version": 7, "valid_from": "2025-11-03T18:29:32Z", "feature_id": "39180899_7" }, "geometry": { "type": "Point", "coordinates": [ 10.724975191883919, 53.373900406123077 ] } },
{ "type": "Feature", "properties": { "source": "hw=residential_other", "target": "cw=lane", "length_km": 0.023819294231841578, "osm_id": 39226732, "osm_version": 15, "valid_from": "2025-09-25T07:52:02Z", "feature_id": "39226732_15" }, "geometry": { "type": "Point", "coordinates": [ 8.614578733087345, 50.221539492439739 ] } },
{ "type": "Feature", "properties": { "source": "hw=residential_other", "target": "cw=lane", "length_km": 0.044649723971055821, "osm_id": 39226733, "osm_version": 16, "valid_from": "2025-09-25T07:52:02Z", "feature_id": "39226733_16" }, "geometry": { "type": "Point", "coordinates": [ 8.614388878608137, 50.221732483794895 ] } },
{ "type": "Feature", "properties": { "source": "cw=lane", "target": "cw=track", "length_km": 0.58373882446576764, "osm_id": 41755769, "osm_version": 17, "valid_from": "2025-08-19T16:17:28Z", "feature_id": "41755769_17" }, "geometry": { "type": "Point", "coordinates": [ 8.416474692792558, 51.88896882068115 ] } },
{ "type": "Feature", "properties": { "source": "hw=track_other", "target": "hw=track_bicycle=designated", "length_km": 0.27062902042465969, "osm_id": 42918129, "osm_version": 13, "valid_from": "2025-09-06T19:03:43Z", "feature_id": "42918129_13" }, "geometry": { "type": "Point", "coordinates": [ 9.214944337377055, 49.189030863251986 ] } },
{ "type": "Feature", "properties": { "source": "hw=primary_other", "target": "cw=track", "length_km": 0.18843350358475047, "osm_id": 44449238, "osm_version": 9, "valid_from": "2025-09-07T16:58:54Z", "feature_id": "44449238_9" }, "geometry": { "type": "Point", "coordinates": [ 6.560278587660755, 51.324148046439205 ] } },
{ "type": "Feature", "properties": { "source": "hw=primary_other", "target": "cw=lane", "length_km": 0.052934512753502118, "osm_id": 45422448, "osm_version": 12, "valid_from": "2025-09-20T09:16:47Z", "feature_id": "45422448_12" }, "geometry": { "type": "Point", "coordinates": [ 7.108736528015593, 51.51695128255551 ] } },
{ "type": "Feature", "properties": { "source": "hw=tertiary_other", "target": "cw=track", "length_km": 0.079491228083728535, "osm_id": 47910886, "osm_version": 8, "valid_from": "2025-09-07T10:10:12Z", "feature_id": "47910886_8" }, "geometry": { "type": "Point", "coordinates": [ 7.466186432630985, 50.426390157871246 ] } },
{ "type": "Feature", "properties": { "source": "hw=primary_other", "target": "cw=track", "length_km": 0.062282041986638087, "osm_id": 48961273, "osm_version": 16, "valid_from": "2025-09-22T13:04:46Z", "feature_id": "48961273_16" }, "geometry": { "type": "Point", "coordinates": [ 10.377558902262585, 53.812018510044048 ] } },
{ "type": "Feature", "properties": { "source": "hw=residential_other", "target": "hw=cycleway", "length_km": 0.29091404693275952, "osm_id": 53836235, "osm_version": 24, "valid_from": "2025-10-24T19:02:38Z", "feature_id": "53836235_24" }, "geometry": { "type": "Point", "coordinates": [ 8.52012398590618, 49.511040495480763 ] } },
{ "type": "Feature", "properties": { "source": "hw=track_other", "target": "hw=path_bicycle=designated", "length_km": 0.47616364380932419, "osm_id": 58672741, "osm_version": 7, "valid_from": "2025-12-04T14:14:23Z", "feature_id": "58672741_7" }, "geometry": { "type": "Point", "coordinates": [ 9.718528536190599, 49.093304393960089 ] } },
{ "type": "Feature", "properties": { "source": "hw=footway_bicycle=yes", "target": "hw=path_bicycle=designated", "length_km": 0.28806486425210731, "osm_id": 62233561, "osm_version": 10, "valid_from": "2025-09-22T17:02:16Z", "feature_id": "62233561_10" }, "geometry": { "type": "Point", "coordinates": [ 13.393766932316959, 52.570500169436251 ] } },
{ "type": "Feature", "properties": { "source": "hw=secondary_other", "target": "cw=track", "length_km": 0.049550156081618432, "osm_id": 71710510, "osm_version": 8, "valid_from": "2025-08-18T09:31:47Z", "feature_id": "71710510_8" }, "geometry": { "type": "Point", "coordinates": [ 6.955350252462249, 51.561145507274119 ] } },
{ "type": "Feature", "properties": { "source": "hw=path_other", "target": "hw=path_bicycle=designated", "length_km": 0.16706375750902089, "osm_id": 72839280, "osm_version": 28, "valid_from": "2025-09-06T09:34:39Z", "feature_id": "72839280_28" }, "geometry": { "type": "Point", "coordinates": [ 11.855141137225505, 51.154043543557897 ] } },
{ "type": "Feature", "properties": { "source": "hw=footway_other", "target": "hw=path_bicycle=designated", "length_km": 0.30901639358847954, "osm_id": 84463220, "osm_version": 5, "valid_from": "2025-09-21T11:54:54Z", "feature_id": "84463220_5" }, "geometry": { "type": "Point", "coordinates": [ 9.99514062452508, 48.890098383458678 ] } },
{ "type": "Feature", "properties": { "source": "hw=footway_other", "target": "hw=cycleway", "length_km": 0.24962666284043933, "osm_id": 84788771, "osm_version": 6, "valid_from": "2025-10-11T10:00:08Z", "feature_id": "84788771_6" }, "geometry": { "type": "Point", "coordinates": [ 9.331636677535512, 48.804354370501592 ] } },
{ "type": "Feature", "properties": { "source": "hw=footway_other", "target": "hw=path_bicycle=designated", "length_km": 0.26537999904435267, "osm_id": 86069971, "osm_version": 14, "valid_from": "2025-09-29T08:41:34Z", "feature_id": "86069971_14" }, "geometry": { "type": "Point", "coordinates": [ 8.50166689284036, 49.503971825159489 ] } },
{ "type": "Feature", "properties": { "source": "hw=track_other", "target": "hw=track_bicycle=designated", "length_km": 0.01313254335638471, "osm_id": 88306317, "osm_version": 6, "valid_from": "2025-09-06T19:03:43Z", "feature_id": "88306317_6" }, "geometry": { "type": "Point", "coordinates": [ 9.21371675, 49.18976345 ] } },
{ "type": "Feature", "properties": { "source": "hw=footway_other", "target": "hw=path_bicycle=designated", "length_km": 1.640874484920255, "osm_id": 93090065, "osm_version": 19, "valid_from": "2025-09-15T06:47:25Z", "feature_id": "93090065_19" }, "geometry": { "type": "Point", "coordinates": [ 11.84722594057973, 50.893954752879459 ] } },
{ "type": "Feature", "properties": { "source": "hw=track_other", "target": "hw=track_bicycle=designated", "length_km": 0.40740466433033667, "osm_id": 95406831, "osm_version": 3, "valid_from": "2025-12-05T19:00:51Z", "feature_id": "95406831_3" }, "geometry": { "type": "Point", "coordinates": [ 10.659552873886483, 49.182505028463417 ] } },
{ "type": "Feature", "properties": { "source": "hw=tertiary_other", "target": "cw=lane", "length_km": 0.41166716825432254, "osm_id": 105269416, "osm_version": 15, "valid_from": "2025-09-16T09:50:57Z", "feature_id": "105269416_15" }, "geometry": { "type": "Point", "coordinates": [ 6.730240488870949, 51.543648824513809 ] } },
{ "type": "Feature", "properties": { "source": "hw=footway_bicycle=yes", "target": "hw=path_bicycle=designated", "length_km": 0.040080156155605659, "osm_id": 113799059, "osm_version": 6, "valid_from": "2025-10-26T13:24:51Z", "feature_id": "113799059_6" }, "geometry": { "type": "Point", "coordinates": [ 7.769861284759947, 49.447647426638724 ] } },
{ "type": "Feature", "properties": { "source": "hw=tertiary_other", "target": "cw=track", "length_km": 0.090780315877317622, "osm_id": 124008689, "osm_version": 7, "valid_from": "2025-10-28T12:18:55Z", "feature_id": "124008689_7" }, "geometry": { "type": "Point", "coordinates": [ 11.179853596198022, 53.861713803267882 ] } },
{ "type": "Feature", "properties": { "source": "hw=track_other", "target": "hw=path_bicycle=designated", "length_km": 0.60903006413683103, "osm_id": 132105790, "osm_version": 28, "valid_from": "2025-09-06T09:34:39Z", "feature_id": "132105790_28" }, "geometry": { "type": "Point", "coordinates": [ 11.859484779594952, 51.155661182046558 ] } },
{ "type": "Feature", "properties": { "source": "hw=tertiary_other", "target": "cw=track", "length_km": 0.02398222078390198, "osm_id": 144318649, "osm_version": 7, "valid_from": "2025-09-07T10:10:12Z", "feature_id": "144318649_7" }, "geometry": { "type": "Point", "coordinates": [ 7.4665836, 50.4260012 ] } },
{ "type": "Feature", "properties": { "source": "hw=primary_other", "target": "cw=lane", "length_km": 0.49341053079035524, "osm_id": 145991498, "osm_version": 9, "valid_from": "2025-09-20T09:16:47Z", "feature_id": "145991498_9" }, "geometry": { "type": "Point", "coordinates": [ 7.108441626129258, 51.507966792569945 ] } },
{ "type": "Feature", "properties": { "source": "hw=tertiary_other", "target": "cw=lane", "length_km": 0.031947282123733246, "osm_id": 146496422, "osm_version": 11, "valid_from": "2025-11-15T19:31:12Z", "feature_id": "146496422_11" }, "geometry": { "type": "Point", "coordinates": [ 7.102479298234652, 51.51034769836177 ] } },
{ "type": "Feature", "properties": { "source": "hw=tertiary_other", "target": "cw=lane", "length_km": 0.50683806770358508, "osm_id": 146496429, "osm_version": 12, "valid_from": "2025-11-15T19:31:12Z", "feature_id": "146496429_12" }, "geometry": { "type": "Point", "coordinates": [ 7.102426983625929, 51.512741837658375 ] } },
{ "type": "Feature", "properties": { "source": "hw=tertiary_other", "target": "cw=lane", "length_km": 0.053405249060022281, "osm_id": 146496439, "osm_version": 9, "valid_from": "2025-11-15T19:31:12Z", "feature_id": "146496439_9" }, "geometry": { "type": "Point", "coordinates": [ 7.101978158135698, 51.510069866560876 ] } },
{ "type": "Feature", "properties": { "source": "hw=tertiary_other", "target": "cw=lane", "length_km": 0.0280444674379451, "osm_id": 146496446, "osm_version": 9, "valid_from": "2025-11-15T19:31:12Z", "feature_id": "146496446_9" }, "geometry": { "type": "Point", "coordinates": [ 7.101863517339132, 51.509980282030725 ] } },
{ "type": "Feature", "properties": { "source": "hw=secondary_other", "target": "cw=lane", "length_km": 0.024702975099835406, "osm_id": 147014669, "osm_version": 9, "valid_from": "2025-08-22T20:20:12Z", "feature_id": "147014669_9" }, "geometry": { "type": "Point", "coordinates": [ 7.056521009913831, 51.577983490812016 ] } },
{ "type": "Feature", "properties": { "source": "hw=secondary_other", "target": "cw=lane", "length_km": 0.10702816744208167, "osm_id": 147014671, "osm_version": 11, "valid_from": "2025-08-22T20:20:12Z", "feature_id": "147014671_11" }, "geometry": { "type": "Point", "coordinates": [ 7.056703395932266, 51.577264053808186 ] } },
{ "type": "Feature", "properties": { "source": "hw=secondary_other", "target": "cw=lane", "length_km": 0.14761516873943806, "osm_id": 147014672, "osm_version": 10, "valid_from": "2025-08-22T20:20:12Z", "feature_id": "147014672_10" }, "geometry": { "type": "Point", "coordinates": [ 7.057042380130353, 51.577073224427288 ] } },
{ "type": "Feature", "properties": { "source": "hw=secondary_other", "target": "cw=lane", "length_km": 0.016114561567234332, "osm_id": 147019317, "osm_version": 6, "valid_from": "2025-08-22T20:20:12Z", "feature_id": "147019317_6" }, "geometry": { "type": "Point", "coordinates": [ 7.0524126, 51.58202275 ] } },
{ "type": "Feature", "properties": { "source": "hw=secondary_other", "target": "cw=lane", "length_km": 0.046609571696885739, "osm_id": 147019319, "osm_version": 6, "valid_from": "2025-08-22T20:20:12Z", "feature_id": "147019319_6" }, "geometry": { "type": "Point", "coordinates": [ 7.051855687165008, 51.582078322441973 ] } },
{ "type": "Feature", "properties": { "source": "hw=tertiary_other", "target": "cw=track", "length_km": 0.51050348667328016, "osm_id": 147446010, "osm_version": 3, "valid_from": "2025-11-15T20:26:45Z", "feature_id": "147446010_3" }, "geometry": { "type": "Point", "coordinates": [ 7.036607124132847, 51.553746760433107 ] } },
{ "type": "Feature", "properties": { "source": "hw=tertiary_other", "target": "cw=track", "length_km": 0.41324507863476329, "osm_id": 148728315, "osm_version": 12, "valid_from": "2025-11-16T15:06:53Z", "feature_id": "148728315_12" }, "geometry": { "type": "Point", "coordinates": [ 7.129164536485188, 51.504933935953197 ] } },
{ "type": "Feature", "properties": { "source": "hw=residential_other", "target": "cw=lane", "length_km": 0.017763450571099456, "osm_id": 150617546, "osm_version": 14, "valid_from": "2025-09-25T07:52:02Z", "feature_id": "150617546_14" }, "geometry": { "type": "Point", "coordinates": [ 8.614785626769301, 50.221369365857797 ] } },
{ "type": "Feature", "properties": { "source": "hw=path_other", "target": "hw=path_bicycle=designated", "length_km": 0.49190657955131006, "osm_id": 157759382, "osm_version": 15, "valid_from": "2025-10-23T13:52:08Z", "feature_id": "157759382_15" }, "geometry": { "type": "Point", "coordinates": [ 9.78535333967158, 48.403721954619257 ] } },
{ "type": "Feature", "properties": { "source": "hw=track_other", "target": "hw=track_bicycle=designated", "length_km": 0.33827753653866588, "osm_id": 163071621, "osm_version": 4, "valid_from": "2025-11-16T14:51:20Z", "feature_id": "163071621_4" }, "geometry": { "type": "Point", "coordinates": [ 10.317408099014292, 49.1803045376273 ] } },
{ "type": "Feature", "properties": { "source": "hw=track_other", "target": "hw=path_bicycle=designated", "length_km": 0.046895102829403561, "osm_id": 164842305, "osm_version": 7, "valid_from": "2025-11-08T12:10:56Z", "feature_id": "164842305_7" }, "geometry": { "type": "Point", "coordinates": [ 11.691283341602782, 51.486641491587271 ] } },
{ "type": "Feature", "properties": { "source": "hw=path_other", "target": "hw=path_bicycle=designated", "length_km": 0.012667722629891633, "osm_id": 166611529, "osm_version": 7, "valid_from": "2025-11-08T16:24:33Z", "feature_id": "166611529_7" }, "geometry": { "type": "Point", "coordinates": [ 11.13044515, 51.7465867 ] } },
{ "type": "Feature", "properties": { "source": "hw=primary_other", "target": "cw=lane", "length_km": 0.1266324386799263, "osm_id": 171826985, "osm_version": 23, "valid_from": "2025-10-26T09:31:42Z", "feature_id": "171826985_23" }, "geometry": { "type": "Point", "coordinates": [ 13.405540473651326, 52.52051435178619 ] } },
{ "type": "Feature", "properties": { "source": "hw=path_other", "target": "hw=path_bicycle=designated", "length_km": 1.1618807046603463, "osm_id": 173228877, "osm_version": 4, "valid_from": "2025-08-08T07:58:30Z", "feature_id": "173228877_4" }, "geometry": { "type": "Point", "coordinates": [ 10.306347485822293, 48.491275551454834 ] } },
{ "type": "Feature", "properties": { "source": "hw=footway_bicycle=yes", "target": "hw=path_bicycle=designated", "length_km": 0.043639264889572746, "osm_id": 180169530, "osm_version": 6, "valid_from": "2025-09-08T18:28:11Z", "feature_id": "180169530_6" }, "geometry": { "type": "Point", "coordinates": [ 9.113816654805637, 49.233003758328323 ] } },
{ "type": "Feature", "properties": { "source": "hw=track_other", "target": "hw=path_bicycle=designated", "length_km": 1.5881998881722643, "osm_id": 194671851, "osm_version": 16, "valid_from": "2025-09-21T09:05:44Z", "feature_id": "194671851_16" }, "geometry": { "type": "Point", "coordinates": [ 7.717356256588483, 48.252733057021544 ] } },
{ "type": "Feature", "properties": { "source": "hw=path_other", "target": "hw=path_bicycle=designated", "length_km": 0.16787891258614548, "osm_id": 194787119, "osm_version": 6, "valid_from": "2025-09-06T11:08:16Z", "feature_id": "194787119_6" }, "geometry": { "type": "Point", "coordinates": [ 10.586853017900612, 53.079262335438791 ] } },
{ "type": "Feature", "properties": { "source": "hw=cycleway", "target": "hw=path_bicycle=designated", "length_km": 0.085635036749571472, "osm_id": 194946489, "osm_version": 3, "valid_from": "2025-11-08T16:19:15Z", "feature_id": "194946489_3" }, "geometry": { "type": "Point", "coordinates": [ 10.150838011444494, 51.696764854526457 ] } },
{ "type": "Feature", "properties": { "source": "hw=footway_bicycle=yes", "target": "hw=path_bicycle=designated", "length_km": 0.053285451747912126, "osm_id": 196503456, "osm_version": 4, "valid_from": "2025-10-24T18:55:00Z", "feature_id": "196503456_4" }, "geometry": { "type": "Point", "coordinates": [ 8.474973251225705, 50.180446526770879 ] } },
{ "type": "Feature", "properties": { "source": "hw=footway_other", "target": "hw=path_bicycle=designated", "length_km": 0.28362799536775718, "osm_id": 209235303, "osm_version": 15, "valid_from": "2025-09-20T08:28:30Z", "feature_id": "209235303_15" }, "geometry": { "type": "Point", "coordinates": [ 8.554860193965528, 50.10201234532574 ] } },
{ "type": "Feature", "properties": { "source": "hw=path_other", "target": "hw=path_bicycle=designated", "length_km": 0.21576277929358018, "osm_id": 231671437, "osm_version": 10, "valid_from": "2025-09-06T11:08:16Z", "feature_id": "231671437_10" }, "geometry": { "type": "Point", "coordinates": [ 10.589723142200876, 53.079419872981248 ] } },
{ "type": "Feature", "properties": { "source": "hw=path_other", "target": "hw=path_bicycle=designated", "length_km": 0.29966830822676244, "osm_id": 233173073, "osm_version": 12, "valid_from": "2025-09-06T09:34:39Z", "feature_id": "233173073_12" }, "geometry": { "type": "Point", "coordinates": [ 11.862969310164535, 51.159609226465442 ] } },
{ "type": "Feature", "properties": { "source": "hw=path_other", "target": "hw=path_bicycle=designated", "length_km": 0.45401821657392649, "osm_id": 234972936, "osm_version": 2, "valid_from": "2025-09-06T10:38:34Z", "feature_id": "234972936_2" }, "geometry": { "type": "Point", "coordinates": [ 10.589718995038815, 53.091022570779749 ] } },
{ "type": "Feature", "properties": { "source": "hw=path_other", "target": "hw=path_bicycle=designated", "length_km": 0.1300288829619802, "osm_id": 234972943, "osm_version": 2, "valid_from": "2025-09-06T10:38:34Z", "feature_id": "234972943_2" }, "geometry": { "type": "Point", "coordinates": [ 10.59149345, 53.09329245 ] } },
{ "type": "Feature", "properties": { "source": "hw=path_other", "target": "hw=path_bicycle=designated", "length_km": 0.84676141409894401, "osm_id": 239811355, "osm_version": 10, "valid_from": "2025-09-16T09:50:57Z", "feature_id": "239811355_10" }, "geometry": { "type": "Point", "coordinates": [ 6.729975193870385, 51.54662442539032 ] } },
{ "type": "Feature", "properties": { "source": "hw=path_other", "target": "hw=path_bicycle=designated", "length_km": 0.12506556244376449, "osm_id": 250236375, "osm_version": 4, "valid_from": "2025-09-06T11:08:16Z", "feature_id": "250236375_4" }, "geometry": { "type": "Point", "coordinates": [ 10.587355562515329, 53.079051251493539 ] } },
{ "type": "Feature", "properties": { "source": "hw=footway_other", "target": "hw=path_bicycle=designated", "length_km": 0.016558363585066384, "osm_id": 250522654, "osm_version": 3, "valid_from": "2025-10-24T18:55:00Z", "feature_id": "250522654_3" }, "geometry": { "type": "Point", "coordinates": [ 8.47409295, 50.18002675 ] } },
{ "type": "Feature", "properties": { "source": "hw=tertiary_other", "target": "cw=track", "length_km": 0.1084017363960737, "osm_id": 260027956, "osm_version": 8, "valid_from": "2025-11-07T11:54:29Z", "feature_id": "260027956_8" }, "geometry": { "type": "Point", "coordinates": [ 12.169312018842545, 52.406321296717522 ] } },
{ "type": "Feature", "properties": { "source": "hw=footway_other", "target": "hw=path_bicycle=designated", "length_km": 0.01311740552656753, "osm_id": 279568735, "osm_version": 2, "valid_from": "2025-10-19T09:51:21Z", "feature_id": "279568735_2" }, "geometry": { "type": "Point", "coordinates": [ 12.494613187630851, 51.125626023352233 ] } },
{ "type": "Feature", "properties": { "source": "hw=tertiary_other", "target": "cw=lane", "length_km": 0.03161756286718849, "osm_id": 305732881, "osm_version": 17, "valid_from": "2025-10-26T09:34:06Z", "feature_id": "305732881_17" }, "geometry": { "type": "Point", "coordinates": [ 13.3793074335379, 52.540106224490394 ] } },
{ "type": "Feature", "properties": { "source": "hw=footway_other", "target": "hw=path_bicycle=designated", "length_km": 0.16440769451564557, "osm_id": 307244762, "osm_version": 5, "valid_from": "2025-10-20T16:11:57Z", "feature_id": "307244762_5" }, "geometry": { "type": "Point", "coordinates": [ 12.317372108661111, 51.531454004482846 ] } },
{ "type": "Feature", "properties": { "source": "hw=secondary_other", "target": "cw=track", "length_km": 0.51366366079792114, "osm_id": 323832401, "osm_version": 7, "valid_from": "2025-08-18T09:31:47Z", "feature_id": "323832401_7" }, "geometry": { "type": "Point", "coordinates": [ 6.951743139389029, 51.560204619244139 ] } },
{ "type": "Feature", "properties": { "source": "hw=secondary_other", "target": "cw=lane", "length_km": 0.25704105764013541, "osm_id": 327802390, "osm_version": 9, "valid_from": "2025-08-22T20:20:12Z", "feature_id": "327802390_9" }, "geometry": { "type": "Point", "coordinates": [ 7.054979803784259, 51.579434224005801 ] } },
{ "type": "Feature", "properties": { "source": "hw=path_other", "target": "hw=path_bicycle=designated", "length_km": 0.63207419207093563, "osm_id": 339589463, "osm_version": 3, "valid_from": "2025-08-17T15:30:02Z", "feature_id": "339589463_3" }, "geometry": { "type": "Point", "coordinates": [ 10.462221640246558, 52.647849766707481 ] } },
{ "type": "Feature", "properties": { "source": "hw=residential_other", "target": "cw=lane", "length_km": 0.035372074813367425, "osm_id": 366613605, "osm_version": 11, "valid_from": "2025-09-25T07:52:02Z", "feature_id": "366613605_11" }, "geometry": { "type": "Point", "coordinates": [ 8.615130056031422, 50.221591676866595 ] } },
{ "type": "Feature", "properties": { "source": "hw=tertiary_other", "target": "cw=track", "length_km": 0.43922799045348615, "osm_id": 370541167, "osm_version": 5, "valid_from": "2025-09-07T12:53:56Z", "feature_id": "370541167_5" }, "geometry": { "type": "Point", "coordinates": [ 6.156017654513486, 51.685336495543062 ] } },
{ "type": "Feature", "properties": { "source": "hw=path_other", "target": "hw=path_bicycle=designated", "length_km": 0.82177875952219004, "osm_id": 375109131, "osm_version": 4, "valid_from": "2025-12-10T17:25:03Z", "feature_id": "375109131_4" }, "geometry": { "type": "Point", "coordinates": [ 14.252199766831417, 51.824175107037391 ] } },
{ "type": "Feature", "properties": { "source": "hw=secondary_other", "target": "cw=lane", "length_km": 0.011622726932834979, "osm_id": 379643019, "osm_version": 4, "valid_from": "2025-08-22T20:20:12Z", "feature_id": "379643019_4" }, "geometry": { "type": "Point", "coordinates": [ 7.0573806, 51.57624705 ] } },
{ "type": "Feature", "properties": { "source": "hw=secondary_other", "target": "cw=track", "length_km": 0.089489107603139273, "osm_id": 393046144, "osm_version": 6, "valid_from": "2025-09-06T11:08:16Z", "feature_id": "393046144_6" }, "geometry": { "type": "Point", "coordinates": [ 10.585977, 53.0785303 ] } },
{ "type": "Feature", "properties": { "source": "hw=secondary_other", "target": "cw=track", "length_km": 0.43518972630705349, "osm_id": 393652314, "osm_version": 10, "valid_from": "2025-08-19T16:17:28Z", "feature_id": "393652314_10" }, "geometry": { "type": "Point", "coordinates": [ 8.408153539603795, 51.895244547812247 ] } },
{ "type": "Feature", "properties": { "source": "hw=secondary_other", "target": "cw=track", "length_km": 0.14508866674431958, "osm_id": 393658201, "osm_version": 9, "valid_from": "2025-08-19T16:17:28Z", "feature_id": "393658201_9" }, "geometry": { "type": "Point", "coordinates": [ 8.41275715, 51.8914228 ] } },
{ "type": "Feature", "properties": { "source": "hw=path_other", "target": "hw=path_bicycle=designated", "length_km": 0.19206970018903374, "osm_id": 400330133, "osm_version": 4, "valid_from": "2025-09-15T16:14:39Z", "feature_id": "400330133_4" }, "geometry": { "type": "Point", "coordinates": [ 8.592901217782869, 50.871293281810637 ] } },
{ "type": "Feature", "properties": { "source": "hw=path_other", "target": "hw=path_bicycle=designated", "length_km": 0.0094211234068579345, "osm_id": 401600779, "osm_version": 3, "valid_from": "2025-09-15T16:14:39Z", "feature_id": "401600779_3" }, "geometry": { "type": "Point", "coordinates": [ 8.593699602048012, 50.871993107005338 ] } },
{ "type": "Feature", "properties": { "source": "hw=residential_other", "target": "cw=lane", "length_km": 0.03611413029415219, "osm_id": 426853114, "osm_version": 6, "valid_from": "2025-09-25T07:52:02Z", "feature_id": "426853114_6" }, "geometry": { "type": "Point", "coordinates": [ 8.61468855, 50.22055455 ] } },
{ "type": "Feature", "properties": { "source": "hw=secondary_other", "target": "cw=track", "length_km": 0.083598946413403458, "osm_id": 435631432, "osm_version": 9, "valid_from": "2025-08-19T16:17:28Z", "feature_id": "435631432_9" }, "geometry": { "type": "Point", "coordinates": [ 8.410671719430306, 51.892866841224048 ] } },
{ "type": "Feature", "properties": { "source": "hw=service_other", "target": "hw=path_bicycle=designated", "length_km": 0.051952816299340482, "osm_id": 440723094, "osm_version": 2, "valid_from": "2025-08-23T08:00:53Z", "feature_id": "440723094_2" }, "geometry": { "type": "Point", "coordinates": [ 12.181709026095779, 50.624414043537939 ] } },
{ "type": "Feature", "properties": { "source": "hw=primary_other", "target": "cw=track", "length_km": 0.087116031469396088, "osm_id": 445322943, "osm_version": 7, "valid_from": "2025-10-20T12:59:07Z", "feature_id": "445322943_7" }, "geometry": { "type": "Point", "coordinates": [ 9.084048928686792, 54.194507014529819 ] } },
{ "type": "Feature", "properties": { "source": "hw=path_other", "target": "hw=path_bicycle=designated", "length_km": 0.81150481013502429, "osm_id": 472813259, "osm_version": 11, "valid_from": "2025-09-06T09:34:39Z", "feature_id": "472813259_11" }, "geometry": { "type": "Point", "coordinates": [ 11.848229574843495, 51.153497090424615 ] } },
{ "type": "Feature", "properties": { "source": "hw=secondary_other", "target": "cw=lane", "length_km": 0.04147047358276551, "osm_id": 478922091, "osm_version": 5, "valid_from": "2025-08-22T20:20:12Z", "feature_id": "478922091_5" }, "geometry": { "type": "Point", "coordinates": [ 7.056214416956557, 51.577974529155924 ] } },
{ "type": "Feature", "properties": { "source": "hw=residential_other", "target": "cw=lane", "length_km": 0.028774281807869548, "osm_id": 489077487, "osm_version": 7, "valid_from": "2025-09-25T07:52:02Z", "feature_id": "489077487_7" }, "geometry": { "type": "Point", "coordinates": [ 8.614686567438021, 50.220253597911501 ] } },
{ "type": "Feature", "properties": { "source": "hw=track_other", "target": "hw=track_bicycle=designated", "length_km": 0.12944296880441708, "osm_id": 490479416, "osm_version": 3, "valid_from": "2025-09-21T09:05:44Z", "feature_id": "490479416_3" }, "geometry": { "type": "Point", "coordinates": [ 7.715451283791495, 48.244501858218264 ] } },
{ "type": "Feature", "properties": { "source": "hw=tertiary_other", "target": "cw=track", "length_km": 0.047379092194089485, "osm_id": 527070581, "osm_version": 3, "valid_from": "2025-09-07T16:30:27Z", "feature_id": "527070581_3" }, "geometry": { "type": "Point", "coordinates": [ 7.006044149020279, 52.076346121067303 ] } },
{ "type": "Feature", "properties": { "source": "hw=residential_other", "target": "cw=lane", "length_km": 0.047577718630957104, "osm_id": 566415297, "osm_version": 5, "valid_from": "2025-09-21T11:40:27Z", "feature_id": "566415297_5" }, "geometry": { "type": "Point", "coordinates": [ 6.6236176, 51.64975745 ] } },
{ "type": "Feature", "properties": { "source": "hw=primary_other", "target": "cw=lane", "length_km": 0.22630869132097658, "osm_id": 624388832, "osm_version": 6, "valid_from": "2025-09-20T09:16:47Z", "feature_id": "624388832_6" }, "geometry": { "type": "Point", "coordinates": [ 7.108107816678508, 51.518144085452704 ] } },
{ "type": "Feature", "properties": { "source": "hw=primary_other", "target": "cw=lane", "length_km": 0.20609834925085907, "osm_id": 624388864, "osm_version": 4, "valid_from": "2025-09-20T09:16:47Z", "feature_id": "624388864_4" }, "geometry": { "type": "Point", "coordinates": [ 7.107547637220015, 51.507734822535525 ] } },
{ "type": "Feature", "properties": { "source": "hw=secondary_other", "target": "cw=track", "length_km": 0.074448754387674551, "osm_id": 637915050, "osm_version": 2, "valid_from": "2025-08-22T15:22:14Z", "feature_id": "637915050_2" }, "geometry": { "type": "Point", "coordinates": [ 7.05004444637532, 51.58701090562689 ] } },
{ "type": "Feature", "properties": { "source": "hw=secondary_other", "target": "cw=lane", "length_km": 0.029469665135923966, "osm_id": 639070627, "osm_version": 5, "valid_from": "2025-08-22T20:20:12Z", "feature_id": "639070627_5" }, "geometry": { "type": "Point", "coordinates": [ 7.057275566521101, 51.576417099017213 ] } },
{ "type": "Feature", "properties": { "source": "hw=secondary_other", "target": "cw=lane", "length_km": 0.034110250253795167, "osm_id": 639070628, "osm_version": 3, "valid_from": "2025-08-22T20:20:12Z", "feature_id": "639070628_3" }, "geometry": { "type": "Point", "coordinates": [ 7.0571032, 51.5766834 ] } },
{ "type": "Feature", "properties": { "source": "hw=secondary_other", "target": "cw=lane", "length_km": 0.032849844007179163, "osm_id": 639070629, "osm_version": 3, "valid_from": "2025-08-22T20:20:12Z", "feature_id": "639070629_3" }, "geometry": { "type": "Point", "coordinates": [ 7.0559473, 51.5782614 ] } },
{ "type": "Feature", "properties": { "source": "hw=secondary_other", "target": "cw=lane", "length_km": 0.010884401171327341, "osm_id": 639070630, "osm_version": 3, "valid_from": "2025-08-22T20:20:12Z", "feature_id": "639070630_3" }, "geometry": { "type": "Point", "coordinates": [ 7.05638895, 51.5781179 ] } },
{ "type": "Feature", "properties": { "source": "hw=secondary_other", "target": "cw=track", "length_km": 0.041454143626350339, "osm_id": 653141716, "osm_version": 3, "valid_from": "2025-08-23T06:09:10Z", "feature_id": "653141716_3" }, "geometry": { "type": "Point", "coordinates": [ 6.93005465, 51.53211565 ] } },
{ "type": "Feature", "properties": { "source": "hw=path_other", "target": "hw=path_bicycle=designated", "length_km": 0.27603822390441007, "osm_id": 665248656, "osm_version": 3, "valid_from": "2025-08-23T11:20:03Z", "feature_id": "665248656_3" }, "geometry": { "type": "Point", "coordinates": [ 10.553670726994721, 52.959715001696196 ] } },
{ "type": "Feature", "properties": { "source": "hw=path_other", "target": "hw=path_bicycle=designated", "length_km": 0.49171652022410695, "osm_id": 666372540, "osm_version": 7, "valid_from": "2025-11-08T17:04:22Z", "feature_id": "666372540_7" }, "geometry": { "type": "Point", "coordinates": [ 12.160241133480826, 51.032432745055509 ] } },
{ "type": "Feature", "properties": { "source": "hw=tertiary_other", "target": "cw=lane", "length_km": 0.12804837950841713, "osm_id": 758945346, "osm_version": 3, "valid_from": "2025-09-06T10:26:42Z", "feature_id": "758945346_3" }, "geometry": { "type": "Point", "coordinates": [ 11.951491985348726, 51.449643859267567 ] } },
{ "type": "Feature", "properties": { "source": "hw=footway_other", "target": "hw=path_bicycle=designated", "length_km": 0.043198335877495227, "osm_id": 784846615, "osm_version": 2, "valid_from": "2025-09-11T10:27:57Z", "feature_id": "784846615_2" }, "geometry": { "type": "Point", "coordinates": [ 10.945561860032329, 51.231552483513454 ] } },
{ "type": "Feature", "properties": { "source": "hw=path_other", "target": "hw=path_bicycle=designated", "length_km": 0.010632579698197439, "osm_id": 865583377, "osm_version": 2, "valid_from": "2025-10-23T13:52:08Z", "feature_id": "865583377_2" }, "geometry": { "type": "Point", "coordinates": [ 9.788533384590194, 48.403949188865212 ] } },
{ "type": "Feature", "properties": { "source": "hw=primary_other", "target": "cw=lane", "length_km": 0.31694859529027075, "osm_id": 886565814, "osm_version": 6, "valid_from": "2025-11-08T16:29:06Z", "feature_id": "886565814_6" }, "geometry": { "type": "Point", "coordinates": [ 11.956658444392893, 51.195135953387854 ] } },
{ "type": "Feature", "properties": { "source": "hw=track_other", "target": "hw=path_bicycle=designated", "length_km": 0.20269698020283189, "osm_id": 945501979, "osm_version": 4, "valid_from": "2025-10-31T14:30:54Z", "feature_id": "945501979_4" }, "geometry": { "type": "Point", "coordinates": [ 8.386985518852144, 48.591463335591364 ] } },
{ "type": "Feature", "properties": { "source": "hw=residential_other", "target": "cw=lane", "length_km": 0.015353216267659854, "osm_id": 958803580, "osm_version": 2, "valid_from": "2025-11-15T19:31:12Z", "feature_id": "958803580_2" }, "geometry": { "type": "Point", "coordinates": [ 7.102457493140501, 51.510091839533708 ] } },
{ "type": "Feature", "properties": { "source": "hw=tertiary_other", "target": "cw=lane", "length_km": 0.036933250675592701, "osm_id": 996774082, "osm_version": 2, "valid_from": "2025-11-15T19:31:12Z", "feature_id": "996774082_2" }, "geometry": { "type": "Point", "coordinates": [ 7.102276910022031, 51.51006104085522 ] } },
{ "type": "Feature", "properties": { "source": "hw=primary_other", "target": "cw=lane", "length_km": 0.24002258707889942, "osm_id": 1002823167, "osm_version": 4, "valid_from": "2025-11-08T16:29:06Z", "feature_id": "1002823167_4" }, "geometry": { "type": "Point", "coordinates": [ 11.959772403275979, 51.196766843756791 ] } },
{ "type": "Feature", "properties": { "source": "hw=footway_other", "target": "hw=path_bicycle=designated", "length_km": 0.0089956619471816233, "osm_id": 1010805122, "osm_version": 2, "valid_from": "2025-11-03T18:29:32Z", "feature_id": "1010805122_2" }, "geometry": { "type": "Point", "coordinates": [ 10.72502635, 53.37398735 ] } },
{ "type": "Feature", "properties": { "source": "hw=path_other", "target": "hw=path_bicycle=designated", "length_km": 0.056027482258935557, "osm_id": 1028530555, "osm_version": 3, "valid_from": "2025-11-16T12:03:56Z", "feature_id": "1028530555_3" }, "geometry": { "type": "Point", "coordinates": [ 12.583671894291902, 49.438613627185639 ] } },
{ "type": "Feature", "properties": { "source": "hw=tertiary_other", "target": "cw=lane", "length_km": 0.20642399626080893, "osm_id": 1056236288, "osm_version": 3, "valid_from": "2025-09-06T10:26:42Z", "feature_id": "1056236288_3" }, "geometry": { "type": "Point", "coordinates": [ 11.949611227053561, 51.449675556514272 ] } },
{ "type": "Feature", "properties": { "source": "hw=tertiary_other", "target": "cw=lane", "length_km": 0.16538506450095963, "osm_id": 1056236290, "osm_version": 3, "valid_from": "2025-09-06T10:26:42Z", "feature_id": "1056236290_3" }, "geometry": { "type": "Point", "coordinates": [ 11.949411540011793, 51.449862373593895 ] } },
{ "type": "Feature", "properties": { "source": "hw=tertiary_other", "target": "cw=track", "length_km": 0.24781925394877208, "osm_id": 1075306941, "osm_version": 3, "valid_from": "2025-11-16T15:06:53Z", "feature_id": "1075306941_3" }, "geometry": { "type": "Point", "coordinates": [ 7.134301459326075, 51.50506198406601 ] } },
{ "type": "Feature", "properties": { "source": "hw=tertiary_other", "target": "cw=track", "length_km": 0.036759825355023625, "osm_id": 1075306942, "osm_version": 2, "valid_from": "2025-11-16T15:06:53Z", "feature_id": "1075306942_2" }, "geometry": { "type": "Point", "coordinates": [ 7.132280631923179, 51.505235498959003 ] } },
{ "type": "Feature", "properties": { "source": "hw=tertiary_other", "target": "cw=track", "length_km": 0.30510126037163632, "osm_id": 1096914511, "osm_version": 8, "valid_from": "2025-11-07T11:54:29Z", "feature_id": "1096914511_8" }, "geometry": { "type": "Point", "coordinates": [ 12.173868044933235, 52.402980047631459 ] } },
{ "type": "Feature", "properties": { "source": "hw=track_other", "target": "hw=path_bicycle=designated", "length_km": 0.49103720323269984, "osm_id": 1141757551, "osm_version": 6, "valid_from": "2025-12-04T14:41:06Z", "feature_id": "1141757551_6" }, "geometry": { "type": "Point", "coordinates": [ 11.620873175259515, 48.222717609558792 ] } },
{ "type": "Feature", "properties": { "source": "hw=footway_other", "target": "hw=path_bicycle=designated", "length_km": 0.44085387848447638, "osm_id": 1167794126, "osm_version": 2, "valid_from": "2025-10-31T14:56:27Z", "feature_id": "1167794126_2" }, "geometry": { "type": "Point", "coordinates": [ 14.565410650359944, 51.937777596037016 ] } },
{ "type": "Feature", "properties": { "source": "hw=track_other", "target": "hw=track_bicycle=designated", "length_km": 0.37026437098072634, "osm_id": 1169677380, "osm_version": 3, "valid_from": "2025-09-07T11:26:15Z", "feature_id": "1169677380_3" }, "geometry": { "type": "Point", "coordinates": [ 12.685805686817648, 47.812425790620061 ] } },
{ "type": "Feature", "properties": { "source": "hw=footway_other", "target": "hw=footway_bicycle=yes", "length_km": 0.04653130117340265, "osm_id": 1171774757, "osm_version": 2, "valid_from": "2025-12-05T16:42:07Z", "feature_id": "1171774757_2" }, "geometry": { "type": "Point", "coordinates": [ 10.803605812428405, 49.698680060194214 ] } },
{ "type": "Feature", "properties": { "source": "hw=track_other", "target": "hw=track_bicycle=designated", "length_km": 0.7076666997774218, "osm_id": 1192624288, "osm_version": 5, "valid_from": "2025-12-16T16:49:50Z", "feature_id": "1192624288_5" }, "geometry": { "type": "Point", "coordinates": [ 10.735748054560114, 49.326038695401955 ] } },
{ "type": "Feature", "properties": { "source": "hw=path_other", "target": "hw=footway_bicycle=yes", "length_km": 0.034415535821059433, "osm_id": 1197735682, "osm_version": 7, "valid_from": "2025-10-19T15:39:30Z", "feature_id": "1197735682_7" }, "geometry": { "type": "Point", "coordinates": [ 10.583056553723601, 53.376685763347467 ] } },
{ "type": "Feature", "properties": { "source": "hw=path_other", "target": "hw=path_bicycle=designated", "length_km": 0.16207643947056866, "osm_id": 1212376558, "osm_version": 2, "valid_from": "2025-08-23T11:20:03Z", "feature_id": "1212376558_2" }, "geometry": { "type": "Point", "coordinates": [ 10.548162069732291, 52.952873356771512 ] } },
{ "type": "Feature", "properties": { "source": "hw=path_other", "target": "hw=path_bicycle=designated", "length_km": 0.95534032859952078, "osm_id": 1212376559, "osm_version": 4, "valid_from": "2025-08-23T11:20:03Z", "feature_id": "1212376559_4" }, "geometry": { "type": "Point", "coordinates": [ 10.55168904253334, 52.957775366015127 ] } },
{ "type": "Feature", "properties": { "source": "hw=path_other", "target": "hw=footway_bicycle=yes", "length_km": 0.0087116762843024078, "osm_id": 1237032959, "osm_version": 2, "valid_from": "2025-10-19T15:39:30Z", "feature_id": "1237032959_2" }, "geometry": { "type": "Point", "coordinates": [ 10.58276295, 53.3767053 ] } },
{ "type": "Feature", "properties": { "source": "hw=residential_other", "target": "cw=lane", "length_km": 0.021652730031229053, "osm_id": 1249183914, "osm_version": 3, "valid_from": "2025-09-25T07:52:02Z", "feature_id": "1249183914_3" }, "geometry": { "type": "Point", "coordinates": [ 8.614705862977633, 50.22153482256256 ] } },
{ "type": "Feature", "properties": { "source": "hw=residential_other", "target": "cw=lane", "length_km": 0.019576991768460547, "osm_id": 1249183917, "osm_version": 4, "valid_from": "2025-09-25T07:52:02Z", "feature_id": "1249183917_4" }, "geometry": { "type": "Point", "coordinates": [ 8.614469121626767, 50.22160793370621 ] } },
{ "type": "Feature", "properties": { "source": "hw=residential_other", "target": "cw=lane", "length_km": 0.019812257641280504, "osm_id": 1249183920, "osm_version": 4, "valid_from": "2025-09-25T07:52:02Z", "feature_id": "1249183920_4" }, "geometry": { "type": "Point", "coordinates": [ 8.61474495, 50.22160115 ] } },
{ "type": "Feature", "properties": { "source": "hw=residential_other", "target": "cw=lane", "length_km": 0.017394382664627204, "osm_id": 1249183921, "osm_version": 4, "valid_from": "2025-09-25T07:52:02Z", "feature_id": "1249183921_4" }, "geometry": { "type": "Point", "coordinates": [ 8.614694533816481, 50.221371276514866 ] } },
{ "type": "Feature", "properties": { "source": "hw=service_other", "target": "hw=path_bicycle=designated", "length_km": 1.1161320677987641, "osm_id": 1278551906, "osm_version": 2, "valid_from": "2025-11-16T12:10:25Z", "feature_id": "1278551906_2" }, "geometry": { "type": "Point", "coordinates": [ 12.26830436801272, 49.354406840705572 ] } },
{ "type": "Feature", "properties": { "source": "hw=footway_other", "target": "hw=path_bicycle=designated", "length_km": 0.045098706267722256, "osm_id": 1308997566, "osm_version": 3, "valid_from": "2025-09-21T08:47:21Z", "feature_id": "1308997566_3" }, "geometry": { "type": "Point", "coordinates": [ 9.209342289975433, 48.088512246122349 ] } },
{ "type": "Feature", "properties": { "source": "hw=unclassified_other", "target": "cw=lane", "length_km": 0.085561825542257067, "osm_id": 1358283271, "osm_version": 2, "valid_from": "2025-11-20T18:52:16Z", "feature_id": "1358283271_2" }, "geometry": { "type": "Point", "coordinates": [ 6.146672588883135, 51.057554175506745 ] } },
{ "type": "Feature", "properties": { "source": "hw=footway_other", "target": "hw=footway_bicycle=yes", "length_km": 0.34585700414691106, "osm_id": 1391861413, "osm_version": 2, "valid_from": "2025-12-10T17:25:03Z", "feature_id": "1391861413_2" }, "geometry": { "type": "Point", "coordinates": [ 14.246294844589178, 51.819622322009856 ] } },
{ "type": "Feature", "properties": { "source": "Added", "target": "hw=path_bicycle=designated", "length_km": 0.074524030005965566, "osm_id": 1420566878, "osm_version": 1, "valid_from": "2025-08-06T19:44:41Z", "feature_id": "1420566878_1" }, "geometry": { "type": "Point", "coordinates": [ 6.401818368693623, 51.728774138137418 ] } },
{ "type": "Feature", "properties": { "source": "Added", "target": "hw=footway_bicycle=yes", "length_km": 0.10224192993006179, "osm_id": 1422805129, "osm_version": 1, "valid_from": "2025-08-17T09:51:32Z", "feature_id": "1422805129_1" }, "geometry": { "type": "Point", "coordinates": [ 14.083614002023474, 51.792911247997608 ] } },
{ "type": "Feature", "properties": { "source": "Added", "target": "hw=path_bicycle=designated", "length_km": 0.023174068032044717, "osm_id": 1422807566, "osm_version": 1, "valid_from": "2025-08-17T10:06:31Z", "feature_id": "1422807566_1" }, "geometry": { "type": "Point", "coordinates": [ 10.478263476885605, 52.705218569519722 ] } },
{ "type": "Feature", "properties": { "source": "Added", "target": "hw=path_bicycle=designated", "length_km": 0.18786002641871802, "osm_id": 1422808344, "osm_version": 1, "valid_from": "2025-08-17T10:16:16Z", "feature_id": "1422808344_1" }, "geometry": { "type": "Point", "coordinates": [ 10.493505351369588, 52.770214162331932 ] } },
{ "type": "Feature", "properties": { "source": "Added", "target": "hw=path_bicycle=designated", "length_km": 0.022987034064112528, "osm_id": 1422843266, "osm_version": 1, "valid_from": "2025-08-17T14:03:02Z", "feature_id": "1422843266_1" }, "geometry": { "type": "Point", "coordinates": [ 7.461583177597922, 50.433748938253416 ] } },
{ "type": "Feature", "properties": { "source": "Added", "target": "hw=path_bicycle=designated", "length_km": 0.041942028496679405, "osm_id": 1422857385, "osm_version": 1, "valid_from": "2025-08-17T15:42:53Z", "feature_id": "1422857385_1" }, "geometry": { "type": "Point", "coordinates": [ 6.211852859038586, 51.213041824673027 ] } },
{ "type": "Feature", "properties": { "source": "Added", "target": "cw=track", "length_km": 0.047269088925446859, "osm_id": 1423343300, "osm_version": 1, "valid_from": "2025-08-19T16:17:28Z", "feature_id": "1423343300_1" }, "geometry": { "type": "Point", "coordinates": [ 8.41009775, 51.89333875 ] } },
{ "type": "Feature", "properties": { "source": "Added", "target": "cw=track", "length_km": 0.21194611067501234, "osm_id": 1423367297, "osm_version": 1, "valid_from": "2025-08-19T18:13:31Z", "feature_id": "1423367297_1" }, "geometry": { "type": "Point", "coordinates": [ 7.861034920091701, 51.172543457798099 ] } },
{ "type": "Feature", "properties": { "source": "Added", "target": "hw=path_bicycle=designated", "length_km": 0.79431253309795247, "osm_id": 1424060759, "osm_version": 1, "valid_from": "2025-08-22T07:18:24Z", "feature_id": "1424060759_1" }, "geometry": { "type": "Point", "coordinates": [ 6.960246890850078, 51.563226432952476 ] } },
{ "type": "Feature", "properties": { "source": "Added", "target": "hw=path_bicycle=designated", "length_km": 0.81540884046449025, "osm_id": 1424065948, "osm_version": 1, "valid_from": "2025-08-22T07:54:44Z", "feature_id": "1424065948_1" }, "geometry": { "type": "Point", "coordinates": [ 6.950676950846211, 51.559831971173068 ] } },
{ "type": "Feature", "properties": { "source": "Added", "target": "hw=path_bicycle=designated", "length_km": 0.18139066882156268, "osm_id": 1424065950, "osm_version": 1, "valid_from": "2025-08-22T07:54:44Z", "feature_id": "1424065950_1" }, "geometry": { "type": "Point", "coordinates": [ 6.945062429458358, 51.555959969968974 ] } },
{ "type": "Feature", "properties": { "source": "Added", "target": "hw=path_bicycle=designated", "length_km": 0.23337044091868936, "osm_id": 1424065953, "osm_version": 1, "valid_from": "2025-08-22T07:54:44Z", "feature_id": "1424065953_1" }, "geometry": { "type": "Point", "coordinates": [ 6.945440991072325, 51.556118913994929 ] } },
{ "type": "Feature", "properties": { "source": "Added", "target": "hw=path_bicycle=designated", "length_km": 0.20707226860952938, "osm_id": 1427519160, "osm_version": 1, "valid_from": "2025-09-06T13:17:55Z", "feature_id": "1427519160_1" }, "geometry": { "type": "Point", "coordinates": [ 12.873183945404122, 50.857306755026926 ] } },
{ "type": "Feature", "properties": { "source": "Added", "target": "hw=path_bicycle=designated", "length_km": 0.35963191453578558, "osm_id": 1427529754, "osm_version": 1, "valid_from": "2025-09-06T14:18:45Z", "feature_id": "1427529754_1" }, "geometry": { "type": "Point", "coordinates": [ 12.113107720744512, 50.004643865397483 ] } },
{ "type": "Feature", "properties": { "source": "Added", "target": "hw=path_bicycle=designated", "length_km": 0.054388536998021979, "osm_id": 1427659876, "osm_version": 1, "valid_from": "2025-09-07T09:06:37Z", "feature_id": "1427659876_1" }, "geometry": { "type": "Point", "coordinates": [ 12.339495324786434, 51.626138790411794 ] } },
{ "type": "Feature", "properties": { "source": "Added", "target": "hw=path_bicycle=designated", "length_km": 0.085673746858466918, "osm_id": 1427680330, "osm_version": 1, "valid_from": "2025-09-07T11:48:27Z", "feature_id": "1427680330_1" }, "geometry": { "type": "Point", "coordinates": [ 12.480716403835311, 47.933746339933379 ] } },
{ "type": "Feature", "properties": { "source": "Added", "target": "hw=path_bicycle=designated", "length_km": 0.035814821533327754, "osm_id": 1427680331, "osm_version": 1, "valid_from": "2025-09-07T11:48:27Z", "feature_id": "1427680331_1" }, "geometry": { "type": "Point", "coordinates": [ 12.478103976011063, 47.93369970007813 ] } },
{ "type": "Feature", "properties": { "source": "Added", "target": "hw=path_bicycle=designated", "length_km": 0.11713068268537881, "osm_id": 1427680332, "osm_version": 1, "valid_from": "2025-09-07T11:48:27Z", "feature_id": "1427680332_1" }, "geometry": { "type": "Point", "coordinates": [ 12.47936525, 47.9337636 ] } },
{ "type": "Feature", "properties": { "source": "Added", "target": "hw=path_bicycle=designated", "length_km": 0.017540430998823266, "osm_id": 1427680333, "osm_version": 1, "valid_from": "2025-09-07T11:48:27Z", "feature_id": "1427680333_1" }, "geometry": { "type": "Point", "coordinates": [ 12.478464322820479, 47.933779705921218 ] } },
{ "type": "Feature", "properties": { "source": "Added", "target": "hw=path_bicycle=designated", "length_km": 0.35357177027571712, "osm_id": 1427729171, "osm_version": 1, "valid_from": "2025-09-07T16:58:54Z", "feature_id": "1427729171_1" }, "geometry": { "type": "Point", "coordinates": [ 6.56130113472894, 51.323796411893468 ] } },
{ "type": "Feature", "properties": { "source": "Added", "target": "hw=path_bicycle=designated", "length_km": 0.62913262473256359, "osm_id": 1428011296, "osm_version": 1, "valid_from": "2025-09-08T16:17:24Z", "feature_id": "1428011296_1" }, "geometry": { "type": "Point", "coordinates": [ 13.484627589943031, 51.157737082868927 ] } },
{ "type": "Feature", "properties": { "source": "Added", "target": "hw=path_bicycle=designated", "length_km": 0.52951891070252144, "osm_id": 1428011297, "osm_version": 1, "valid_from": "2025-09-08T16:17:24Z", "feature_id": "1428011297_1" }, "geometry": { "type": "Point", "coordinates": [ 13.484315612959186, 51.158092867240903 ] } },
{ "type": "Feature", "properties": { "source": "Added", "target": "cw=lane", "length_km": 0.022937762030221038, "osm_id": 1428011298, "osm_version": 1, "valid_from": "2025-09-08T16:17:24Z", "feature_id": "1428011298_1" }, "geometry": { "type": "Point", "coordinates": [ 13.4831473, 51.16041545 ] } },
{ "type": "Feature", "properties": { "source": "Added", "target": "hw=path_bicycle=designated", "length_km": 0.58832542821683242, "osm_id": 1429458414, "osm_version": 1, "valid_from": "2025-09-13T08:17:01Z", "feature_id": "1429458414_1" }, "geometry": { "type": "Point", "coordinates": [ 11.290457525870192, 52.507109783973718 ] } },
{ "type": "Feature", "properties": { "source": "Added", "target": "hw=path_bicycle=designated", "length_km": 0.23018177822560526, "osm_id": 1429464014, "osm_version": 1, "valid_from": "2025-09-13T09:16:30Z", "feature_id": "1429464014_1" }, "geometry": { "type": "Point", "coordinates": [ 8.376566534832509, 51.691831335769145 ] } },
{ "type": "Feature", "properties": { "source": "Added", "target": "hw=cycleway", "length_km": 0.0047048045789439595, "osm_id": 1429464015, "osm_version": 1, "valid_from": "2025-09-13T09:16:30Z", "feature_id": "1429464015_1" }, "geometry": { "type": "Point", "coordinates": [ 8.37545085, 51.6912367 ] } },
{ "type": "Feature", "properties": { "source": "Added", "target": "hw=path_bicycle=designated", "length_km": 0.029633064823498572, "osm_id": 1429896932, "osm_version": 1, "valid_from": "2025-09-15T07:22:39Z", "feature_id": "1429896932_1" }, "geometry": { "type": "Point", "coordinates": [ 7.896107792387775, 49.49306062411479 ] } },
{ "type": "Feature", "properties": { "source": "Added", "target": "hw=path_bicycle=designated", "length_km": 0.60054526056793545, "osm_id": 1430196297, "osm_version": 1, "valid_from": "2025-09-16T09:50:57Z", "feature_id": "1430196297_1" }, "geometry": { "type": "Point", "coordinates": [ 6.735671108828825, 51.541621192226451 ] } },
{ "type": "Feature", "properties": { "source": "Added", "target": "hw=path_bicycle=designated", "length_km": 0.66431367458720003, "osm_id": 1431292630, "osm_version": 1, "valid_from": "2025-09-19T18:46:37Z", "feature_id": "1431292630_1" }, "geometry": { "type": "Point", "coordinates": [ 10.498277094223091, 54.197625949499418 ] } },
{ "type": "Feature", "properties": { "source": "Added", "target": "hw=footway_bicycle=yes", "length_km": 0.21398136910637591, "osm_id": 1431447234, "osm_version": 1, "valid_from": "2025-09-20T08:19:39Z", "feature_id": "1431447234_1" }, "geometry": { "type": "Point", "coordinates": [ 8.110707793259255, 49.191755726005596 ] } },
{ "type": "Feature", "properties": { "source": "Added", "target": "hw=path_bicycle=designated", "length_km": 0.025392191788688626, "osm_id": 1431447236, "osm_version": 1, "valid_from": "2025-09-20T08:19:39Z", "feature_id": "1431447236_1" }, "geometry": { "type": "Point", "coordinates": [ 8.111720805825472, 49.191960083731828 ] } },
{ "type": "Feature", "properties": { "source": "Added", "target": "hw=footway_bicycle=yes", "length_km": 0.011838462124635201, "osm_id": 1431447238, "osm_version": 1, "valid_from": "2025-09-20T08:19:39Z", "feature_id": "1431447238_1" }, "geometry": { "type": "Point", "coordinates": [ 8.110240238380655, 49.191927841321252 ] } },
{ "type": "Feature", "properties": { "source": "Added", "target": "hw=path_bicycle=designated", "length_km": 0.3324113757262524, "osm_id": 1431459156, "osm_version": 1, "valid_from": "2025-09-20T09:16:47Z", "feature_id": "1431459156_1" }, "geometry": { "type": "Point", "coordinates": [ 7.112992391753608, 51.507457905820125 ] } },
{ "type": "Feature", "properties": { "source": "Added", "target": "hw=path_bicycle=designated", "length_km": 0.42918186225451932, "osm_id": 1431459157, "osm_version": 1, "valid_from": "2025-09-20T09:16:47Z", "feature_id": "1431459157_1" }, "geometry": { "type": "Point", "coordinates": [ 7.113568988215704, 51.506686246642943 ] } },
{ "type": "Feature", "properties": { "source": "Added", "target": "hw=cycleway", "length_km": 0.013054096984206752, "osm_id": 1431459159, "osm_version": 1, "valid_from": "2025-09-20T09:16:47Z", "feature_id": "1431459159_1" }, "geometry": { "type": "Point", "coordinates": [ 7.1130782, 51.50877765 ] } },
{ "type": "Feature", "properties": { "source": "Added", "target": "hw=footway_bicycle=yes", "length_km": 0.072101801753185674, "osm_id": 1431468629, "osm_version": 1, "valid_from": "2025-09-20T10:11:16Z", "feature_id": "1431468629_1" }, "geometry": { "type": "Point", "coordinates": [ 6.86058431798488, 51.863187960424135 ] } },
{ "type": "Feature", "properties": { "source": "Added", "target": "hw=path_bicycle=designated", "length_km": 0.080629781051242286, "osm_id": 1431634899, "osm_version": 1, "valid_from": "2025-09-21T06:32:43Z", "feature_id": "1431634899_1" }, "geometry": { "type": "Point", "coordinates": [ 7.026113181428168, 51.540257956217346 ] } },
{ "type": "Feature", "properties": { "source": "Added", "target": "hw=path_bicycle=designated", "length_km": 0.13171838689882254, "osm_id": 1431671525, "osm_version": 1, "valid_from": "2025-09-21T11:40:27Z", "feature_id": "1431671525_1" }, "geometry": { "type": "Point", "coordinates": [ 6.615787529654103, 51.650655186498405 ] } },
{ "type": "Feature", "properties": { "source": "Added", "target": "hw=path_bicycle=designated", "length_km": 0.14027648147464755, "osm_id": 1431671527, "osm_version": 1, "valid_from": "2025-09-21T11:40:27Z", "feature_id": "1431671527_1" }, "geometry": { "type": "Point", "coordinates": [ 6.616102509996514, 51.650677021384006 ] } },
{ "type": "Feature", "properties": { "source": "Added", "target": "hw=path_bicycle=designated", "length_km": 0.19906926069546502, "osm_id": 1433539258, "osm_version": 1, "valid_from": "2025-09-27T11:00:03Z", "feature_id": "1433539258_1" }, "geometry": { "type": "Point", "coordinates": [ 7.922768243914969, 49.900168130916185 ] } },
{ "type": "Feature", "properties": { "source": "Added", "target": "hw=cycleway", "length_km": 0.013113443905597755, "osm_id": 1433974935, "osm_version": 1, "valid_from": "2025-09-29T07:39:54Z", "feature_id": "1433974935_1" }, "geometry": { "type": "Point", "coordinates": [ 7.1038825, 51.50690665 ] } },
{ "type": "Feature", "properties": { "source": "Added", "target": "hw=cycleway", "length_km": 0.015451935650895513, "osm_id": 1434051901, "osm_version": 1, "valid_from": "2025-09-29T14:50:36Z", "feature_id": "1434051901_1" }, "geometry": { "type": "Point", "coordinates": [ 9.983282144276428, 53.548221721429528 ] } },
{ "type": "Feature", "properties": { "source": "Added", "target": "hw=cycleway", "length_km": 1.7056035937412628, "osm_id": 1437084338, "osm_version": 1, "valid_from": "2025-10-11T09:55:54Z", "feature_id": "1437084338_1" }, "geometry": { "type": "Point", "coordinates": [ 10.101293350393618, 48.945886893539281 ] } },
{ "type": "Feature", "properties": { "source": "Added", "target": "hw=path_bicycle=designated", "length_km": 0.81133298893226724, "osm_id": 1442208294, "osm_version": 1, "valid_from": "2025-10-14T19:18:03Z", "feature_id": "1442208294_1" }, "geometry": { "type": "Point", "coordinates": [ 6.591187912951606, 51.550038434660685 ] } },
{ "type": "Feature", "properties": { "source": "Added", "target": "hw=path_bicycle=designated", "length_km": 0.6999930698933905, "osm_id": 1442208295, "osm_version": 1, "valid_from": "2025-10-14T19:18:03Z", "feature_id": "1442208295_1" }, "geometry": { "type": "Point", "coordinates": [ 6.591804440049127, 51.550316348381301 ] } },
{ "type": "Feature", "properties": { "source": "Added", "target": "hw=path_bicycle=designated", "length_km": 0.012219818822262774, "osm_id": 1442208296, "osm_version": 1, "valid_from": "2025-10-14T19:18:03Z", "feature_id": "1442208296_1" }, "geometry": { "type": "Point", "coordinates": [ 6.596384243222538, 51.550745707800949 ] } },
{ "type": "Feature", "properties": { "source": "Added", "target": "cw=track", "length_km": 0.035328566574435553, "osm_id": 1442300444, "osm_version": 1, "valid_from": "2025-10-15T09:19:48Z", "feature_id": "1442300444_1" }, "geometry": { "type": "Point", "coordinates": [ 6.55785499488611, 51.559444660291568 ] } },
{ "type": "Feature", "properties": { "source": "Added", "target": "cw=track", "length_km": 0.027963615560650249, "osm_id": 1442300445, "osm_version": 1, "valid_from": "2025-10-15T09:19:48Z", "feature_id": "1442300445_1" }, "geometry": { "type": "Point", "coordinates": [ 6.55766835, 51.55918245 ] } },
{ "type": "Feature", "properties": { "source": "Added", "target": "hw=path_bicycle=designated", "length_km": 0.50404336247544845, "osm_id": 1442300446, "osm_version": 1, "valid_from": "2025-10-15T09:19:48Z", "feature_id": "1442300446_1" }, "geometry": { "type": "Point", "coordinates": [ 6.578125679020786, 51.567419984212123 ] } },
{ "type": "Feature", "properties": { "source": "Added", "target": "hw=path_bicycle=designated", "length_km": 0.032163909638673459, "osm_id": 1442425318, "osm_version": 1, "valid_from": "2025-10-15T16:25:42Z", "feature_id": "1442425318_1" }, "geometry": { "type": "Point", "coordinates": [ 12.405227762443412, 50.532860755673212 ] } },
{ "type": "Feature", "properties": { "source": "Added", "target": "hw=path_bicycle=designated", "length_km": 0.013268311851190033, "osm_id": 1443191216, "osm_version": 1, "valid_from": "2025-10-19T09:51:21Z", "feature_id": "1443191216_1" }, "geometry": { "type": "Point", "coordinates": [ 12.49478203698993, 51.125600889986117 ] } },
{ "type": "Feature", "properties": { "source": "Added", "target": "hw=path_bicycle=designated", "length_km": 0.10601120900320654, "osm_id": 1443232195, "osm_version": 1, "valid_from": "2025-10-19T14:30:10Z", "feature_id": "1443232195_1" }, "geometry": { "type": "Point", "coordinates": [ 7.676921251501587, 51.972519881031296 ] } },
{ "type": "Feature", "properties": { "source": "Added", "target": "hw=path_bicycle=designated", "length_km": 0.026651030048921977, "osm_id": 1443238211, "osm_version": 1, "valid_from": "2025-10-19T14:58:49Z", "feature_id": "1443238211_1" }, "geometry": { "type": "Point", "coordinates": [ 8.846759926479727, 52.307273793238672 ] } },
{ "type": "Feature", "properties": { "source": "Added", "target": "cw=track", "length_km": 0.027519031107489558, "osm_id": 1443474835, "osm_version": 1, "valid_from": "2025-10-20T12:59:07Z", "feature_id": "1443474835_1" }, "geometry": { "type": "Point", "coordinates": [ 9.0847649, 54.19480445 ] } },
{ "type": "Feature", "properties": { "source": "Added", "target": "cw=lane", "length_km": 0.01863621194983946, "osm_id": 1443520960, "osm_version": 1, "valid_from": "2025-10-20T15:55:58Z", "feature_id": "1443520960_1" }, "geometry": { "type": "Point", "coordinates": [ 12.30521155, 51.35198355 ] } },
{ "type": "Feature", "properties": { "source": "Added", "target": "hw=path_bicycle=designated", "length_km": 0.064416368822353812, "osm_id": 1444647855, "osm_version": 1, "valid_from": "2025-10-25T08:03:43Z", "feature_id": "1444647855_1" }, "geometry": { "type": "Point", "coordinates": [ 11.908408132860794, 51.485429262614844 ] } },
{ "type": "Feature", "properties": { "source": "Added", "target": "hw=path_bicycle=designated", "length_km": 0.36521064667772957, "osm_id": 1444650024, "osm_version": 1, "valid_from": "2025-10-25T08:29:00Z", "feature_id": "1444650024_1" }, "geometry": { "type": "Point", "coordinates": [ 12.487740309963163, 51.120738511454839 ] } },
{ "type": "Feature", "properties": { "source": "Added", "target": "hw=path_bicycle=designated", "length_km": 0.19725860931719047, "osm_id": 1444650026, "osm_version": 1, "valid_from": "2025-10-25T08:29:00Z", "feature_id": "1444650026_1" }, "geometry": { "type": "Point", "coordinates": [ 12.488344011208426, 51.121566798276078 ] } },
{ "type": "Feature", "properties": { "source": "Added", "target": "hw=path_bicycle=designated", "length_km": 0.014471264697590767, "osm_id": 1444650027, "osm_version": 1, "valid_from": "2025-10-25T08:29:00Z", "feature_id": "1444650027_1" }, "geometry": { "type": "Point", "coordinates": [ 12.487386930462847, 51.120988644658389 ] } },
{ "type": "Feature", "properties": { "source": "Added", "target": "hw=path_bicycle=designated", "length_km": 0.020246188603697465, "osm_id": 1444650028, "osm_version": 1, "valid_from": "2025-10-25T08:29:00Z", "feature_id": "1444650028_1" }, "geometry": { "type": "Point", "coordinates": [ 12.487802041337984, 51.120925750592249 ] } },
{ "type": "Feature", "properties": { "source": "Added", "target": "hw=path_bicycle=designated", "length_km": 0.70014853600811444, "osm_id": 1446013484, "osm_version": 1, "valid_from": "2025-10-29T15:25:12Z", "feature_id": "1446013484_1" }, "geometry": { "type": "Point", "coordinates": [ 9.506902131937021, 52.967089657709899 ] } },
{ "type": "Feature", "properties": { "source": "Added", "target": "hw=path_bicycle=designated", "length_km": 1.2576710249356475, "osm_id": 1446013486, "osm_version": 1, "valid_from": "2025-10-29T15:25:12Z", "feature_id": "1446013486_1" }, "geometry": { "type": "Point", "coordinates": [ 9.520862210797109, 52.968856432747351 ] } },
{ "type": "Feature", "properties": { "source": "Added", "target": "hw=path_bicycle=designated", "length_km": 0.69809042502662011, "osm_id": 1446013491, "osm_version": 1, "valid_from": "2025-10-29T15:25:12Z", "feature_id": "1446013491_1" }, "geometry": { "type": "Point", "coordinates": [ 9.570926588635272, 52.982197743864504 ] } },
{ "type": "Feature", "properties": { "source": "Added", "target": "hw=path_bicycle=designated", "length_km": 0.95758685423339596, "osm_id": 1448446508, "osm_version": 1, "valid_from": "2025-11-08T16:57:36Z", "feature_id": "1448446508_1" }, "geometry": { "type": "Point", "coordinates": [ 12.124393325392532, 51.065752734753765 ] } },
{ "type": "Feature", "properties": { "source": "Added", "target": "hw=path_bicycle=designated", "length_km": 0.24599059049647476, "osm_id": 1448446509, "osm_version": 1, "valid_from": "2025-11-08T16:57:36Z", "feature_id": "1448446509_1" }, "geometry": { "type": "Point", "coordinates": [ 12.129620839480639, 51.061664018070296 ] } },
{ "type": "Feature", "properties": { "source": "Added", "target": "hw=path_bicycle=designated", "length_km": 0.33672388405916376, "osm_id": 1450891992, "osm_version": 1, "valid_from": "2025-11-15T15:48:57Z", "feature_id": "1450891992_1" }, "geometry": { "type": "Point", "coordinates": [ 7.08519354900519, 51.517538957490473 ] } },
{ "type": "Feature", "properties": { "source": "Added", "target": "hw=footway_bicycle=yes", "length_km": 0.1303781954658523, "osm_id": 1450942532, "osm_version": 1, "valid_from": "2025-11-15T20:01:45Z", "feature_id": "1450942532_1" }, "geometry": { "type": "Point", "coordinates": [ 7.088393146395921, 51.516081101511169 ] } },
{ "type": "Feature", "properties": { "source": "Added", "target": "hw=path_bicycle=designated", "length_km": 0.39375087208020709, "osm_id": 1451174657, "osm_version": 1, "valid_from": "2025-11-16T20:51:00Z", "feature_id": "1451174657_1" }, "geometry": { "type": "Point", "coordinates": [ 13.567040568732645, 52.760155459246803 ] } },
{ "type": "Feature", "properties": { "source": "Added", "target": "hw=cycleway", "length_km": 0.0063949185571220493, "osm_id": 1452835650, "osm_version": 1, "valid_from": "2025-11-22T12:23:42Z", "feature_id": "1452835650_1" }, "geometry": { "type": "Point", "coordinates": [ 9.641829, 52.3987203 ] } },
{ "type": "Feature", "properties": { "source": "Added", "target": "hw=path_bicycle=designated", "length_km": 0.038584852371616865, "osm_id": 1453351541, "osm_version": 1, "valid_from": "2025-11-24T15:04:11Z", "feature_id": "1453351541_1" }, "geometry": { "type": "Point", "coordinates": [ 12.098474372532651, 50.900528853163117 ] } },
{ "type": "Feature", "properties": { "source": "Added", "target": "hw=footway_bicycle=yes", "length_km": 0.038877510548933673, "osm_id": 1456307038, "osm_version": 1, "valid_from": "2025-12-05T16:42:07Z", "feature_id": "1456307038_1" }, "geometry": { "type": "Point", "coordinates": [ 10.803822208377513, 49.698341095520711 ] } },
{ "type": "Feature", "properties": { "source": "Added", "target": "hw=path_bicycle=designated", "length_km": 0.087137675487516789, "osm_id": 1456307040, "osm_version": 1, "valid_from": "2025-12-05T16:42:07Z", "feature_id": "1456307040_1" }, "geometry": { "type": "Point", "coordinates": [ 10.803809455975975, 49.699903713981712 ] } },
{ "type": "Feature", "properties": { "source": "Added", "target": "hw=path_bicycle=designated", "length_km": 0.02506359800343623, "osm_id": 1456307043, "osm_version": 1, "valid_from": "2025-12-05T16:42:07Z", "feature_id": "1456307043_1" }, "geometry": { "type": "Point", "coordinates": [ 10.804945887227401, 49.701479174688259 ] } },
{ "type": "Feature", "properties": { "source": "Added", "target": "hw=path_bicycle=designated", "length_km": 0.069763114831202344, "osm_id": 1456307044, "osm_version": 1, "valid_from": "2025-12-05T16:42:07Z", "feature_id": "1456307044_1" }, "geometry": { "type": "Point", "coordinates": [ 10.804810028802823, 49.701054943999978 ] } },
{ "type": "Feature", "properties": { "source": "Added", "target": "hw=path_bicycle=designated", "length_km": 0.19401187182605467, "osm_id": 1456991226, "osm_version": 1, "valid_from": "2025-12-08T20:18:56Z", "feature_id": "1456991226_1" }, "geometry": { "type": "Point", "coordinates": [ 11.907068537895501, 54.110752040570247 ] } },
{ "type": "Feature", "properties": { "source": "Added", "target": "hw=path_bicycle=designated", "length_km": 1.2526780454162849, "osm_id": 1457076539, "osm_version": 1, "valid_from": "2025-12-09T07:19:53Z", "feature_id": "1457076539_1" }, "geometry": { "type": "Point", "coordinates": [ 14.00674958191137, 53.010675942332227 ] } },
{ "type": "Feature", "properties": { "source": "Added", "target": "hw=path_bicycle=designated", "length_km": 0.51835701754124652, "osm_id": 1458549943, "osm_version": 1, "valid_from": "2025-12-14T19:32:18Z", "feature_id": "1458549943_1" }, "geometry": { "type": "Point", "coordinates": [ 10.701414782921598, 49.317437964403652 ] } },
{ "type": "Feature", "properties": { "source": "Added", "target": "hw=footway_bicycle=yes", "length_km": 0.32618629653497844, "osm_id": 1460025893, "osm_version": 1, "valid_from": "2025-12-20T10:43:31Z", "feature_id": "1460025893_1" }, "geometry": { "type": "Point", "coordinates": [ 12.418183890817636, 50.994806613987556 ] } },
{ "type": "Feature", "properties": { "source": "Added", "target": "hw=path_bicycle=designated", "length_km": 0.52850882633617158, "osm_id": 1462583294, "osm_version": 1, "valid_from": "2025-12-29T14:28:03Z", "feature_id": "1462583294_1" }, "geometry": { "type": "Point", "coordinates": [ 6.774692750451976, 51.55634201612942 ] } },
{ "type": "Feature", "properties": { "source": "hw=track_other", "target": "hw=path_bicycle=designated", "length_km": 0.52294415846582676, "osm_id": 3812628, "osm_version": 11, "valid_from": "2025-10-31T14:30:54Z", "feature_id": "3812628_11" }, "geometry": { "type": "Point", "coordinates": [ 8.384156270767178, 48.593859715398274 ] } },
{ "type": "Feature", "properties": { "source": "hw=track_other", "target": "hw=path_bicycle=designated", "length_km": 0.20831165636243182, "osm_id": 3812629, "osm_version": 11, "valid_from": "2025-10-31T14:30:54Z", "feature_id": "3812629_11" }, "geometry": { "type": "Point", "coordinates": [ 8.38383020095559, 48.595874653574349 ] } },
{ "type": "Feature", "properties": { "source": "hw=secondary_other", "target": "cw=track", "length_km": 0.61345003956339983, "osm_id": 4544685, "osm_version": 24, "valid_from": "2025-10-28T19:29:11Z", "feature_id": "4544685_24" }, "geometry": { "type": "Point", "coordinates": [ 8.811735165401823, 51.952158081146081 ] } },
{ "type": "Feature", "properties": { "source": "hw=path_other", "target": "hw=path_bicycle=designated", "length_km": 1.2286657038057833, "osm_id": 4550615, "osm_version": 8, "valid_from": "2025-10-30T18:29:04Z", "feature_id": "4550615_8" }, "geometry": { "type": "Point", "coordinates": [ 11.56591358736428, 50.121317547331131 ] } },
{ "type": "Feature", "properties": { "source": "hw=cycleway", "target": "hw=path_bicycle=designated", "length_km": 1.3528561841203908, "osm_id": 4550616, "osm_version": 8, "valid_from": "2025-10-30T18:29:04Z", "feature_id": "4550616_8" }, "geometry": { "type": "Point", "coordinates": [ 11.580198308477536, 50.114181189784325 ] } },
{ "type": "Feature", "properties": { "source": "hw=cycleway", "target": "hw=path_bicycle=designated", "length_km": 0.45048462198551548, "osm_id": 4550617, "osm_version": 7, "valid_from": "2025-10-30T18:29:04Z", "feature_id": "4550617_7" }, "geometry": { "type": "Point", "coordinates": [ 11.594335935452047, 50.106258122857398 ] } },
{ "type": "Feature", "properties": { "source": "hw=footway_bicycle=yes", "target": "hw=path_bicycle=designated", "length_km": 0.036295583701364854, "osm_id": 4611729, "osm_version": 11, "valid_from": "2025-09-18T12:25:45Z", "feature_id": "4611729_11" }, "geometry": { "type": "Point", "coordinates": [ 13.402792567852275, 52.512679218035508 ] } },
{ "type": "Feature", "properties": { "source": "hw=primary_other", "target": "cw=track", "length_km": 0.02224615528334898, "osm_id": 4826487, "osm_version": 27, "valid_from": "2025-10-28T19:14:39Z", "feature_id": "4826487_27" }, "geometry": { "type": "Point", "coordinates": [ 8.601373177469913, 51.67143975052965 ] } },
{ "type": "Feature", "properties": { "source": "hw=footway_bicycle=yes", "target": "hw=path_bicycle=designated", "length_km": 0.59113768161732683, "osm_id": 5083298, "osm_version": 16, "valid_from": "2025-09-20T08:38:45Z", "feature_id": "5083298_16" }, "geometry": { "type": "Point", "coordinates": [ 8.590154940797618, 50.181864623756155 ] } },
{ "type": "Feature", "properties": { "source": "hw=unclassified_other", "target": "cw=track", "length_km": 1.2029549272379245, "osm_id": 5154453, "osm_version": 31, "valid_from": "2025-08-23T06:45:32Z", "feature_id": "5154453_31" }, "geometry": { "type": "Point", "coordinates": [ 8.759899749102047, 50.120150082374735 ] } },
{ "type": "Feature", "properties": { "source": "hw=residential_other", "target": "bicycle_road", "length_km": 0.38094607205435943, "osm_id": 5202770, "osm_version": 18, "valid_from": "2025-09-07T16:15:36Z", "feature_id": "5202770_18" }, "geometry": { "type": "Point", "coordinates": [ 7.001413343768526, 52.074391404450189 ] } },
{ "type": "Feature", "properties": { "source": "hw=secondary_other", "target": "cw=lane", "length_km": 0.25896898967062243, "osm_id": 5238598, "osm_version": 16, "valid_from": "2025-09-20T10:11:16Z", "feature_id": "5238598_16" }, "geometry": { "type": "Point", "coordinates": [ 6.858747631512641, 51.869742832290981 ] } },
{ "type": "Feature", "properties": { "source": "hw=residential_other", "target": "cw=track", "length_km": 0.099628580211724299, "osm_id": 5668025, "osm_version": 31, "valid_from": "2025-08-22T17:11:52Z", "feature_id": "5668025_31" }, "geometry": { "type": "Point", "coordinates": [ 7.159292070897912, 51.517313617101742 ] } },
{ "type": "Feature", "properties": { "source": "hw=secondary_other", "target": "cw=track", "length_km": 0.56205859500085864, "osm_id": 8094941, "osm_version": 34, "valid_from": "2025-09-07T16:30:27Z", "feature_id": "8094941_34" }, "geometry": { "type": "Point", "coordinates": [ 7.018786976857857, 52.085193234458714 ] } },
{ "type": "Feature", "properties": { "source": "hw=unclassified_other", "target": "cw=lane", "length_km": 0.43815543369432064, "osm_id": 8160398, "osm_version": 12, "valid_from": "2025-10-11T10:33:16Z", "feature_id": "8160398_12" }, "geometry": { "type": "Point", "coordinates": [ 8.587266585653902, 51.669811473070155 ] } },
{ "type": "Feature", "properties": { "source": "hw=secondary_other", "target": "cw=track", "length_km": 0.19166907607113284, "osm_id": 8571733, "osm_version": 32, "valid_from": "2025-09-21T12:00:24Z", "feature_id": "8571733_32" }, "geometry": { "type": "Point", "coordinates": [ 9.051714439619069, 54.485259059754384 ] } },
{ "type": "Feature", "properties": { "source": "hw=secondary_other", "target": "cw=lane", "length_km": 0.15379203981084935, "osm_id": 9418592, "osm_version": 43, "valid_from": "2025-08-22T07:54:44Z", "feature_id": "9418592_43" }, "geometry": { "type": "Point", "coordinates": [ 6.94640123989844, 51.55712675002205 ] } },
{ "type": "Feature", "properties": { "source": "hw=unclassified_other", "target": "cw=track", "length_km": 0.030028804809888773, "osm_id": 10377262, "osm_version": 28, "valid_from": "2025-10-31T22:50:26Z", "feature_id": "10377262_28" }, "geometry": { "type": "Point", "coordinates": [ 7.877950723244677, 51.210534420641345 ] } },
{ "type": "Feature", "properties": { "source": "hw=tertiary_other", "target": "cw=track", "length_km": 0.33462549775755895, "osm_id": 10903376, "osm_version": 15, "valid_from": "2025-09-07T12:53:56Z", "feature_id": "10903376_15" }, "geometry": { "type": "Point", "coordinates": [ 6.146655467002478, 51.681876488501914 ] } },
{ "type": "Feature", "properties": { "source": "hw=tertiary_other", "target": "cw=track", "length_km": 0.19435310370673611, "osm_id": 10903378, "osm_version": 8, "valid_from": "2025-09-07T12:53:56Z", "feature_id": "10903378_8" }, "geometry": { "type": "Point", "coordinates": [ 6.149651658408357, 51.683228385566338 ] } },
{ "type": "Feature", "properties": { "source": "hw=tertiary_other", "target": "cw=track", "length_km": 0.14333308700017081, "osm_id": 10942640, "osm_version": 9, "valid_from": "2025-09-07T12:53:56Z", "feature_id": "10942640_9" }, "geometry": { "type": "Point", "coordinates": [ 6.152246541554995, 51.684159047339065 ] } },
{ "type": "Feature", "properties": { "source": "hw=residential_other", "target": "bicycle_road", "length_km": 0.14650154390842976, "osm_id": 13753647, "osm_version": 18, "valid_from": "2025-12-09T15:33:38Z", "feature_id": "13753647_18" }, "geometry": { "type": "Point", "coordinates": [ 14.383430100472472, 51.699251924704242 ] } },
{ "type": "Feature", "properties": { "source": "hw=residential_other", "target": "bicycle_road", "length_km": 0.1594751383486688, "osm_id": 14612650, "osm_version": 13, "valid_from": "2026-01-01T09:51:00Z", "feature_id": "14612650_13" }, "geometry": { "type": "Point", "coordinates": [ 10.279063604930245, 47.517772638973398 ] } },
{ "type": "Feature", "properties": { "source": "hw=cycleway", "target": "hw=path_bicycle=designated", "length_km": 0.097192489343314273, "osm_id": 14800940, "osm_version": 9, "valid_from": "2026-01-01T09:51:00Z", "feature_id": "14800940_9" }, "geometry": { "type": "Point", "coordinates": [ 10.279137976422724, 47.516505557177069 ] } },
{ "type": "Feature", "properties": { "source": "hw=footway_other", "target": "hw=path_bicycle=designated", "length_km": 0.084140086970282843, "osm_id": 16315042, "osm_version": 5, "valid_from": "2025-09-06T13:45:20Z", "feature_id": "16315042_5" }, "geometry": { "type": "Point", "coordinates": [ 12.779477010795738, 50.539130528961373 ] } },
{ "type": "Feature", "properties": { "source": "hw=track_other", "target": "hw=track_bicycle=designated", "length_km": 0.83033871720163932, "osm_id": 20628665, "osm_version": 8, "valid_from": "2025-11-23T11:16:35Z", "feature_id": "20628665_8" }, "geometry": { "type": "Point", "coordinates": [ 9.534639311773986, 50.028328417559628 ] } },
{ "type": "Feature", "properties": { "source": "hw=service_other", "target": "bicycle_road", "length_km": 0.014676329936504818, "osm_id": 22323483, "osm_version": 12, "valid_from": "2025-12-09T15:33:38Z", "feature_id": "22323483_12" }, "geometry": { "type": "Point", "coordinates": [ 14.3823079, 51.69907375 ] } },
{ "type": "Feature", "properties": { "source": "hw=tertiary_other", "target": "cw=lane", "length_km": 0.039969353574391825, "osm_id": 23036607, "osm_version": 28, "valid_from": "2025-09-06T10:26:42Z", "feature_id": "23036607_28" }, "geometry": { "type": "Point", "coordinates": [ 11.942590656812824, 51.455147014024206 ] } },
{ "type": "Feature", "properties": { "source": "hw=unclassified_other", "target": "cw=lane", "length_km": 0.0635408714746315, "osm_id": 23066821, "osm_version": 5, "valid_from": "2025-10-11T10:33:16Z", "feature_id": "23066821_5" }, "geometry": { "type": "Point", "coordinates": [ 8.58785355, 51.66758705 ] } },
{ "type": "Feature", "properties": { "source": "hw=unclassified_other", "target": "cw=lane", "length_km": 0.12964373223171902, "osm_id": 23066822, "osm_version": 10, "valid_from": "2025-10-11T10:33:16Z", "feature_id": "23066822_10" }, "geometry": { "type": "Point", "coordinates": [ 8.588149019751892, 51.666725317305364 ] } },
{ "type": "Feature", "properties": { "source": "hw=secondary_other", "target": "cw=track", "length_km": 0.040213743554517838, "osm_id": 23074136, "osm_version": 17, "valid_from": "2025-10-28T19:22:05Z", "feature_id": "23074136_17" }, "geometry": { "type": "Point", "coordinates": [ 8.607492284884993, 51.674557867282381 ] } },
{ "type": "Feature", "properties": { "source": "hw=secondary_other", "target": "cw=track", "length_km": 0.0158102031050379, "osm_id": 23079636, "osm_version": 17, "valid_from": "2025-10-28T19:14:39Z", "feature_id": "23079636_17" }, "geometry": { "type": "Point", "coordinates": [ 8.601003517019254, 51.671670641392375 ] } },
{ "type": "Feature", "properties": { "source": "hw=service_other", "target": "hw=path_bicycle=designated", "length_km": 0.10375558056489038, "osm_id": 23252665, "osm_version": 10, "valid_from": "2025-11-15T20:15:25Z", "feature_id": "23252665_10" }, "geometry": { "type": "Point", "coordinates": [ 7.097117728085333, 51.533526309715519 ] } },
{ "type": "Feature", "properties": { "source": "hw=track_other", "target": "hw=path_bicycle=designated", "length_km": 0.830934311908059, "osm_id": 23326784, "osm_version": 31, "valid_from": "2025-12-16T19:15:43Z", "feature_id": "23326784_31" }, "geometry": { "type": "Point", "coordinates": [ 11.505342239396402, 50.942785960606322 ] } },
{ "type": "Feature", "properties": { "source": "hw=footway_other", "target": "hw=footway_bicycle=yes", "length_km": 0.33912775479042573, "osm_id": 23334439, "osm_version": 9, "valid_from": "2025-11-15T20:01:45Z", "feature_id": "23334439_9" }, "geometry": { "type": "Point", "coordinates": [ 7.087897399159905, 51.518216074886418 ] } },
{ "type": "Feature", "properties": { "source": "hw=tertiary_other", "target": "cw=lane", "length_km": 0.27965345086718474, "osm_id": 23383912, "osm_version": 19, "valid_from": "2025-10-14T18:48:12Z", "feature_id": "23383912_19" }, "geometry": { "type": "Point", "coordinates": [ 6.596186415702461, 51.542977446494241 ] } },
{ "type": "Feature", "properties": { "source": "hw=tertiary_other", "target": "cw=lane", "length_km": 0.015763864794913079, "osm_id": 23383913, "osm_version": 10, "valid_from": "2025-10-14T18:59:03Z", "feature_id": "23383913_10" }, "geometry": { "type": "Point", "coordinates": [ 6.59804225, 51.5434426 ] } },
{ "type": "Feature", "properties": { "source": "hw=unclassified_other", "target": "cw=track", "length_km": 2.1627355207615091, "osm_id": 23429644, "osm_version": 23, "valid_from": "2025-10-28T20:31:42Z", "feature_id": "23429644_23" }, "geometry": { "type": "Point", "coordinates": [ 8.99859585285256, 53.163709613387795 ] } },
{ "type": "Feature", "properties": { "source": "hw=path_other", "target": "hw=path_bicycle=designated", "length_km": 0.047849177736280668, "osm_id": 23438102, "osm_version": 6, "valid_from": "2025-10-07T14:16:16Z", "feature_id": "23438102_6" }, "geometry": { "type": "Point", "coordinates": [ 12.056445767320204, 51.296664799485946 ] } },
{ "type": "Feature", "properties": { "source": "hw=secondary_other", "target": "cw=track", "length_km": 0.032413228784064704, "osm_id": 23448541, "osm_version": 17, "valid_from": "2025-08-22T16:03:48Z", "feature_id": "23448541_17" }, "geometry": { "type": "Point", "coordinates": [ 6.54482110790866, 51.507731638356844 ] } },
{ "type": "Feature", "properties": { "source": "hw=unclassified_other", "target": "hw=path_bicycle=designated", "length_km": 0.15439648565577288, "osm_id": 23480278, "osm_version": 9, "valid_from": "2025-11-21T18:16:52Z", "feature_id": "23480278_9" }, "geometry": { "type": "Point", "coordinates": [ 7.091443315134248, 51.571738354708188 ] } },
{ "type": "Feature", "properties": { "source": "hw=cycleway", "target": "hw=path_bicycle=designated", "length_km": 0.12878943743319979, "osm_id": 23653007, "osm_version": 11, "valid_from": "2025-12-05T16:42:07Z", "feature_id": "23653007_11" }, "geometry": { "type": "Point", "coordinates": [ 10.804039915083649, 49.698959455299914 ] } },
{ "type": "Feature", "properties": { "source": "hw=path_other", "target": "hw=path_bicycle=designated", "length_km": 0.04254415336054914, "osm_id": 23710699, "osm_version": 13, "valid_from": "2025-10-30T08:59:10Z", "feature_id": "23710699_13" }, "geometry": { "type": "Point", "coordinates": [ 12.97086611512726, 47.838163464190082 ] } },
{ "type": "Feature", "properties": { "source": "hw=path_other", "target": "hw=path_bicycle=designated", "length_km": 0.052460721963060307, "osm_id": 24031246, "osm_version": 15, "valid_from": "2025-10-26T11:57:25Z", "feature_id": "24031246_15" }, "geometry": { "type": "Point", "coordinates": [ 8.597487201105139, 50.011954555597583 ] } },
{ "type": "Feature", "properties": { "source": "hw=path_other", "target": "hw=path_bicycle=designated", "length_km": 0.094793361522277561, "osm_id": 24167479, "osm_version": 11, "valid_from": "2025-09-29T08:39:05Z", "feature_id": "24167479_11" }, "geometry": { "type": "Point", "coordinates": [ 10.121036474202327, 48.498577975193484 ] } },
{ "type": "Feature", "properties": { "source": "hw=service_other", "target": "hw=path_bicycle=designated", "length_km": 0.31962968890257382, "osm_id": 24323710, "osm_version": 12, "valid_from": "2025-12-13T21:38:27Z", "feature_id": "24323710_12" }, "geometry": { "type": "Point", "coordinates": [ 10.23903627813327, 50.818374255565651 ] } },
{ "type": "Feature", "properties": { "source": "hw=residential_other", "target": "cw=lane", "length_km": 0.080943206493733544, "osm_id": 24366163, "osm_version": 14, "valid_from": "2025-09-21T08:47:21Z", "feature_id": "24366163_14" }, "geometry": { "type": "Point", "coordinates": [ 9.213689605156906, 48.088646104988733 ] } },
{ "type": "Feature", "properties": { "source": "hw=residential_other", "target": "cw=lane", "length_km": 0.026028630604133973, "osm_id": 24366164, "osm_version": 10, "valid_from": "2025-09-21T08:47:21Z", "feature_id": "24366164_10" }, "geometry": { "type": "Point", "coordinates": [ 9.21321985, 48.0890376 ] } },
{ "type": "Feature", "properties": { "source": "hw=path_other", "target": "hw=path_bicycle=designated", "length_km": 0.068913483708237161, "osm_id": 24397153, "osm_version": 17, "valid_from": "2025-09-29T07:31:14Z", "feature_id": "24397153_17" }, "geometry": { "type": "Point", "coordinates": [ 7.117035861255675, 51.542250670765071 ] } },
{ "type": "Feature", "properties": { "source": "hw=cycleway", "target": "hw=path_bicycle=designated", "length_km": 0.6777991528924614, "osm_id": 24454303, "osm_version": 36, "valid_from": "2025-09-07T08:42:23Z", "feature_id": "24454303_36" }, "geometry": { "type": "Point", "coordinates": [ 12.397493245126851, 51.399202666984692 ] } },
{ "type": "Feature", "properties": { "source": "hw=residential_other", "target": "bicycle_road", "length_km": 0.021575442635491136, "osm_id": 24548634, "osm_version": 11, "valid_from": "2025-08-23T06:09:10Z", "feature_id": "24548634_11" }, "geometry": { "type": "Point", "coordinates": [ 6.923404923118518, 51.533061522601358 ] } },
{ "type": "Feature", "properties": { "source": "hw=tertiary_other", "target": "cw=lane", "length_km": 0.21348674922346764, "osm_id": 24618783, "osm_version": 15, "valid_from": "2025-10-31T12:32:48Z", "feature_id": "24618783_15" }, "geometry": { "type": "Point", "coordinates": [ 8.850805872041571, 48.257100132853289 ] } },
{ "type": "Feature", "properties": { "source": "hw=track_other", "target": "hw=track_bicycle=designated", "length_km": 0.0053882632046871638, "osm_id": 24751604, "osm_version": 9, "valid_from": "2025-11-23T10:39:47Z", "feature_id": "24751604_9" }, "geometry": { "type": "Point", "coordinates": [ 9.67913555, 50.07725545 ] } },
{ "type": "Feature", "properties": { "source": "hw=track_other", "target": "hw=track_bicycle=designated", "length_km": 0.61707061453196799, "osm_id": 24758703, "osm_version": 11, "valid_from": "2025-11-23T10:39:47Z", "feature_id": "24758703_11" }, "geometry": { "type": "Point", "coordinates": [ 9.674931355256676, 50.07850218973207 ] } },
{ "type": "Feature", "properties": { "source": "cw=lane", "target": "cw=track", "length_km": 0.95741854485302369, "osm_id": 24834669, "osm_version": 28, "valid_from": "2025-10-08T12:28:51Z", "feature_id": "24834669_28" }, "geometry": { "type": "Point", "coordinates": [ 9.445871139243332, 54.804146817499372 ] } },
{ "type": "Feature", "properties": { "source": "hw=tertiary_other", "target": "cw=track", "length_km": 0.019502828337750258, "osm_id": 24834709, "osm_version": 16, "valid_from": "2025-10-08T12:28:51Z", "feature_id": "24834709_16" }, "geometry": { "type": "Point", "coordinates": [ 9.45437564175077, 54.806340851740231 ] } },
{ "type": "Feature", "properties": { "source": "hw=track_other", "target": "hw=track_bicycle=designated", "length_km": 0.5922977806428289, "osm_id": 24865057, "osm_version": 13, "valid_from": "2025-11-23T10:39:47Z", "feature_id": "24865057_13" }, "geometry": { "type": "Point", "coordinates": [ 9.684947553479011, 50.0717490329477 ] } },
{ "type": "Feature", "properties": { "source": "hw=footway_bicycle=yes", "target": "hw=path_bicycle=designated", "length_km": 0.3907502332752078, "osm_id": 24901014, "osm_version": 13, "valid_from": "2025-09-07T08:42:23Z", "feature_id": "24901014_13" }, "geometry": { "type": "Point", "coordinates": [ 12.396129407316575, 51.397984042872594 ] } },
{ "type": "Feature", "properties": { "source": "hw=residential_other", "target": "bicycle_road", "length_km": 0.45631652838399028, "osm_id": 25047795, "osm_version": 18, "valid_from": "2025-10-08T10:34:06Z", "feature_id": "25047795_18" }, "geometry": { "type": "Point", "coordinates": [ 6.63698040004307, 51.673020427372265 ] } },
{ "type": "Feature", "properties": { "source": "hw=track_bicycle=designated", "target": "hw=path_bicycle=designated", "length_km": 0.56022552328997866, "osm_id": 25110185, "osm_version": 19, "valid_from": "2025-12-14T19:17:12Z", "feature_id": "25110185_19" }, "geometry": { "type": "Point", "coordinates": [ 10.606980946052296, 49.240686590387675 ] } },
{ "type": "Feature", "properties": { "source": "hw=tertiary_other", "target": "cw=track", "length_km": 0.081167400401010212, "osm_id": 25133973, "osm_version": 20, "valid_from": "2025-11-07T11:48:52Z", "feature_id": "25133973_20" }, "geometry": { "type": "Point", "coordinates": [ 11.73132890652394, 52.888569060448432 ] } },
{ "type": "Feature", "properties": { "source": "hw=unclassified_other", "target": "cw=track", "length_km": 0.021804970551227515, "osm_id": 25157935, "osm_version": 11, "valid_from": "2025-09-21T11:40:27Z", "feature_id": "25157935_11" }, "geometry": { "type": "Point", "coordinates": [ 6.6225223, 51.65557805 ] } },
{ "type": "Feature", "properties": { "source": "hw=residential_other", "target": "cw=track", "length_km": 0.014226945406428642, "osm_id": 25157961, "osm_version": 16, "valid_from": "2025-09-21T11:40:27Z", "feature_id": "25157961_16" }, "geometry": { "type": "Point", "coordinates": [ 6.62241838865563, 51.65569951599948 ] } },
{ "type": "Feature", "properties": { "source": "hw=residential_other", "target": "cw=lane", "length_km": 0.11104625289530622, "osm_id": 25157964, "osm_version": 12, "valid_from": "2025-09-21T11:40:27Z", "feature_id": "25157964_12" }, "geometry": { "type": "Point", "coordinates": [ 6.621783151890772, 51.656119634329308 ] } },
{ "type": "Feature", "properties": { "source": "hw=residential_other", "target": "cw=lane", "length_km": 0.11518930271128139, "osm_id": 25157968, "osm_version": 11, "valid_from": "2025-09-21T11:40:27Z", "feature_id": "25157968_11" }, "geometry": { "type": "Point", "coordinates": [ 6.621650993706281, 51.655920328222393 ] } },
{ "type": "Feature", "properties": { "source": "hw=residential_other", "target": "cw=track", "length_km": 0.16965033274096336, "osm_id": 25192458, "osm_version": 14, "valid_from": "2025-12-31T11:55:08Z", "feature_id": "25192458_14" }, "geometry": { "type": "Point", "coordinates": [ 7.062564322977809, 49.386630781146664 ] } },
{ "type": "Feature", "properties": { "source": "hw=residential_other", "target": "cw=lane", "length_km": 0.11468971974824747, "osm_id": 25420367, "osm_version": 13, "valid_from": "2025-09-21T08:47:21Z", "feature_id": "25420367_13" }, "geometry": { "type": "Point", "coordinates": [ 9.213185657287461, 48.09091299526677 ] } },
{ "type": "Feature", "properties": { "source": "hw=residential_other", "target": "cw=lane", "length_km": 0.025357611748558669, "osm_id": 25440650, "osm_version": 11, "valid_from": "2025-09-21T08:47:21Z", "feature_id": "25440650_11" }, "geometry": { "type": "Point", "coordinates": [ 9.212675422482475, 48.090367222367604 ] } },
{ "type": "Feature", "properties": { "source": "hw=residential_other", "target": "cw=lane", "length_km": 0.13584707595500403, "osm_id": 25440651, "osm_version": 12, "valid_from": "2025-09-21T08:47:21Z", "feature_id": "25440651_12" }, "geometry": { "type": "Point", "coordinates": [ 9.21268203800631, 48.089623065988491 ] } },
{ "type": "Feature", "properties": { "source": "hw=footway_bicycle=yes", "target": "hw=path_bicycle=designated", "length_km": 0.11988578264882929, "osm_id": 25506819, "osm_version": 17, "valid_from": "2025-10-26T13:24:51Z", "feature_id": "25506819_17" }, "geometry": { "type": "Point", "coordinates": [ 7.776070531213514, 49.448555942397618 ] } },
{ "type": "Feature", "properties": { "source": "hw=footway_other", "target": "hw=path_bicycle=designated", "length_km": 0.045665279096232331, "osm_id": 25515435, "osm_version": 2, "valid_from": "2025-10-18T17:24:01Z", "feature_id": "25515435_2" }, "geometry": { "type": "Point", "coordinates": [ 6.117257804832276, 51.69291468058907 ] } },
{ "type": "Feature", "properties": { "source": "hw=footway_other", "target": "hw=path_bicycle=designated", "length_km": 0.049873059128013292, "osm_id": 25526409, "osm_version": 17, "valid_from": "2025-09-21T08:47:21Z", "feature_id": "25526409_17" }, "geometry": { "type": "Point", "coordinates": [ 9.216031795680999, 48.088999529470811 ] } },
{ "type": "Feature", "properties": { "source": "hw=path_other", "target": "hw=path_bicycle=designated", "length_km": 0.066481234517424811, "osm_id": 25528127, "osm_version": 11, "valid_from": "2025-09-21T08:47:21Z", "feature_id": "25528127_11" }, "geometry": { "type": "Point", "coordinates": [ 9.214065665134418, 48.08837541809973 ] } },
{ "type": "Feature", "properties": { "source": "hw=track_bicycle=designated", "target": "hw=path_bicycle=designated", "length_km": 0.60466968730607307, "osm_id": 25563396, "osm_version": 14, "valid_from": "2025-11-20T17:55:55Z", "feature_id": "25563396_14" }, "geometry": { "type": "Point", "coordinates": [ 8.171042988729575, 50.030777908971665 ] } },
{ "type": "Feature", "properties": { "source": "hw=primary_link_other", "target": "cw=lane", "length_km": 0.010566837361847147, "osm_id": 25735680, "osm_version": 12, "valid_from": "2025-09-21T11:40:27Z", "feature_id": "25735680_12" }, "geometry": { "type": "Point", "coordinates": [ 6.6225421, 51.65500335 ] } },
{ "type": "Feature", "properties": { "source": "hw=service_other", "target": "cw=track", "length_km": 0.21179089741246909, "osm_id": 25776258, "osm_version": 12, "valid_from": "2026-01-18T16:24:38Z", "feature_id": "25776258_12" }, "geometry": { "type": "Point", "coordinates": [ 12.891543349986003, 52.600202729528306 ] } },
{ "type": "Feature", "properties": { "source": "hw=track_other", "target": "hw=path_bicycle=designated", "length_km": 0.026383477931799997, "osm_id": 25833952, "osm_version": 4, "valid_from": "2025-11-16T18:58:24Z", "feature_id": "25833952_4" }, "geometry": { "type": "Point", "coordinates": [ 9.782645375574877, 49.162013786050601 ] } },
{ "type": "Feature", "properties": { "source": "hw=track_other", "target": "hw=path_bicycle=designated", "length_km": 0.030254469992310139, "osm_id": 25833953, "osm_version": 5, "valid_from": "2025-11-16T18:58:24Z", "feature_id": "25833953_5" }, "geometry": { "type": "Point", "coordinates": [ 9.7827077, 49.1617689 ] } },
{ "type": "Feature", "properties": { "source": "hw=footway_other", "target": "hw=path_bicycle=designated", "length_km": 0.0889727532313868, "osm_id": 25897612, "osm_version": 7, "valid_from": "2025-10-19T09:51:21Z", "feature_id": "25897612_7" }, "geometry": { "type": "Point", "coordinates": [ 12.498579622190217, 51.126198536176318 ] } },
{ "type": "Feature", "properties": { "source": "hw=track_other", "target": "hw=cycleway", "length_km": 0.11034903819582932, "osm_id": 25953617, "osm_version": 13, "valid_from": "2025-12-13T21:32:06Z", "feature_id": "25953617_13" }, "geometry": { "type": "Point", "coordinates": [ 10.292039252259015, 50.805692281311067 ] } },
{ "type": "Feature", "properties": { "source": "hw=track_other", "target": "hw=cycleway", "length_km": 2.4041941043825896, "osm_id": 25953618, "osm_version": 19, "valid_from": "2025-12-13T21:32:06Z", "feature_id": "25953618_19" }, "geometry": { "type": "Point", "coordinates": [ 10.276457083214822, 50.810772389820684 ] } },
{ "type": "Feature", "properties": { "source": "hw=footway_other", "target": "hw=path_bicycle=designated", "length_km": 0.072033206500784375, "osm_id": 26142416, "osm_version": 9, "valid_from": "2026-01-18T09:08:50Z", "feature_id": "26142416_9" }, "geometry": { "type": "Point", "coordinates": [ 6.926743542735088, 51.484500115239911 ] } },
{ "type": "Feature", "properties": { "source": "hw=footway_other", "target": "hw=path_bicycle=designated", "length_km": 0.31942847401823771, "osm_id": 26161852, "osm_version": 10, "valid_from": "2025-10-31T12:09:34Z", "feature_id": "26161852_10" }, "geometry": { "type": "Point", "coordinates": [ 8.94641881538695, 48.213880983323683 ] } },
{ "type": "Feature", "properties": { "source": "cw=track", "target": "hw=track_bicycle=designated", "length_km": 1.0488291291734126, "osm_id": 26271048, "osm_version": 13, "valid_from": "2025-10-31T23:05:41Z", "feature_id": "26271048_13" }, "geometry": { "type": "Point", "coordinates": [ 9.545275319555017, 49.854625432408817 ] } },
{ "type": "Feature", "properties": { "source": "hw=cycleway", "target": "hw=path_bicycle=designated", "length_km": 0.12579639008165139, "osm_id": 26407011, "osm_version": 6, "valid_from": "2025-12-05T16:42:07Z", "feature_id": "26407011_6" }, "geometry": { "type": "Point", "coordinates": [ 10.805786826037021, 49.70120283223806 ] } },
{ "type": "Feature", "properties": { "source": "hw=footway_bicycle=yes", "target": "hw=path_bicycle=designated", "length_km": 0.079371526354937272, "osm_id": 26533780, "osm_version": 6, "valid_from": "2025-09-06T17:40:20Z", "feature_id": "26533780_6" }, "geometry": { "type": "Point", "coordinates": [ 10.200779403822452, 49.289950800557669 ] } },
{ "type": "Feature", "properties": { "source": "hw=residential_other", "target": "cw=track", "length_km": 0.039973799839506552, "osm_id": 26654581, "osm_version": 16, "valid_from": "2025-09-28T05:13:51Z", "feature_id": "26654581_16" }, "geometry": { "type": "Point", "coordinates": [ 8.712104921831852, 48.904670658712178 ] } },
{ "type": "Feature", "properties": { "source": "hw=track_other", "target": "hw=path_bicycle=designated", "length_km": 1.9271224193042786, "osm_id": 26729853, "osm_version": 12, "valid_from": "2025-11-04T16:06:04Z", "feature_id": "26729853_12" }, "geometry": { "type": "Point", "coordinates": [ 7.845352680182762, 48.615682644944812 ] } },
{ "type": "Feature", "properties": { "source": "hw=footway_bicycle=yes", "target": "hw=path_bicycle=designated", "length_km": 0.15152183965462446, "osm_id": 26794202, "osm_version": 5, "valid_from": "2025-10-02T08:24:46Z", "feature_id": "26794202_5" }, "geometry": { "type": "Point", "coordinates": [ 7.280594592122593, 51.637712527861304 ] } },
{ "type": "Feature", "properties": { "source": "hw=tertiary_other", "target": "cw=lane", "length_km": 0.069041137448739229, "osm_id": 26921593, "osm_version": 14, "valid_from": "2025-11-05T19:23:09Z", "feature_id": "26921593_14" }, "geometry": { "type": "Point", "coordinates": [ 6.442857073503731, 50.895693684014049 ] } },
{ "type": "Feature", "properties": { "source": "hw=secondary_other", "target": "cw=track", "length_km": 0.39955435485137081, "osm_id": 26937467, "osm_version": 13, "valid_from": "2025-08-21T20:18:28Z", "feature_id": "26937467_13" }, "geometry": { "type": "Point", "coordinates": [ 7.584741394595691, 51.44868044990956 ] } },
{ "type": "Feature", "properties": { "source": "hw=path_other", "target": "hw=path_bicycle=designated", "length_km": 0.3834600019357492, "osm_id": 26972221, "osm_version": 24, "valid_from": "2025-12-30T20:58:30Z", "feature_id": "26972221_24" }, "geometry": { "type": "Point", "coordinates": [ 6.694463345076654, 50.883139607136272 ] } },
{ "type": "Feature", "properties": { "source": "hw=path_other", "target": "hw=path_bicycle=designated", "length_km": 0.02949048545360124, "osm_id": 26972244, "osm_version": 8, "valid_from": "2025-12-30T20:58:30Z", "feature_id": "26972244_8" }, "geometry": { "type": "Point", "coordinates": [ 6.693361313664512, 50.884909904272888 ] } },
{ "type": "Feature", "properties": { "source": "hw=path_other", "target": "hw=path_bicycle=designated", "length_km": 0.017196999402212674, "osm_id": 27001931, "osm_version": 9, "valid_from": "2025-10-23T13:52:08Z", "feature_id": "27001931_9" }, "geometry": { "type": "Point", "coordinates": [ 9.788824487568274, 48.404221701516093 ] } },
{ "type": "Feature", "properties": { "source": "hw=service_other", "target": "bicycle_road", "length_km": 0.097016421286813245, "osm_id": 27090390, "osm_version": 7, "valid_from": "2025-12-09T15:33:38Z", "feature_id": "27090390_7" }, "geometry": { "type": "Point", "coordinates": [ 14.380254436657035, 51.696407002562573 ] } },
{ "type": "Feature", "properties": { "source": "hw=service_other", "target": "bicycle_road", "length_km": 0.04975513583421038, "osm_id": 27090399, "osm_version": 11, "valid_from": "2025-12-09T15:33:38Z", "feature_id": "27090399_11" }, "geometry": { "type": "Point", "coordinates": [ 14.38184275, 51.69905705 ] } },
{ "type": "Feature", "properties": { "source": "hw=track_other", "target": "hw=track_bicycle=designated", "length_km": 0.47310453831768545, "osm_id": 27219232, "osm_version": 13, "valid_from": "2025-11-23T11:16:35Z", "feature_id": "27219232_13" }, "geometry": { "type": "Point", "coordinates": [ 9.541259839619057, 50.024204344456734 ] } },
{ "type": "Feature", "properties": { "source": "hw=footway_other", "target": "hw=path_bicycle=designated", "length_km": 0.78985714812310159, "osm_id": 27261112, "osm_version": 10, "valid_from": "2025-08-23T05:46:55Z", "feature_id": "27261112_10" }, "geometry": { "type": "Point", "coordinates": [ 7.103385251877725, 51.566328170093442 ] } },
{ "type": "Feature", "properties": { "source": "hw=path_other", "target": "hw=path_bicycle=designated", "length_km": 0.12288628030164685, "osm_id": 27414077, "osm_version": 9, "valid_from": "2025-11-03T15:00:01Z", "feature_id": "27414077_9" }, "geometry": { "type": "Point", "coordinates": [ 12.064463397126238, 51.567681294308976 ] } },
{ "type": "Feature", "properties": { "source": "hw=residential_other", "target": "cw=lane", "length_km": 0.24771644916970362, "osm_id": 27434046, "osm_version": 8, "valid_from": "2025-09-21T11:40:27Z", "feature_id": "27434046_8" }, "geometry": { "type": "Point", "coordinates": [ 6.623275605740518, 51.651072188968961 ] } },
{ "type": "Feature", "properties": { "source": "hw=footway_bicycle=yes", "target": "hw=path_bicycle=designated", "length_km": 0.30729046330993309, "osm_id": 27621739, "osm_version": 11, "valid_from": "2025-12-06T15:38:16Z", "feature_id": "27621739_11" }, "geometry": { "type": "Point", "coordinates": [ 10.32418446044327, 49.069050436840968 ] } },
{ "type": "Feature", "properties": { "source": "hw=cycleway", "target": "hw=path_bicycle=designated", "length_km": 0.058206688225990122, "osm_id": 27707498, "osm_version": 5, "valid_from": "2025-09-06T12:48:15Z", "feature_id": "27707498_5" }, "geometry": { "type": "Point", "coordinates": [ 12.422338042224824, 51.1132709494849 ] } },
{ "type": "Feature", "properties": { "source": "hw=cycleway", "target": "hw=path_bicycle=designated", "length_km": 3.3276921736948837, "osm_id": 27707505, "osm_version": 22, "valid_from": "2025-09-06T12:48:15Z", "feature_id": "27707505_22" }, "geometry": { "type": "Point", "coordinates": [ 12.421534889272486, 51.12884873971344 ] } },
{ "type": "Feature", "properties": { "source": "hw=path_other", "target": "hw=path_bicycle=designated", "length_km": 1.0065660307299837, "osm_id": 27739220, "osm_version": 21, "valid_from": "2025-11-18T14:40:23Z", "feature_id": "27739220_21" }, "geometry": { "type": "Point", "coordinates": [ 12.211170355941329, 49.335725388290918 ] } },
{ "type": "Feature", "properties": { "source": "hw=path_other", "target": "hw=path_bicycle=designated", "length_km": 0.14944764696602375, "osm_id": 27942400, "osm_version": 4, "valid_from": "2025-09-07T12:15:35Z", "feature_id": "27942400_4" }, "geometry": { "type": "Point", "coordinates": [ 12.295484973530257, 49.26341722907344 ] } },
{ "type": "Feature", "properties": { "source": "hw=path_other", "target": "hw=path_bicycle=designated", "length_km": 0.36172272592875571, "osm_id": 27942401, "osm_version": 4, "valid_from": "2025-09-07T12:15:35Z", "feature_id": "27942401_4" }, "geometry": { "type": "Point", "coordinates": [ 12.298162378724157, 49.265996414962615 ] } },
{ "type": "Feature", "properties": { "source": "hw=path_other", "target": "hw=path_bicycle=designated", "length_km": 0.020638650087324087, "osm_id": 27942402, "osm_version": 3, "valid_from": "2025-09-07T12:15:35Z", "feature_id": "27942402_3" }, "geometry": { "type": "Point", "coordinates": [ 12.2954045, 49.2640417 ] } },
{ "type": "Feature", "properties": { "source": "hw=path_other", "target": "hw=path_bicycle=designated", "length_km": 0.44646607691440354, "osm_id": 27942404, "osm_version": 6, "valid_from": "2025-09-07T12:15:35Z", "feature_id": "27942404_6" }, "geometry": { "type": "Point", "coordinates": [ 12.29758596952041, 49.25842316296476 ] } },
{ "type": "Feature", "properties": { "source": "hw=path_other", "target": "hw=path_bicycle=designated", "length_km": 0.00615000670405739, "osm_id": 27942405, "osm_version": 4, "valid_from": "2025-09-07T12:15:35Z", "feature_id": "27942405_4" }, "geometry": { "type": "Point", "coordinates": [ 12.29658855, 49.25658355 ] } },
{ "type": "Feature", "properties": { "source": "hw=path_other", "target": "hw=path_bicycle=designated", "length_km": 0.040746192307188671, "osm_id": 27942406, "osm_version": 4, "valid_from": "2025-09-07T12:15:35Z", "feature_id": "27942406_4" }, "geometry": { "type": "Point", "coordinates": [ 12.297063288693561, 49.256397357589137 ] } },
{ "type": "Feature", "properties": { "source": "hw=residential_other", "target": "cw=track", "length_km": 0.047771062058136166, "osm_id": 27952472, "osm_version": 12, "valid_from": "2025-09-21T11:40:27Z", "feature_id": "27952472_12" }, "geometry": { "type": "Point", "coordinates": [ 6.62254405, 51.65474135 ] } },
{ "type": "Feature", "properties": { "source": "hw=unclassified_other", "target": "bicycle_road", "length_km": 0.77721484819041886, "osm_id": 28253135, "osm_version": 31, "valid_from": "2025-11-19T08:33:02Z", "feature_id": "28253135_31" }, "geometry": { "type": "Point", "coordinates": [ 14.083284617832414, 50.951032148717275 ] } },
{ "type": "Feature", "properties": { "source": "hw=footway_bicycle=yes", "target": "hw=path_bicycle=designated", "length_km": 0.026670638046632351, "osm_id": 28256094, "osm_version": 18, "valid_from": "2025-10-24T18:55:00Z", "feature_id": "28256094_18" }, "geometry": { "type": "Point", "coordinates": [ 8.475470042991656, 50.179148107913086 ] } },
{ "type": "Feature", "properties": { "source": "hw=secondary_other", "target": "cw=track", "length_km": 0.027839381185367378, "osm_id": 28262875, "osm_version": 9, "valid_from": "2026-01-04T14:45:03Z", "feature_id": "28262875_9" }, "geometry": { "type": "Point", "coordinates": [ 6.7588607, 51.5721978 ] } },
{ "type": "Feature", "properties": { "source": "hw=secondary_other", "target": "cw=track", "length_km": 0.37848842492981633, "osm_id": 28262876, "osm_version": 12, "valid_from": "2026-01-04T14:45:03Z", "feature_id": "28262876_12" }, "geometry": { "type": "Point", "coordinates": [ 6.760417162430569, 51.570894169670716 ] } },
{ "type": "Feature", "properties": { "source": "hw=path_other", "target": "hw=path_bicycle=designated", "length_km": 0.38273088107457381, "osm_id": 28340756, "osm_version": 13, "valid_from": "2025-11-05T19:38:23Z", "feature_id": "28340756_13" }, "geometry": { "type": "Point", "coordinates": [ 7.125903317423305, 51.999637657338148 ] } },
{ "type": "Feature", "properties": { "source": "hw=track_other", "target": "hw=path_bicycle=designated", "length_km": 2.2317070199284164, "osm_id": 28420854, "osm_version": 22, "valid_from": "2025-12-16T19:33:47Z", "feature_id": "28420854_22" }, "geometry": { "type": "Point", "coordinates": [ 11.69394292261342, 51.086718314007562 ] } },
{ "type": "Feature", "properties": { "source": "hw=secondary_other", "target": "cw=lane", "length_km": 0.015813261010863996, "osm_id": 28450869, "osm_version": 6, "valid_from": "2025-12-05T17:27:11Z", "feature_id": "28450869_6" }, "geometry": { "type": "Point", "coordinates": [ 7.32018645, 52.206467 ] } },
{ "type": "Feature", "properties": { "source": "hw=residential_other", "target": "cw=track", "length_km": 0.26002514981276192, "osm_id": 28453348, "osm_version": 14, "valid_from": "2025-11-21T18:30:58Z", "feature_id": "28453348_14" }, "geometry": { "type": "Point", "coordinates": [ 7.451940483946841, 52.287942581490412 ] } },
{ "type": "Feature", "properties": { "source": "hw=primary_other", "target": "cw=track", "length_km": 0.48805458084898323, "osm_id": 28471043, "osm_version": 15, "valid_from": "2025-10-31T15:55:39Z", "feature_id": "28471043_15" }, "geometry": { "type": "Point", "coordinates": [ 13.427731172951153, 53.422102237634356 ] } },
{ "type": "Feature", "properties": { "source": "hw=footway_other", "target": "hw=footway_bicycle=yes", "length_km": 0.42896393010115413, "osm_id": 28511076, "osm_version": 7, "valid_from": "2026-01-01T16:30:04Z", "feature_id": "28511076_7" }, "geometry": { "type": "Point", "coordinates": [ 7.059567751162012, 51.28746940437108 ] } },
{ "type": "Feature", "properties": { "source": "hw=footway_bicycle=yes", "target": "hw=path_bicycle=designated", "length_km": 0.038854437819387376, "osm_id": 28544022, "osm_version": 7, "valid_from": "2025-10-15T17:11:27Z", "feature_id": "28544022_7" }, "geometry": { "type": "Point", "coordinates": [ 6.76439625, 51.318645 ] } },
{ "type": "Feature", "properties": { "source": "hw=residential_other", "target": "cw=lane", "length_km": 0.21960978352746319, "osm_id": 28657784, "osm_version": 20, "valid_from": "2025-09-08T15:45:57Z", "feature_id": "28657784_20" }, "geometry": { "type": "Point", "coordinates": [ 6.193595803837905, 51.283631219807873 ] } },
{ "type": "Feature", "properties": { "source": "hw=tertiary_other", "target": "cw=track", "length_km": 0.11787916771555708, "osm_id": 28666029, "osm_version": 21, "valid_from": "2025-09-07T16:30:27Z", "feature_id": "28666029_21" }, "geometry": { "type": "Point", "coordinates": [ 7.014432677295249, 52.082117759035548 ] } },
{ "type": "Feature", "properties": { "source": "hw=footway_other", "target": "hw=path_bicycle=designated", "length_km": 0.043329594058107719, "osm_id": 28819694, "osm_version": 4, "valid_from": "2025-10-19T14:21:39Z", "feature_id": "28819694_4" }, "geometry": { "type": "Point", "coordinates": [ 7.872920120286405, 50.789625040489021 ] } },
{ "type": "Feature", "properties": { "source": "hw=footway_other", "target": "hw=path_bicycle=designated", "length_km": 0.045571428325479418, "osm_id": 28819695, "osm_version": 7, "valid_from": "2025-10-19T14:21:39Z", "feature_id": "28819695_7" }, "geometry": { "type": "Point", "coordinates": [ 7.87315549089217, 50.789874880814402 ] } },
{ "type": "Feature", "properties": { "source": "hw=footway_other", "target": "hw=path_bicycle=designated", "length_km": 0.10665754027395527, "osm_id": 28985585, "osm_version": 6, "valid_from": "2025-12-08T20:10:28Z", "feature_id": "28985585_6" }, "geometry": { "type": "Point", "coordinates": [ 10.816991727486879, 54.100142875313331 ] } },
{ "type": "Feature", "properties": { "source": "hw=footway_other", "target": "hw=path_bicycle=designated", "length_km": 0.12176963560397733, "osm_id": 28999473, "osm_version": 6, "valid_from": "2025-11-08T02:42:29Z", "feature_id": "28999473_6" }, "geometry": { "type": "Point", "coordinates": [ 8.995007872236432, 48.792672330786239 ] } },
{ "type": "Feature", "properties": { "source": "hw=secondary_other", "target": "cw=track", "length_km": 0.3956499283738259, "osm_id": 29071792, "osm_version": 18, "valid_from": "2026-01-04T14:45:03Z", "feature_id": "29071792_18" }, "geometry": { "type": "Point", "coordinates": [ 6.761649133229778, 51.567364192262431 ] } },
{ "type": "Feature", "properties": { "source": "hw=footway_other", "target": "hw=path_bicycle=designated", "length_km": 0.20223824200203652, "osm_id": 29404179, "osm_version": 2, "valid_from": "2025-09-08T14:39:25Z", "feature_id": "29404179_2" }, "geometry": { "type": "Point", "coordinates": [ 12.354671419482548, 49.343049400065055 ] } },
{ "type": "Feature", "properties": { "source": "hw=footway_other", "target": "hw=path_bicycle=designated", "length_km": 0.11159522364323647, "osm_id": 29410172, "osm_version": 4, "valid_from": "2025-11-16T12:06:13Z", "feature_id": "29410172_4" }, "geometry": { "type": "Point", "coordinates": [ 12.500838372029071, 49.388615938971604 ] } },
{ "type": "Feature", "properties": { "source": "hw=footway_other", "target": "hw=path_bicycle=designated", "length_km": 0.016393344694195278, "osm_id": 29410173, "osm_version": 4, "valid_from": "2025-11-16T12:06:13Z", "feature_id": "29410173_4" }, "geometry": { "type": "Point", "coordinates": [ 12.50161615, 49.388772 ] } },
{ "type": "Feature", "properties": { "source": "hw=footway_other", "target": "hw=path_bicycle=designated", "length_km": 0.065478471049067552, "osm_id": 29410174, "osm_version": 4, "valid_from": "2025-11-16T12:06:13Z", "feature_id": "29410174_4" }, "geometry": { "type": "Point", "coordinates": [ 12.501916308992216, 49.389022476108877 ] } },
{ "type": "Feature", "properties": { "source": "hw=path_other", "target": "hw=path_bicycle=designated", "length_km": 0.23642721738860681, "osm_id": 29411502, "osm_version": 8, "valid_from": "2025-09-08T15:12:05Z", "feature_id": "29411502_8" }, "geometry": { "type": "Point", "coordinates": [ 12.685520359017749, 49.38766371067566 ] } },
{ "type": "Feature", "properties": { "source": "hw=secondary_other", "target": "cw=track", "length_km": 0.070967042535104205, "osm_id": 29461854, "osm_version": 6, "valid_from": "2025-11-20T17:40:48Z", "feature_id": "29461854_6" }, "geometry": { "type": "Point", "coordinates": [ 9.3752218, 49.57848405 ] } },
{ "type": "Feature", "properties": { "source": "hw=path_other", "target": "hw=path_bicycle=designated", "length_km": 0.815725409039188, "osm_id": 29499322, "osm_version": 7, "valid_from": "2025-10-15T16:49:19Z", "feature_id": "29499322_7" }, "geometry": { "type": "Point", "coordinates": [ 8.591116062946812, 51.660465109526783 ] } },
{ "type": "Feature", "properties": { "source": "hw=footway_other", "target": "hw=path_bicycle=designated", "length_km": 0.064272114460512397, "osm_id": 29994964, "osm_version": 8, "valid_from": "2025-12-29T17:00:56Z", "feature_id": "29994964_8" }, "geometry": { "type": "Point", "coordinates": [ 12.621591511632285, 51.452449575491599 ] } },
{ "type": "Feature", "properties": { "source": "hw=footway_other", "target": "hw=path_bicycle=designated", "length_km": 0.11490931188577942, "osm_id": 30198157, "osm_version": 2, "valid_from": "2025-09-16T09:50:57Z", "feature_id": "30198157_2" }, "geometry": { "type": "Point", "coordinates": [ 6.738962728392552, 51.537119010287654 ] } },
{ "type": "Feature", "properties": { "source": "hw=secondary_other", "target": "cw=track", "length_km": 0.027841111222980511, "osm_id": 30201348, "osm_version": 24, "valid_from": "2025-08-23T06:09:10Z", "feature_id": "30201348_24" }, "geometry": { "type": "Point", "coordinates": [ 6.930957869193873, 51.534576402854512 ] } },
{ "type": "Feature", "properties": { "source": "hw=secondary_other", "target": "cw=track", "length_km": 0.16085345768660766, "osm_id": 30201351, "osm_version": 15, "valid_from": "2025-08-23T06:09:10Z", "feature_id": "30201351_15" }, "geometry": { "type": "Point", "coordinates": [ 6.92941133772082, 51.530257063127436 ] } },
{ "type": "Feature", "properties": { "source": "hw=secondary_other", "target": "cw=lane", "length_km": 0.0071578346343984167, "osm_id": 30242450, "osm_version": 19, "valid_from": "2025-09-15T16:23:19Z", "feature_id": "30242450_19" }, "geometry": { "type": "Point", "coordinates": [ 8.0184849, 50.8733039 ] } },
{ "type": "Feature", "properties": { "source": "hw=footway_bicycle=yes", "target": "hw=path_bicycle=designated", "length_km": 0.075192934785017068, "osm_id": 30575038, "osm_version": 17, "valid_from": "2025-08-07T13:20:28Z", "feature_id": "30575038_17" }, "geometry": { "type": "Point", "coordinates": [ 9.267978236790858, 48.569847553617585 ] } },
{ "type": "Feature", "properties": { "source": "hw=secondary_other", "target": "cw=lane", "length_km": 0.016820437248254595, "osm_id": 31093660, "osm_version": 17, "valid_from": "2025-09-15T16:23:19Z", "feature_id": "31093660_17" }, "geometry": { "type": "Point", "coordinates": [ 8.01837325, 50.87322255 ] } },
{ "type": "Feature", "properties": { "source": "hw=secondary_other", "target": "cw=lane", "length_km": 0.046769290585330386, "osm_id": 31548841, "osm_version": 16, "valid_from": "2025-09-15T16:23:19Z", "feature_id": "31548841_16" }, "geometry": { "type": "Point", "coordinates": [ 8.018077670272513, 50.873005770228978 ] } },
{ "type": "Feature", "properties": { "source": "hw=primary_other", "target": "cw=track", "length_km": 0.031412092641621606, "osm_id": 32111205, "osm_version": 9, "valid_from": "2025-09-25T08:15:07Z", "feature_id": "32111205_9" }, "geometry": { "type": "Point", "coordinates": [ 8.827624955544586, 50.119840800743553 ] } },
{ "type": "Feature", "properties": { "source": "hw=service_other", "target": "hw=path_bicycle=designated", "length_km": 0.069778563574742658, "osm_id": 32208576, "osm_version": 12, "valid_from": "2025-08-07T10:37:00Z", "feature_id": "32208576_12" }, "geometry": { "type": "Point", "coordinates": [ 10.825449602551693, 49.912348226076659 ] } },
{ "type": "Feature", "properties": { "source": "hw=secondary_other", "target": "cw=lane", "length_km": 0.11057563219854039, "osm_id": 32516690, "osm_version": 24, "valid_from": "2025-11-24T11:36:17Z", "feature_id": "32516690_24" }, "geometry": { "type": "Point", "coordinates": [ 10.46265109694609, 51.20147853212444 ] } },
{ "type": "Feature", "properties": { "source": "hw=secondary_other", "target": "cw=track", "length_km": 0.052501600752195982, "osm_id": 32720895, "osm_version": 14, "valid_from": "2025-08-22T15:22:14Z", "feature_id": "32720895_14" }, "geometry": { "type": "Point", "coordinates": [ 7.050029540427736, 51.587582664190798 ] } },
{ "type": "Feature", "properties": { "source": "hw=residential_other", "target": "cw=lane", "length_km": 0.12125892340933002, "osm_id": 32869240, "osm_version": 19, "valid_from": "2025-12-13T20:48:46Z", "feature_id": "32869240_19" }, "geometry": { "type": "Point", "coordinates": [ 10.331564762166748, 49.171507429306658 ] } },
{ "type": "Feature", "properties": { "source": "hw=residential_other", "target": "bicycle_road", "length_km": 0.41837445408988105, "osm_id": 32929152, "osm_version": 10, "valid_from": "2025-08-23T06:09:10Z", "feature_id": "32929152_10" }, "geometry": { "type": "Point", "coordinates": [ 6.928116621970497, 51.534363867209066 ] } },
{ "type": "Feature", "properties": { "source": "hw=secondary_other", "target": "cw=track", "length_km": 0.065569377876679297, "osm_id": 32930531, "osm_version": 9, "valid_from": "2025-08-23T06:09:10Z", "feature_id": "32930531_9" }, "geometry": { "type": "Point", "coordinates": [ 6.929738738285447, 51.531246238053868 ] } },
{ "type": "Feature", "properties": { "source": "hw=secondary_other", "target": "cw=track", "length_km": 0.17341761677325768, "osm_id": 32930532, "osm_version": 21, "valid_from": "2025-08-23T06:09:10Z", "feature_id": "32930532_21" }, "geometry": { "type": "Point", "coordinates": [ 6.930644520871661, 51.53369284967053 ] } },
{ "type": "Feature", "properties": { "source": "hw=track_bicycle=designated", "target": "hw=path_bicycle=designated", "length_km": 0.44959033411846888, "osm_id": 33047100, "osm_version": 22, "valid_from": "2026-01-01T13:03:33Z", "feature_id": "33047100_22" }, "geometry": { "type": "Point", "coordinates": [ 10.085978010025711, 47.647486581143902 ] } },
{ "type": "Feature", "properties": { "source": "hw=track_other", "target": "hw=track_bicycle=designated", "length_km": 0.39440105415936422, "osm_id": 33286357, "osm_version": 15, "valid_from": "2026-01-01T08:44:14Z", "feature_id": "33286357_15" }, "geometry": { "type": "Point", "coordinates": [ 9.166112351933474, 51.697751664079128 ] } },
{ "type": "Feature", "properties": { "source": "hw=track_other", "target": "hw=track_bicycle=designated", "length_km": 0.5929114915975795, "osm_id": 33287459, "osm_version": 13, "valid_from": "2026-01-01T08:52:12Z", "feature_id": "33287459_13" }, "geometry": { "type": "Point", "coordinates": [ 9.18974608619291, 51.707863508094782 ] } },
{ "type": "Feature", "properties": { "source": "hw=track_other", "target": "hw=track_bicycle=designated", "length_km": 0.022528065223761298, "osm_id": 33289785, "osm_version": 14, "valid_from": "2026-01-01T08:44:14Z", "feature_id": "33289785_14" }, "geometry": { "type": "Point", "coordinates": [ 9.16879755, 51.6984318 ] } },
{ "type": "Feature", "properties": { "source": "hw=track_other", "target": "hw=track_bicycle=designated", "length_km": 0.73372642110873276, "osm_id": 33289787, "osm_version": 12, "valid_from": "2026-01-01T08:44:14Z", "feature_id": "33289787_12" }, "geometry": { "type": "Point", "coordinates": [ 9.17103349440975, 51.701555881523198 ] } },
{ "type": "Feature", "properties": { "source": "hw=track_other", "target": "hw=track_bicycle=designated", "length_km": 1.3992004309590393, "osm_id": 33295134, "osm_version": 10, "valid_from": "2025-12-29T09:42:46Z", "feature_id": "33295134_10" }, "geometry": { "type": "Point", "coordinates": [ 13.684483153713472, 51.509890225132622 ] } },
{ "type": "Feature", "properties": { "source": "hw=footway_bicycle=yes", "target": "hw=path_bicycle=designated", "length_km": 0.058614822141133359, "osm_id": 33306757, "osm_version": 6, "valid_from": "2025-09-29T07:22:37Z", "feature_id": "33306757_6" }, "geometry": { "type": "Point", "coordinates": [ 6.996986879218437, 51.592964944114627 ] } },
{ "type": "Feature", "properties": { "source": "hw=path_other", "target": "hw=path_bicycle=designated", "length_km": 0.028049489076635518, "osm_id": 33607986, "osm_version": 11, "valid_from": "2025-09-20T11:31:09Z", "feature_id": "33607986_11" }, "geometry": { "type": "Point", "coordinates": [ 6.96349875, 51.5822001 ] } },
{ "type": "Feature", "properties": { "source": "hw=footway_bicycle=yes", "target": "hw=path_bicycle=designated", "length_km": 0.025933199360200537, "osm_id": 33649120, "osm_version": 5, "valid_from": "2025-10-31T14:30:54Z", "feature_id": "33649120_5" }, "geometry": { "type": "Point", "coordinates": [ 8.38638905, 48.59039535 ] } },
{ "type": "Feature", "properties": { "source": "hw=track_other", "target": "hw=track_bicycle=designated", "length_km": 0.10024962192976135, "osm_id": 34032644, "osm_version": 14, "valid_from": "2026-01-01T08:44:14Z", "feature_id": "34032644_14" }, "geometry": { "type": "Point", "coordinates": [ 9.163413969893147, 51.697414224834397 ] } },
{ "type": "Feature", "properties": { "source": "hw=track_other", "target": "hw=track_bicycle=designated", "length_km": 1.7003100956810351, "osm_id": 34067788, "osm_version": 17, "valid_from": "2025-12-05T19:06:46Z", "feature_id": "34067788_17" }, "geometry": { "type": "Point", "coordinates": [ 10.643043991911325, 49.21202346804283 ] } },
{ "type": "Feature", "properties": { "source": "hw=primary_other", "target": "cw=track", "length_km": 0.027955511464702001, "osm_id": 34207581, "osm_version": 10, "valid_from": "2025-10-28T19:22:05Z", "feature_id": "34207581_10" }, "geometry": { "type": "Point", "coordinates": [ 8.609444809677814, 51.673535249516107 ] } },
{ "type": "Feature", "properties": { "source": "hw=secondary_other", "target": "cw=track", "length_km": 0.026277379964569504, "osm_id": 34207642, "osm_version": 11, "valid_from": "2025-10-28T19:14:39Z", "feature_id": "34207642_11" }, "geometry": { "type": "Point", "coordinates": [ 8.601090243937273, 51.67162282425091 ] } },
{ "type": "Feature", "properties": { "source": "hw=primary_other", "target": "cw=track", "length_km": 0.024862910051686279, "osm_id": 34207643, "osm_version": 13, "valid_from": "2025-10-28T19:14:39Z", "feature_id": "34207643_13" }, "geometry": { "type": "Point", "coordinates": [ 8.601370669447233, 51.6713813 ] } },
{ "type": "Feature", "properties": { "source": "hw=primary_other", "target": "cw=track", "length_km": 0.086465330770263915, "osm_id": 34207644, "osm_version": 13, "valid_from": "2025-10-28T19:14:39Z", "feature_id": "34207644_13" }, "geometry": { "type": "Point", "coordinates": [ 8.600424966141475, 51.67116509105368 ] } },
{ "type": "Feature", "properties": { "source": "hw=primary_other", "target": "cw=track", "length_km": 0.082809296910114155, "osm_id": 34207645, "osm_version": 14, "valid_from": "2025-10-28T19:14:39Z", "feature_id": "34207645_14" }, "geometry": { "type": "Point", "coordinates": [ 8.600504762558453, 51.671130229273153 ] } },
{ "type": "Feature", "properties": { "source": "hw=primary_other", "target": "cw=track", "length_km": 0.025317792300168958, "osm_id": 34207699, "osm_version": 9, "valid_from": "2025-10-28T19:14:39Z", "feature_id": "34207699_9" }, "geometry": { "type": "Point", "coordinates": [ 8.599415342576558, 51.670702852519803 ] } },
{ "type": "Feature", "properties": { "source": "hw=track_other", "target": "hw=path_bicycle=designated", "length_km": 0.4564995017786021, "osm_id": 34325683, "osm_version": 10, "valid_from": "2025-12-04T14:41:49Z", "feature_id": "34325683_10" }, "geometry": { "type": "Point", "coordinates": [ 12.533308222844047, 51.305812030120833 ] } },
{ "type": "Feature", "properties": { "source": "hw=path_other", "target": "hw=path_bicycle=designated", "length_km": 0.15479027689527733, "osm_id": 34599363, "osm_version": 6, "valid_from": "2025-09-06T17:40:20Z", "feature_id": "34599363_6" }, "geometry": { "type": "Point", "coordinates": [ 10.166820036843903, 49.29550788260417 ] } },
{ "type": "Feature", "properties": { "source": "hw=path_other", "target": "hw=path_bicycle=designated", "length_km": 0.0063198009280906473, "osm_id": 34599744, "osm_version": 6, "valid_from": "2025-09-06T17:40:20Z", "feature_id": "34599744_6" }, "geometry": { "type": "Point", "coordinates": [ 10.1661598, 49.2956399 ] } },
{ "type": "Feature", "properties": { "source": "hw=residential_other", "target": "cw=lane", "length_km": 0.014308245692217489, "osm_id": 35893033, "osm_version": 7, "valid_from": "2025-10-23T12:04:46Z", "feature_id": "35893033_7" }, "geometry": { "type": "Point", "coordinates": [ 6.86179465, 51.84552945 ] } },
{ "type": "Feature", "properties": { "source": "hw=residential_other", "target": "cw=track", "length_km": 0.028516552863609528, "osm_id": 35893034, "osm_version": 13, "valid_from": "2025-10-23T12:04:46Z", "feature_id": "35893034_13" }, "geometry": { "type": "Point", "coordinates": [ 6.862085634759318, 51.845589627757455 ] } },
{ "type": "Feature", "properties": { "source": "hw=secondary_other", "target": "cw=track", "length_km": 1.0022802394070685, "osm_id": 35970030, "osm_version": 12, "valid_from": "2025-12-31T11:45:25Z", "feature_id": "35970030_12" }, "geometry": { "type": "Point", "coordinates": [ 7.25614327767602, 49.3897361950876 ] } },
{ "type": "Feature", "properties": { "source": "hw=primary_other", "target": "cw=track", "length_km": 0.0092681015688084647, "osm_id": 36336959, "osm_version": 13, "valid_from": "2025-10-28T19:14:39Z", "feature_id": "36336959_13" }, "geometry": { "type": "Point", "coordinates": [ 8.60224975, 51.6715264 ] } },
{ "type": "Feature", "properties": { "source": "hw=residential_other", "target": "cw=track", "length_km": 0.018471600156834338, "osm_id": 36336969, "osm_version": 10, "valid_from": "2025-10-28T19:14:39Z", "feature_id": "36336969_10" }, "geometry": { "type": "Point", "coordinates": [ 8.602951303660442, 51.671643542217133 ] } },
{ "type": "Feature", "properties": { "source": "hw=footway_bicycle=yes", "target": "hw=path_bicycle=designated", "length_km": 0.22208879596978562, "osm_id": 36605763, "osm_version": 4, "valid_from": "2025-12-04T14:15:57Z", "feature_id": "36605763_4" }, "geometry": { "type": "Point", "coordinates": [ 10.06208806815169, 49.141799791692939 ] } },
{ "type": "Feature", "properties": { "source": "hw=footway_other", "target": "hw=path_bicycle=designated", "length_km": 0.087699490545142686, "osm_id": 36786173, "osm_version": 2, "valid_from": "2025-12-29T11:55:12Z", "feature_id": "36786173_2" }, "geometry": { "type": "Point", "coordinates": [ 8.141072239558193, 53.402855017877187 ] } },
{ "type": "Feature", "properties": { "source": "hw=footway_bicycle=yes", "target": "hw=path_bicycle=designated", "length_km": 0.074517095543561174, "osm_id": 36953356, "osm_version": 5, "valid_from": "2025-09-20T07:39:24Z", "feature_id": "36953356_5" }, "geometry": { "type": "Point", "coordinates": [ 12.163453290164746, 50.509148599351576 ] } },
{ "type": "Feature", "properties": { "source": "hw=primary_other", "target": "cw=track", "length_km": 0.01153448014302417, "osm_id": 37073920, "osm_version": 10, "valid_from": "2025-10-28T19:14:39Z", "feature_id": "37073920_10" }, "geometry": { "type": "Point", "coordinates": [ 8.6025172, 51.6715413 ] } },
{ "type": "Feature", "properties": { "source": "hw=primary_other", "target": "cw=track", "length_km": 0.0062457223440692596, "osm_id": 37073921, "osm_version": 8, "valid_from": "2025-10-28T19:14:39Z", "feature_id": "37073921_8" }, "geometry": { "type": "Point", "coordinates": [ 8.6023614, 51.67153285 ] } },
{ "type": "Feature", "properties": { "source": "hw=track_other", "target": "hw=track_bicycle=designated", "length_km": 0.48667668046148332, "osm_id": 37389782, "osm_version": 7, "valid_from": "2026-01-02T10:46:59Z", "feature_id": "37389782_7" }, "geometry": { "type": "Point", "coordinates": [ 7.259256123166758, 49.329037716661624 ] } },
{ "type": "Feature", "properties": { "source": "hw=tertiary_other", "target": "cw=track", "length_km": 0.084012085819041016, "osm_id": 37484553, "osm_version": 9, "valid_from": "2025-09-07T10:10:12Z", "feature_id": "37484553_9" }, "geometry": { "type": "Point", "coordinates": [ 7.461598036988859, 50.431089264870479 ] } },
{ "type": "Feature", "properties": { "source": "hw=footway_bicycle=yes", "target": "hw=path_bicycle=designated", "length_km": 0.0331190570731257, "osm_id": 37559407, "osm_version": 6, "valid_from": "2025-10-08T10:34:06Z", "feature_id": "37559407_6" }, "geometry": { "type": "Point", "coordinates": [ 6.631477813839639, 51.67443219844214 ] } },
{ "type": "Feature", "properties": { "source": "hw=secondary_other", "target": "cw=lane", "length_km": 0.3156116643145363, "osm_id": 37687423, "osm_version": 25, "valid_from": "2025-10-11T09:25:18Z", "feature_id": "37687423_25" }, "geometry": { "type": "Point", "coordinates": [ 7.152198422023578, 50.72464621642407 ] } },
{ "type": "Feature", "properties": { "source": "hw=residential_other", "target": "cw=lane", "length_km": 0.23438537675200977, "osm_id": 38078606, "osm_version": 12, "valid_from": "2025-09-21T11:40:27Z", "feature_id": "38078606_12" }, "geometry": { "type": "Point", "coordinates": [ 6.623671837043423, 51.6579345131153 ] } },
{ "type": "Feature", "properties": { "source": "hw=primary_other", "target": "cw=track", "length_km": 0.023615307686356071, "osm_id": 38079335, "osm_version": 9, "valid_from": "2025-10-28T19:14:39Z", "feature_id": "38079335_9" }, "geometry": { "type": "Point", "coordinates": [ 8.599449248189234, 51.670637385014402 ] } },
{ "type": "Feature", "properties": { "source": "hw=primary_other", "target": "cw=track", "length_km": 0.046438823749678663, "osm_id": 38079497, "osm_version": 10, "valid_from": "2025-10-28T19:14:39Z", "feature_id": "38079497_10" }, "geometry": { "type": "Point", "coordinates": [ 8.601856502417032, 51.671477762509873 ] } },
{ "type": "Feature", "properties": { "source": "hw=secondary_other", "target": "cw=lane", "length_km": 0.034921192690324378, "osm_id": 38079585, "osm_version": 9, "valid_from": "2025-10-28T19:14:39Z", "feature_id": "38079585_9" }, "geometry": { "type": "Point", "coordinates": [ 8.601091829380087, 51.671890386559674 ] } },
{ "type": "Feature", "properties": { "source": "hw=unclassified_other", "target": "cw=track", "length_km": 0.34728064080659621, "osm_id": 38246569, "osm_version": 8, "valid_from": "2025-11-08T17:16:58Z", "feature_id": "38246569_8" }, "geometry": { "type": "Point", "coordinates": [ 12.004173428351415, 50.323145795062409 ] } },
{ "type": "Feature", "properties": { "source": "hw=tertiary_other", "target": "cw=track", "length_km": 0.093862214498474095, "osm_id": 38290118, "osm_version": 12, "valid_from": "2025-09-07T10:10:12Z", "feature_id": "38290118_12" }, "geometry": { "type": "Point", "coordinates": [ 7.463496876390946, 50.42904479376049 ] } },
{ "type": "Feature", "properties": { "source": "hw=tertiary_other", "target": "cw=track", "length_km": 0.14546612838508396, "osm_id": 38290129, "osm_version": 8, "valid_from": "2025-09-07T10:10:12Z", "feature_id": "38290129_8" }, "geometry": { "type": "Point", "coordinates": [ 7.465314968358727, 50.427234419086297 ] } },
{ "type": "Feature", "properties": { "source": "hw=path_other", "target": "hw=path_bicycle=designated", "length_km": 0.29496551559904088, "osm_id": 38384708, "osm_version": 12, "valid_from": "2025-10-18T17:39:04Z", "feature_id": "38384708_12" }, "geometry": { "type": "Point", "coordinates": [ 6.683647166975414, 50.89911839748072 ] } },
{ "type": "Feature", "properties": { "source": "hw=path_other", "target": "hw=path_bicycle=designated", "length_km": 0.4070463999705049, "osm_id": 38632007, "osm_version": 8, "valid_from": "2025-10-23T18:34:05Z", "feature_id": "38632007_8" }, "geometry": { "type": "Point", "coordinates": [ 6.641684493904863, 51.673930916410008 ] } },
{ "type": "Feature", "properties": { "source": "hw=path_other", "target": "hw=path_bicycle=designated", "length_km": 2.3380655991273303, "osm_id": 39153130, "osm_version": 18, "valid_from": "2025-10-28T20:31:42Z", "feature_id": "39153130_18" }, "geometry": { "type": "Point", "coordinates": [ 9.011285564789345, 53.158009001781707 ] } },
{ "type": "Feature", "properties": { "source": "hw=path_other", "target": "hw=path_bicycle=designated", "length_km": 0.083661477496980857, "osm_id": 39433501, "osm_version": 10, "valid_from": "2025-11-20T18:52:16Z", "feature_id": "39433501_10" }, "geometry": { "type": "Point", "coordinates": [ 6.175014120082595, 51.045289424472742 ] } },
{ "type": "Feature", "properties": { "source": "hw=residential_other", "target": "cw=track", "length_km": 0.022739201405122856, "osm_id": 39435253, "osm_version": 4, "valid_from": "2025-11-21T18:30:58Z", "feature_id": "39435253_4" }, "geometry": { "type": "Point", "coordinates": [ 7.4525707, 52.2865865 ] } },
{ "type": "Feature", "properties": { "source": "hw=residential_other", "target": "cw=track", "length_km": 0.012123820210640453, "osm_id": 39435254, "osm_version": 11, "valid_from": "2025-11-21T18:30:58Z", "feature_id": "39435254_11" }, "geometry": { "type": "Point", "coordinates": [ 7.4526184, 52.28643275 ] } },
{ "type": "Feature", "properties": { "source": "hw=path_other", "target": "hw=path_bicycle=designated", "length_km": 0.68197552795961258, "osm_id": 39459846, "osm_version": 10, "valid_from": "2026-01-02T10:18:26Z", "feature_id": "39459846_10" }, "geometry": { "type": "Point", "coordinates": [ 7.60888653313051, 49.478936145616316 ] } },
{ "type": "Feature", "properties": { "source": "hw=tertiary_other", "target": "cw=track", "length_km": 0.21534743912616502, "osm_id": 39545667, "osm_version": 10, "valid_from": "2025-10-28T20:16:24Z", "feature_id": "39545667_10" }, "geometry": { "type": "Point", "coordinates": [ 9.389027641126546, 53.296096809200144 ] } },
{ "type": "Feature", "properties": { "source": "hw=cycleway", "target": "hw=path_bicycle=designated", "length_km": 0.24131824043443234, "osm_id": 39783117, "osm_version": 3, "valid_from": "2025-09-27T08:49:52Z", "feature_id": "39783117_3" }, "geometry": { "type": "Point", "coordinates": [ 9.077654361443109, 53.798832459541664 ] } },
{ "type": "Feature", "properties": { "source": "hw=path_other", "target": "hw=path_bicycle=designated", "length_km": 0.22103830111986147, "osm_id": 39840773, "osm_version": 10, "valid_from": "2025-11-18T14:40:23Z", "feature_id": "39840773_10" }, "geometry": { "type": "Point", "coordinates": [ 12.211393527279782, 49.33020655296216 ] } },
{ "type": "Feature", "properties": { "source": "hw=path_other", "target": "hw=path_bicycle=designated", "length_km": 0.40983471367545676, "osm_id": 39840789, "osm_version": 13, "valid_from": "2025-11-18T14:40:23Z", "feature_id": "39840789_13" }, "geometry": { "type": "Point", "coordinates": [ 12.211842719877744, 49.327008973545617 ] } },
{ "type": "Feature", "properties": { "source": "hw=track_other", "target": "hw=path_bicycle=designated", "length_km": 0.22398929811838136, "osm_id": 40409227, "osm_version": 9, "valid_from": "2025-11-24T13:01:36Z", "feature_id": "40409227_9" }, "geometry": { "type": "Point", "coordinates": [ 9.549677184984191, 48.523345069897843 ] } },
{ "type": "Feature", "properties": { "source": "hw=tertiary_other", "target": "cw=lane", "length_km": 0.162418901484327, "osm_id": 40551606, "osm_version": 21, "valid_from": "2025-09-06T10:26:42Z", "feature_id": "40551606_21" }, "geometry": { "type": "Point", "coordinates": [ 11.942266737486699, 51.454271177981958 ] } },
{ "type": "Feature", "properties": { "source": "hw=tertiary_other", "target": "cw=lane", "length_km": 0.014584002895530955, "osm_id": 40551610, "osm_version": 17, "valid_from": "2025-09-06T10:26:42Z", "feature_id": "40551610_17" }, "geometry": { "type": "Point", "coordinates": [ 11.94281875, 51.455137 ] } },
{ "type": "Feature", "properties": { "source": "hw=footway_other", "target": "hw=path_bicycle=designated", "length_km": 0.20864411198707764, "osm_id": 40584181, "osm_version": 4, "valid_from": "2025-12-16T18:59:53Z", "feature_id": "40584181_4" }, "geometry": { "type": "Point", "coordinates": [ 11.570355207072344, 50.694457591986655 ] } },
{ "type": "Feature", "properties": { "source": "hw=track_other", "target": "hw=track_bicycle=designated", "length_km": 0.65136468640507528, "osm_id": 40703601, "osm_version": 10, "valid_from": "2025-11-24T15:39:08Z", "feature_id": "40703601_10" }, "geometry": { "type": "Point", "coordinates": [ 9.869973785485556, 50.50850662874101 ] } },
{ "type": "Feature", "properties": { "source": "hw=footway_bicycle=yes", "target": "hw=path_bicycle=designated", "length_km": 0.035722202864492375, "osm_id": 41844479, "osm_version": 11, "valid_from": "2025-09-21T09:05:44Z", "feature_id": "41844479_11" }, "geometry": { "type": "Point", "coordinates": [ 7.72149891164541, 48.259126557552676 ] } },
{ "type": "Feature", "properties": { "source": "hw=primary_other", "target": "cw=track", "length_km": 0.28500131769795817, "osm_id": 42098745, "osm_version": 9, "valid_from": "2025-09-17T13:31:56Z", "feature_id": "42098745_9" }, "geometry": { "type": "Point", "coordinates": [ 8.429905434256378, 51.627350984333304 ] } },
{ "type": "Feature", "properties": { "source": "hw=track_other", "target": "hw=path_bicycle=designated", "length_km": 0.23721815664715204, "osm_id": 43444590, "osm_version": 7, "valid_from": "2025-10-31T14:30:54Z", "feature_id": "43444590_7" }, "geometry": { "type": "Point", "coordinates": [ 8.384693888154121, 48.596885147801558 ] } },
{ "type": "Feature", "properties": { "source": "hw=cycleway", "target": "hw=path_bicycle=designated", "length_km": 0.067103052225635257, "osm_id": 43517774, "osm_version": 11, "valid_from": "2025-12-16T19:33:47Z", "feature_id": "43517774_11" }, "geometry": { "type": "Point", "coordinates": [ 11.683893481594117, 51.093410234638547 ] } },
{ "type": "Feature", "properties": { "source": "hw=track_other", "target": "hw=track_bicycle=designated", "length_km": 1.2832764928716032, "osm_id": 43866055, "osm_version": 19, "valid_from": "2025-09-07T11:26:15Z", "feature_id": "43866055_19" }, "geometry": { "type": "Point", "coordinates": [ 12.694934285688452, 47.809177440523307 ] } },
{ "type": "Feature", "properties": { "source": "hw=tertiary_other", "target": "cw=lane", "length_km": 0.34624075985495001, "osm_id": 44492703, "osm_version": 11, "valid_from": "2025-09-16T09:50:57Z", "feature_id": "44492703_11" }, "geometry": { "type": "Point", "coordinates": [ 6.721701166050888, 51.543241390684841 ] } },
{ "type": "Feature", "properties": { "source": "hw=secondary_other", "target": "cw=lane", "length_km": 0.13145711755714801, "osm_id": 44587545, "osm_version": 16, "valid_from": "2025-10-11T09:25:18Z", "feature_id": "44587545_16" }, "geometry": { "type": "Point", "coordinates": [ 7.148686430983785, 50.726579395935296 ] } },
{ "type": "Feature", "properties": { "source": "hw=cycleway", "target": "hw=path_bicycle=designated", "length_km": 0.2302144309373437, "osm_id": 44908342, "osm_version": 4, "valid_from": "2025-10-30T18:29:04Z", "feature_id": "44908342_4" }, "geometry": { "type": "Point", "coordinates": [ 11.58896448361209, 50.110830731599663 ] } },
{ "type": "Feature", "properties": { "source": "hw=cycleway", "target": "hw=path_bicycle=designated", "length_km": 0.052180661156924178, "osm_id": 44908343, "osm_version": 3, "valid_from": "2025-10-30T18:29:04Z", "feature_id": "44908343_3" }, "geometry": { "type": "Point", "coordinates": [ 11.59021725, 50.1098313 ] } },
{ "type": "Feature", "properties": { "source": "hw=primary_other", "target": "cw=lane", "length_km": 0.408806922601399, "osm_id": 44940226, "osm_version": 10, "valid_from": "2025-10-08T09:05:53Z", "feature_id": "44940226_10" }, "geometry": { "type": "Point", "coordinates": [ 6.843265960973686, 51.76867016950748 ] } },
{ "type": "Feature", "properties": { "source": "hw=path_other", "target": "hw=path_bicycle=designated", "length_km": 0.0083429060620698863, "osm_id": 45300461, "osm_version": 2, "valid_from": "2025-09-06T17:40:20Z", "feature_id": "45300461_2" }, "geometry": { "type": "Point", "coordinates": [ 10.16610505, 49.2956951 ] } },
{ "type": "Feature", "properties": { "source": "hw=path_other", "target": "hw=path_bicycle=designated", "length_km": 0.28591923011259379, "osm_id": 45300462, "osm_version": 3, "valid_from": "2025-09-06T17:40:20Z", "feature_id": "45300462_3" }, "geometry": { "type": "Point", "coordinates": [ 10.165915119647655, 49.296993338061725 ] } },
{ "type": "Feature", "properties": { "source": "hw=primary_other", "target": "cw=track", "length_km": 0.30012267436040824, "osm_id": 45382267, "osm_version": 12, "valid_from": "2025-08-22T20:20:12Z", "feature_id": "45382267_12" }, "geometry": { "type": "Point", "coordinates": [ 7.046936251316052, 51.584779126361646 ] } },
{ "type": "Feature", "properties": { "source": "hw=tertiary_other", "target": "cw=lane", "length_km": 0.09890005010339184, "osm_id": 45422453, "osm_version": 6, "valid_from": "2025-11-15T15:48:57Z", "feature_id": "45422453_6" }, "geometry": { "type": "Point", "coordinates": [ 7.100095351934239, 51.523403538641944 ] } },
{ "type": "Feature", "properties": { "source": "hw=residential_other", "target": "cw=lane", "length_km": 0.095059026327970239, "osm_id": 45422454, "osm_version": 6, "valid_from": "2025-11-15T15:48:57Z", "feature_id": "45422454_6" }, "geometry": { "type": "Point", "coordinates": [ 7.100210383920365, 51.522830493455963 ] } },
{ "type": "Feature", "properties": { "source": "hw=secondary_other", "target": "cw=track", "length_km": 0.22820891747380509, "osm_id": 47197344, "osm_version": 18, "valid_from": "2025-10-23T12:04:46Z", "feature_id": "47197344_18" }, "geometry": { "type": "Point", "coordinates": [ 6.863264459804649, 51.847182578413161 ] } },
{ "type": "Feature", "properties": { "source": "hw=tertiary_other", "target": "cw=track", "length_km": 0.060910618311382683, "osm_id": 47378961, "osm_version": 5, "valid_from": "2025-09-07T10:10:12Z", "feature_id": "47378961_5" }, "geometry": { "type": "Point", "coordinates": [ 7.4641014, 50.428468 ] } },
{ "type": "Feature", "properties": { "source": "hw=path_other", "target": "hw=path_bicycle=designated", "length_km": 0.030680466439074332, "osm_id": 48692493, "osm_version": 5, "valid_from": "2025-09-21T08:47:21Z", "feature_id": "48692493_5" }, "geometry": { "type": "Point", "coordinates": [ 9.21432534777559, 48.088230358892837 ] } },
{ "type": "Feature", "properties": { "source": "hw=footway_other", "target": "hw=path_bicycle=designated", "length_km": 0.01480090443097804, "osm_id": 48694597, "osm_version": 5, "valid_from": "2025-09-21T08:47:21Z", "feature_id": "48694597_5" }, "geometry": { "type": "Point", "coordinates": [ 9.21366141944992, 48.088266359302807 ] } },
{ "type": "Feature", "properties": { "source": "hw=path_other", "target": "hw=path_bicycle=designated", "length_km": 0.080266342757209702, "osm_id": 49071515, "osm_version": 8, "valid_from": "2025-10-15T16:25:42Z", "feature_id": "49071515_8" }, "geometry": { "type": "Point", "coordinates": [ 12.405443047335929, 50.532886706362497 ] } },
{ "type": "Feature", "properties": { "source": "hw=path_other", "target": "hw=path_bicycle=designated", "length_km": 0.059437786976485746, "osm_id": 49133671, "osm_version": 8, "valid_from": "2025-09-21T05:49:30Z", "feature_id": "49133671_8" }, "geometry": { "type": "Point", "coordinates": [ 7.200447222916114, 52.103493564634256 ] } },
{ "type": "Feature", "properties": { "source": "hw=path_other", "target": "hw=path_bicycle=designated", "length_km": 0.51638569577216398, "osm_id": 49133672, "osm_version": 6, "valid_from": "2025-09-21T05:49:30Z", "feature_id": "49133672_6" }, "geometry": { "type": "Point", "coordinates": [ 7.196173947139363, 52.105000058971157 ] } },
{ "type": "Feature", "properties": { "source": "hw=path_other", "target": "hw=path_bicycle=designated", "length_km": 0.048798299784016994, "osm_id": 49133673, "osm_version": 6, "valid_from": "2025-09-21T05:49:30Z", "feature_id": "49133673_6" }, "geometry": { "type": "Point", "coordinates": [ 7.199932725702931, 52.104096507889004 ] } },
{ "type": "Feature", "properties": { "source": "hw=path_other", "target": "hw=path_bicycle=designated", "length_km": 0.037364554576537055, "osm_id": 49133674, "osm_version": 7, "valid_from": "2025-09-21T05:49:30Z", "feature_id": "49133674_7" }, "geometry": { "type": "Point", "coordinates": [ 7.200367485773913, 52.103875191237158 ] } },
{ "type": "Feature", "properties": { "source": "hw=footway_other", "target": "hw=path_bicycle=designated", "length_km": 0.043910892436056323, "osm_id": 51390655, "osm_version": 3, "valid_from": "2025-11-20T17:11:15Z", "feature_id": "51390655_3" }, "geometry": { "type": "Point", "coordinates": [ 12.232097840340577, 49.755814008402417 ] } },
{ "type": "Feature", "properties": { "source": "hw=footway_other", "target": "hw=path_bicycle=designated", "length_km": 0.10609206037749938, "osm_id": 51390656, "osm_version": 6, "valid_from": "2025-11-20T17:11:15Z", "feature_id": "51390656_6" }, "geometry": { "type": "Point", "coordinates": [ 12.231266330435709, 49.757127432276398 ] } },
{ "type": "Feature", "properties": { "source": "hw=footway_other", "target": "hw=path_bicycle=designated", "length_km": 0.018830705730598161, "osm_id": 51390657, "osm_version": 3, "valid_from": "2025-11-20T17:11:15Z", "feature_id": "51390657_3" }, "geometry": { "type": "Point", "coordinates": [ 12.23198515, 49.7560888 ] } },
{ "type": "Feature", "properties": { "source": "hw=path_other", "target": "hw=path_bicycle=designated", "length_km": 1.5372405677253966, "osm_id": 51493976, "osm_version": 16, "valid_from": "2025-09-08T15:53:57Z", "feature_id": "51493976_16" }, "geometry": { "type": "Point", "coordinates": [ 6.227003162275683, 51.138402743475211 ] } },
{ "type": "Feature", "properties": { "source": "hw=tertiary_other", "target": "cw=lane", "length_km": 0.030533763624059913, "osm_id": 51724743, "osm_version": 7, "valid_from": "2025-10-14T18:59:03Z", "feature_id": "51724743_7" }, "geometry": { "type": "Point", "coordinates": [ 6.599692782856154, 51.544141729368931 ] } },
{ "type": "Feature", "properties": { "source": "hw=path_other", "target": "hw=footway_bicycle=yes", "length_km": 0.016333790787189387, "osm_id": 51894878, "osm_version": 5, "valid_from": "2025-09-08T18:10:07Z", "feature_id": "51894878_5" }, "geometry": { "type": "Point", "coordinates": [ 9.438750610568638, 48.972995828010916 ] } },
{ "type": "Feature", "properties": { "source": "hw=tertiary_other", "target": "cw=track", "length_km": 0.12924644468502669, "osm_id": 52870978, "osm_version": 10, "valid_from": "2025-10-28T20:16:24Z", "feature_id": "52870978_10" }, "geometry": { "type": "Point", "coordinates": [ 9.393836559309522, 53.295288204148186 ] } },
{ "type": "Feature", "properties": { "source": "hw=footway_other", "target": "hw=path_bicycle=designated", "length_km": 0.033825503340102439, "osm_id": 53836518, "osm_version": 6, "valid_from": "2025-10-02T09:11:16Z", "feature_id": "53836518_6" }, "geometry": { "type": "Point", "coordinates": [ 12.339478035246332, 49.875909807672066 ] } },
{ "type": "Feature", "properties": { "source": "hw=secondary_other", "target": "cw=track", "length_km": 0.11550750595134117, "osm_id": 54444549, "osm_version": 14, "valid_from": "2025-12-29T12:16:22Z", "feature_id": "54444549_14" }, "geometry": { "type": "Point", "coordinates": [ 6.468509949925581, 51.475653351781723 ] } },
{ "type": "Feature", "properties": { "source": "hw=track_other", "target": "hw=track_bicycle=designated", "length_km": 0.17303000786877118, "osm_id": 54827679, "osm_version": 10, "valid_from": "2025-11-04T16:19:17Z", "feature_id": "54827679_10" }, "geometry": { "type": "Point", "coordinates": [ 9.520439453548416, 48.014907929834088 ] } },
{ "type": "Feature", "properties": { "source": "hw=track_other", "target": "hw=track_bicycle=designated", "length_km": 1.1734639462540855, "osm_id": 54827680, "osm_version": 11, "valid_from": "2025-11-04T16:19:17Z", "feature_id": "54827680_11" }, "geometry": { "type": "Point", "coordinates": [ 9.529240948224816, 48.014738069994671 ] } },
{ "type": "Feature", "properties": { "source": "hw=cycleway", "target": "hw=path_bicycle=designated", "length_km": 0.17329876731125668, "osm_id": 55478220, "osm_version": 9, "valid_from": "2025-10-15T13:09:47Z", "feature_id": "55478220_9" }, "geometry": { "type": "Point", "coordinates": [ 8.446950025862506, 49.939938004856465 ] } },
{ "type": "Feature", "properties": { "source": "hw=track_bicycle=designated", "target": "hw=path_bicycle=designated", "length_km": 1.6362673745020266, "osm_id": 55502536, "osm_version": 8, "valid_from": "2025-10-31T23:36:05Z", "feature_id": "55502536_8" }, "geometry": { "type": "Point", "coordinates": [ 10.235984391875498, 49.09794043784931 ] } },
{ "type": "Feature", "properties": { "source": "hw=track_other", "target": "hw=track_bicycle=designated", "length_km": 0.66553193763435026, "osm_id": 55576397, "osm_version": 7, "valid_from": "2025-11-23T11:16:35Z", "feature_id": "55576397_7" }, "geometry": { "type": "Point", "coordinates": [ 9.528800184481263, 50.033528482819072 ] } },
{ "type": "Feature", "properties": { "source": "hw=track_other", "target": "hw=track_bicycle=designated", "length_km": 0.57492079371672555, "osm_id": 55607957, "osm_version": 9, "valid_from": "2025-11-23T11:16:35Z", "feature_id": "55607957_9" }, "geometry": { "type": "Point", "coordinates": [ 9.546882516713794, 50.014376633099467 ] } },
{ "type": "Feature", "properties": { "source": "hw=footway_other", "target": "hw=footway_bicycle=yes", "length_km": 0.17304561329799448, "osm_id": 55852931, "osm_version": 18, "valid_from": "2025-09-15T06:47:25Z", "feature_id": "55852931_18" }, "geometry": { "type": "Point", "coordinates": [ 11.853342950624919, 50.899776400352927 ] } },
{ "type": "Feature", "properties": { "source": "hw=path_other", "target": "hw=path_bicycle=designated", "length_km": 0.39608318279293092, "osm_id": 55891866, "osm_version": 7, "valid_from": "2025-09-20T11:24:03Z", "feature_id": "55891866_7" }, "geometry": { "type": "Point", "coordinates": [ 6.852870940439356, 51.685301540365941 ] } },
{ "type": "Feature", "properties": { "source": "hw=path_bicycle=designated", "target": "hw=footway_bicycle=yes", "length_km": 0.10264952057830019, "osm_id": 55981889, "osm_version": 14, "valid_from": "2025-10-15T13:36:53Z", "feature_id": "55981889_14" }, "geometry": { "type": "Point", "coordinates": [ 8.56741942687024, 50.006880809648912 ] } },
{ "type": "Feature", "properties": { "source": "hw=footway_other", "target": "hw=path_bicycle=designated", "length_km": 0.0039140436034362522, "osm_id": 56184387, "osm_version": 3, "valid_from": "2025-09-13T08:43:15Z", "feature_id": "56184387_3" }, "geometry": { "type": "Point", "coordinates": [ 9.13970655, 49.1943665 ] } },
{ "type": "Feature", "properties": { "source": "hw=track_other", "target": "hw=path_bicycle=designated", "length_km": 0.027738522228706798, "osm_id": 56564263, "osm_version": 4, "valid_from": "2025-10-30T18:51:53Z", "feature_id": "56564263_4" }, "geometry": { "type": "Point", "coordinates": [ 9.778065850325724, 50.01876831388747 ] } },
{ "type": "Feature", "properties": { "source": "hw=footway_other", "target": "hw=path_bicycle=designated", "length_km": 0.79107746128374457, "osm_id": 57018313, "osm_version": 8, "valid_from": "2025-08-22T07:01:43Z", "feature_id": "57018313_8" }, "geometry": { "type": "Point", "coordinates": [ 7.098887387737317, 51.549971366049817 ] } },
{ "type": "Feature", "properties": { "source": "hw=track_bicycle=designated", "target": "hw=path_bicycle=designated", "length_km": 0.68875190575775924, "osm_id": 57952109, "osm_version": 12, "valid_from": "2025-11-18T16:42:25Z", "feature_id": "57952109_12" }, "geometry": { "type": "Point", "coordinates": [ 13.104728959140374, 48.710418557226035 ] } },
{ "type": "Feature", "properties": { "source": "hw=track_other", "target": "hw=track_bicycle=designated", "length_km": 0.14070388696720437, "osm_id": 58157975, "osm_version": 7, "valid_from": "2025-09-28T05:31:06Z", "feature_id": "58157975_7" }, "geometry": { "type": "Point", "coordinates": [ 9.227863449998953, 49.051903228735462 ] } },
{ "type": "Feature", "properties": { "source": "hw=service_other", "target": "hw=path_bicycle=designated", "length_km": 0.077297324507563603, "osm_id": 58402795, "osm_version": 10, "valid_from": "2025-11-15T20:15:25Z", "feature_id": "58402795_10" }, "geometry": { "type": "Point", "coordinates": [ 7.095873534681619, 51.533310554636607 ] } },
{ "type": "Feature", "properties": { "source": "hw=footway_other", "target": "hw=path_bicycle=designated", "length_km": 0.32986774020039655, "osm_id": 58446338, "osm_version": 2, "valid_from": "2025-11-03T18:09:29Z", "feature_id": "58446338_2" }, "geometry": { "type": "Point", "coordinates": [ 11.921658761943918, 50.32107583147684 ] } },
{ "type": "Feature", "properties": { "source": "hw=path_other", "target": "hw=path_bicycle=designated", "length_km": 3.5659943220371604, "osm_id": 58935106, "osm_version": 9, "valid_from": "2025-11-23T10:59:51Z", "feature_id": "58935106_9" }, "geometry": { "type": "Point", "coordinates": [ 9.708033178349819, 50.013794429226436 ] } },
{ "type": "Feature", "properties": { "source": "hw=path_other", "target": "hw=path_bicycle=designated", "length_km": 0.29045404724221746, "osm_id": 59409799, "osm_version": 24, "valid_from": "2025-08-17T09:32:54Z", "feature_id": "59409799_24" }, "geometry": { "type": "Point", "coordinates": [ 12.03375779368468, 51.317178139942001 ] } },
{ "type": "Feature", "properties": { "source": "hw=residential_other", "target": "cw=track", "length_km": 0.29379287311759411, "osm_id": 59409811, "osm_version": 10, "valid_from": "2025-08-17T09:32:54Z", "feature_id": "59409811_10" }, "geometry": { "type": "Point", "coordinates": [ 12.029003693044139, 51.319901285836572 ] } },
{ "type": "Feature", "properties": { "source": "hw=tertiary_other", "target": "cw=track", "length_km": 0.059080673467061119, "osm_id": 59415688, "osm_version": 4, "valid_from": "2025-09-07T10:10:12Z", "feature_id": "59415688_4" }, "geometry": { "type": "Point", "coordinates": [ 7.464543653157612, 50.428007998875351 ] } },
{ "type": "Feature", "properties": { "source": "hw=footway_bicycle=yes", "target": "hw=path_bicycle=designated", "length_km": 0.062202416168520777, "osm_id": 59533228, "osm_version": 4, "valid_from": "2025-10-24T18:55:00Z", "feature_id": "59533228_4" }, "geometry": { "type": "Point", "coordinates": [ 8.475524417775535, 50.179797701052586 ] } },
{ "type": "Feature", "properties": { "source": "hw=footway_bicycle=yes", "target": "hw=path_bicycle=designated", "length_km": 0.030753573916603296, "osm_id": 59533238, "osm_version": 9, "valid_from": "2025-10-24T18:55:00Z", "feature_id": "59533238_9" }, "geometry": { "type": "Point", "coordinates": [ 8.475366359685589, 50.179407870387998 ] } },
{ "type": "Feature", "properties": { "source": "hw=track_other", "target": "hw=track_bicycle=designated", "length_km": 0.28986893956326115, "osm_id": 59546252, "osm_version": 11, "valid_from": "2026-01-01T08:52:12Z", "feature_id": "59546252_11" }, "geometry": { "type": "Point", "coordinates": [ 9.200689241657033, 51.707675930047621 ] } },
{ "type": "Feature", "properties": { "source": "hw=track_other", "target": "hw=track_bicycle=designated", "length_km": 0.47161431456305175, "osm_id": 59546254, "osm_version": 6, "valid_from": "2026-01-01T08:52:12Z", "feature_id": "59546254_6" }, "geometry": { "type": "Point", "coordinates": [ 9.196107444421051, 51.707178582079749 ] } },
{ "type": "Feature", "properties": { "source": "hw=track_other", "target": "hw=track_bicycle=designated", "length_km": 2.4311674746269061, "osm_id": 59563012, "osm_version": 14, "valid_from": "2025-11-20T17:37:43Z", "feature_id": "59563012_14" }, "geometry": { "type": "Point", "coordinates": [ 10.028048717268355, 49.686353094348476 ] } },
{ "type": "Feature", "properties": { "source": "hw=cycleway", "target": "hw=path_bicycle=designated", "length_km": 0.33616469736262644, "osm_id": 60090007, "osm_version": 7, "valid_from": "2025-12-09T07:48:44Z", "feature_id": "60090007_7" }, "geometry": { "type": "Point", "coordinates": [ 12.456745726848141, 50.983548407051103 ] } },
{ "type": "Feature", "properties": { "source": "hw=secondary_other", "target": "cw=lane", "length_km": 2.4220261420645124, "osm_id": 60271148, "osm_version": 10, "valid_from": "2025-11-05T19:38:23Z", "feature_id": "60271148_10" }, "geometry": { "type": "Point", "coordinates": [ 7.110848316724442, 51.989109946560397 ] } },
{ "type": "Feature", "properties": { "source": "hw=primary_other", "target": "cw=track", "length_km": 0.5001508911241811, "osm_id": 60582935, "osm_version": 14, "valid_from": "2025-11-03T15:29:57Z", "feature_id": "60582935_14" }, "geometry": { "type": "Point", "coordinates": [ 11.437041490927095, 51.756528270762757 ] } },
{ "type": "Feature", "properties": { "source": "hw=track_bicycle=designated", "target": "hw=path_bicycle=designated", "length_km": 1.5051579128038419, "osm_id": 61319862, "osm_version": 16, "valid_from": "2025-11-02T08:59:14Z", "feature_id": "61319862_16" }, "geometry": { "type": "Point", "coordinates": [ 9.161239415567698, 49.427146509779902 ] } },
{ "type": "Feature", "properties": { "source": "hw=track_bicycle=designated", "target": "hw=path_bicycle=designated", "length_km": 0.63890387625454692, "osm_id": 61568884, "osm_version": 4, "valid_from": "2025-11-16T14:45:31Z", "feature_id": "61568884_4" }, "geometry": { "type": "Point", "coordinates": [ 10.308269795331016, 49.209897011259827 ] } },
{ "type": "Feature", "properties": { "source": "hw=secondary_other", "target": "cw=track", "length_km": 0.12634386327428823, "osm_id": 62367601, "osm_version": 9, "valid_from": "2025-09-21T09:18:07Z", "feature_id": "62367601_9" }, "geometry": { "type": "Point", "coordinates": [ 8.252346198896459, 51.594978077391808 ] } },
{ "type": "Feature", "properties": { "source": "hw=secondary_other", "target": "cw=track", "length_km": 0.30720004021553782, "osm_id": 64888167, "osm_version": 21, "valid_from": "2025-08-23T05:16:28Z", "feature_id": "64888167_21" }, "geometry": { "type": "Point", "coordinates": [ 7.051378218492313, 51.597257623725447 ] } },
{ "type": "Feature", "properties": { "source": "hw=secondary_other", "target": "cw=track", "length_km": 0.046861428160770532, "osm_id": 64888168, "osm_version": 9, "valid_from": "2025-08-23T05:16:28Z", "feature_id": "64888168_9" }, "geometry": { "type": "Point", "coordinates": [ 7.050775071654376, 51.598780260467791 ] } },
{ "type": "Feature", "properties": { "source": "hw=path_other", "target": "hw=path_bicycle=designated", "length_km": 0.31272960373444675, "osm_id": 65200048, "osm_version": 5, "valid_from": "2025-12-13T20:48:46Z", "feature_id": "65200048_5" }, "geometry": { "type": "Point", "coordinates": [ 10.331924037330879, 49.175912835610703 ] } },
{ "type": "Feature", "properties": { "source": "hw=footway_bicycle=yes", "target": "hw=path_bicycle=designated", "length_km": 0.17063153943568612, "osm_id": 65612187, "osm_version": 9, "valid_from": "2025-11-08T12:17:05Z", "feature_id": "65612187_9" }, "geometry": { "type": "Point", "coordinates": [ 11.404479645367315, 51.551924960997937 ] } },
{ "type": "Feature", "properties": { "source": "hw=cycleway", "target": "hw=path_bicycle=designated", "length_km": 2.2376963498374329, "osm_id": 69487385, "osm_version": 9, "valid_from": "2025-11-03T18:48:44Z", "feature_id": "69487385_9" }, "geometry": { "type": "Point", "coordinates": [ 11.203817940722933, 53.874072529659529 ] } },
{ "type": "Feature", "properties": { "source": "hw=tertiary_other", "target": "cw=track", "length_km": 0.33168782838905964, "osm_id": 70032355, "osm_version": 9, "valid_from": "2025-12-29T09:57:48Z", "feature_id": "70032355_9" }, "geometry": { "type": "Point", "coordinates": [ 12.668944974085813, 51.472803937623922 ] } },
{ "type": "Feature", "properties": { "source": "hw=primary_other", "target": "cw=lane", "length_km": 0.17215469320115009, "osm_id": 71511579, "osm_version": 18, "valid_from": "2025-09-20T09:16:47Z", "feature_id": "71511579_18" }, "geometry": { "type": "Point", "coordinates": [ 7.111429500154827, 51.511970686151741 ] } },
{ "type": "Feature", "properties": { "source": "hw=secondary_other", "target": "cw=lane", "length_km": 0.73016023231284788, "osm_id": 71710495, "osm_version": 13, "valid_from": "2025-08-22T07:18:24Z", "feature_id": "71710495_13" }, "geometry": { "type": "Point", "coordinates": [ 6.959878702318737, 51.563158470568034 ] } },
{ "type": "Feature", "properties": { "source": "hw=track_other", "target": "hw=track_bicycle=designated", "length_km": 1.4091910317637817, "osm_id": 71902125, "osm_version": 12, "valid_from": "2025-11-25T09:53:31Z", "feature_id": "71902125_12" }, "geometry": { "type": "Point", "coordinates": [ 11.118944270309383, 50.312355052390032 ] } },
{ "type": "Feature", "properties": { "source": "hw=tertiary_other", "target": "cw=track", "length_km": 0.1269486592369527, "osm_id": 72498441, "osm_version": 9, "valid_from": "2025-10-08T12:28:51Z", "feature_id": "72498441_9" }, "geometry": { "type": "Point", "coordinates": [ 9.43896957591322, 54.793715035480297 ] } },
{ "type": "Feature", "properties": { "source": "hw=path_other", "target": "hw=path_bicycle=designated", "length_km": 0.60151517951762079, "osm_id": 72961221, "osm_version": 14, "valid_from": "2025-08-17T09:15:12Z", "feature_id": "72961221_14" }, "geometry": { "type": "Point", "coordinates": [ 12.123201439438718, 51.243854408949041 ] } },
{ "type": "Feature", "properties": { "source": "hw=footway_bicycle=yes", "target": "hw=path_bicycle=designated", "length_km": 0.26833919222816832, "osm_id": 74000349, "osm_version": 7, "valid_from": "2025-09-20T11:31:09Z", "feature_id": "74000349_7" }, "geometry": { "type": "Point", "coordinates": [ 6.967654404603737, 51.580556797475602 ] } },
{ "type": "Feature", "properties": { "source": "hw=residential_other", "target": "cw=track", "length_km": 0.010395457095864518, "osm_id": 74515806, "osm_version": 10, "valid_from": "2025-09-21T11:40:27Z", "feature_id": "74515806_10" }, "geometry": { "type": "Point", "coordinates": [ 6.622481249645271, 51.655889105882508 ] } },
{ "type": "Feature", "properties": { "source": "hw=residential_other", "target": "cw=track", "length_km": 0.017956000633931123, "osm_id": 74515819, "osm_version": 11, "valid_from": "2025-09-21T11:40:27Z", "feature_id": "74515819_11" }, "geometry": { "type": "Point", "coordinates": [ 6.622671960007652, 51.655717463056178 ] } },
{ "type": "Feature", "properties": { "source": "hw=footway_bicycle=yes", "target": "hw=path_bicycle=designated", "length_km": 0.059515546343164125, "osm_id": 74562874, "osm_version": 7, "valid_from": "2025-10-19T14:21:39Z", "feature_id": "74562874_7" }, "geometry": { "type": "Point", "coordinates": [ 7.873884552181305, 50.789448089755112 ] } },
{ "type": "Feature", "properties": { "source": "hw=footway_other", "target": "hw=path_bicycle=designated", "length_km": 0.046032133983137144, "osm_id": 74562879, "osm_version": 8, "valid_from": "2025-10-19T14:21:39Z", "feature_id": "74562879_8" }, "geometry": { "type": "Point", "coordinates": [ 7.873164193283917, 50.789551187041248 ] } },
{ "type": "Feature", "properties": { "source": "hw=tertiary_other", "target": "cw=track", "length_km": 0.0068727783013937185, "osm_id": 76992473, "osm_version": 7, "valid_from": "2025-10-28T20:16:24Z", "feature_id": "76992473_7" }, "geometry": { "type": "Point", "coordinates": [ 9.3881799, 53.29698735 ] } },
{ "type": "Feature", "properties": { "source": "hw=tertiary_other", "target": "cw=track", "length_km": 0.16473851356257435, "osm_id": 76992501, "osm_version": 15, "valid_from": "2025-10-28T20:16:24Z", "feature_id": "76992501_15" }, "geometry": { "type": "Point", "coordinates": [ 9.387533762400441, 53.298048217740117 ] } },
{ "type": "Feature", "properties": { "source": "hw=path_other", "target": "hw=path_bicycle=designated", "length_km": 0.052741277145287854, "osm_id": 77405137, "osm_version": 4, "valid_from": "2025-09-07T12:15:35Z", "feature_id": "77405137_4" }, "geometry": { "type": "Point", "coordinates": [ 12.296347018285825, 49.256392030649806 ] } },
{ "type": "Feature", "properties": { "source": "hw=secondary_other", "target": "cw=track", "length_km": 0.16050313209924075, "osm_id": 78038480, "osm_version": 4, "valid_from": "2026-01-04T14:45:03Z", "feature_id": "78038480_4" }, "geometry": { "type": "Point", "coordinates": [ 6.762322627460968, 51.569278870372614 ] } },
{ "type": "Feature", "properties": { "source": "hw=path_other", "target": "hw=path_bicycle=designated", "length_km": 0.024750348334427161, "osm_id": 78188434, "osm_version": 8, "valid_from": "2025-10-23T13:52:08Z", "feature_id": "78188434_8" }, "geometry": { "type": "Point", "coordinates": [ 9.788615743668169, 48.404132093793365 ] } },
{ "type": "Feature", "properties": { "source": "hw=cycleway", "target": "hw=path_bicycle=designated", "length_km": 0.16151156745445136, "osm_id": 78250058, "osm_version": 3, "valid_from": "2025-12-16T16:25:38Z", "feature_id": "78250058_3" }, "geometry": { "type": "Point", "coordinates": [ 12.464400879249441, 50.452583308693548 ] } },
{ "type": "Feature", "properties": { "source": "hw=footway_other", "target": "hw=path_bicycle=designated", "length_km": 0.22981847951709869, "osm_id": 78355526, "osm_version": 6, "valid_from": "2025-12-16T16:34:06Z", "feature_id": "78355526_6" }, "geometry": { "type": "Point", "coordinates": [ 12.462426501296637, 50.4390985956923 ] } },
{ "type": "Feature", "properties": { "source": "hw=path_other", "target": "hw=path_bicycle=designated", "length_km": 0.20782872585637061, "osm_id": 79596917, "osm_version": 6, "valid_from": "2025-09-06T12:48:15Z", "feature_id": "79596917_6" }, "geometry": { "type": "Point", "coordinates": [ 12.427709413370275, 51.111135666325261 ] } },
{ "type": "Feature", "properties": { "source": "hw=residential_other", "target": "cw=track", "length_km": 0.10893760073316129, "osm_id": 80340526, "osm_version": 9, "valid_from": "2025-11-03T15:04:00Z", "feature_id": "80340526_9" }, "geometry": { "type": "Point", "coordinates": [ 11.503966852532955, 51.652194306665699 ] } },
{ "type": "Feature", "properties": { "source": "hw=residential_other", "target": "cw=track", "length_km": 0.33390957933838872, "osm_id": 80340545, "osm_version": 12, "valid_from": "2025-11-03T15:04:00Z", "feature_id": "80340545_12" }, "geometry": { "type": "Point", "coordinates": [ 11.501271036746891, 51.653273120083647 ] } },
{ "type": "Feature", "properties": { "source": "hw=residential_other", "target": "cw=track", "length_km": 0.055647126053932225, "osm_id": 80770647, "osm_version": 12, "valid_from": "2025-08-22T18:51:03Z", "feature_id": "80770647_12" }, "geometry": { "type": "Point", "coordinates": [ 7.164771424278179, 51.51156775149385 ] } },
{ "type": "Feature", "properties": { "source": "hw=track_other", "target": "hw=path_bicycle=designated", "length_km": 0.14179422659221486, "osm_id": 81003045, "osm_version": 4, "valid_from": "2025-11-18T15:02:14Z", "feature_id": "81003045_4" }, "geometry": { "type": "Point", "coordinates": [ 12.190412659790137, 49.316308986498562 ] } },
{ "type": "Feature", "properties": { "source": "hw=path_other", "target": "hw=path_bicycle=designated", "length_km": 0.084967062355738227, "osm_id": 81395289, "osm_version": 8, "valid_from": "2025-11-03T19:40:16Z", "feature_id": "81395289_8" }, "geometry": { "type": "Point", "coordinates": [ 12.21800175, 51.37594385 ] } },
{ "type": "Feature", "properties": { "source": "hw=path_other", "target": "hw=path_bicycle=designated", "length_km": 0.01535519954148926, "osm_id": 81395317, "osm_version": 5, "valid_from": "2025-11-03T19:40:16Z", "feature_id": "81395317_5" }, "geometry": { "type": "Point", "coordinates": [ 12.2176439, 51.3755536 ] } },
{ "type": "Feature", "properties": { "source": "hw=path_other", "target": "hw=path_bicycle=designated", "length_km": 0.076060315859524427, "osm_id": 81395321, "osm_version": 4, "valid_from": "2025-11-03T19:40:16Z", "feature_id": "81395321_4" }, "geometry": { "type": "Point", "coordinates": [ 12.218626817166983, 51.376550701805613 ] } },
{ "type": "Feature", "properties": { "source": "hw=tertiary_other", "target": "cw=lane", "length_km": 0.036384919673445315, "osm_id": 82226234, "osm_version": 9, "valid_from": "2025-10-14T18:48:12Z", "feature_id": "82226234_9" }, "geometry": { "type": "Point", "coordinates": [ 6.594497180674784, 51.5419708079651 ] } },
{ "type": "Feature", "properties": { "source": "hw=residential_other", "target": "cw=lane", "length_km": 0.11837252341677951, "osm_id": 82431885, "osm_version": 12, "valid_from": "2025-08-22T16:15:12Z", "feature_id": "82431885_12" }, "geometry": { "type": "Point", "coordinates": [ 7.125979365255935, 51.515300716373005 ] } },
{ "type": "Feature", "properties": { "source": "hw=residential_other", "target": "cw=lane", "length_km": 0.31850068703586187, "osm_id": 82431886, "osm_version": 10, "valid_from": "2025-08-22T16:15:12Z", "feature_id": "82431886_10" }, "geometry": { "type": "Point", "coordinates": [ 7.131387298506683, 51.516937697672873 ] } },
{ "type": "Feature", "properties": { "source": "hw=tertiary_other", "target": "cw=track", "length_km": 0.57622487944497858, "osm_id": 82438479, "osm_version": 20, "valid_from": "2025-11-15T20:47:59Z", "feature_id": "82438479_20" }, "geometry": { "type": "Point", "coordinates": [ 7.030063577589751, 51.570250347250813 ] } },
{ "type": "Feature", "properties": { "source": "hw=residential_other", "target": "cw=track", "length_km": 0.30120024938475659, "osm_id": 82597743, "osm_version": 9, "valid_from": "2025-11-03T15:04:00Z", "feature_id": "82597743_9" }, "geometry": { "type": "Point", "coordinates": [ 11.506503753740926, 51.651220337859968 ] } },
{ "type": "Feature", "properties": { "source": "hw=tertiary_other", "target": "cw=track", "length_km": 0.085514823407304194, "osm_id": 82766175, "osm_version": 11, "valid_from": "2025-08-22T06:12:19Z", "feature_id": "82766175_11" }, "geometry": { "type": "Point", "coordinates": [ 7.085555923668974, 51.539498252689562 ] } },
{ "type": "Feature", "properties": { "source": "hw=tertiary_other", "target": "cw=lane", "length_km": 0.38335680146253581, "osm_id": 82766193, "osm_version": 14, "valid_from": "2025-08-22T06:12:19Z", "feature_id": "82766193_14" }, "geometry": { "type": "Point", "coordinates": [ 7.078283227309091, 51.53815847476411 ] } },
{ "type": "Feature", "properties": { "source": "hw=residential_other", "target": "cw=lane", "length_km": 0.28996020444165316, "osm_id": 82780312, "osm_version": 9, "valid_from": "2025-11-15T15:48:57Z", "feature_id": "82780312_9" }, "geometry": { "type": "Point", "coordinates": [ 7.093695962466755, 51.521204478763742 ] } },
{ "type": "Feature", "properties": { "source": "hw=tertiary_other", "target": "cw=track", "length_km": 0.097024039365366854, "osm_id": 82938948, "osm_version": 9, "valid_from": "2025-08-23T09:28:15Z", "feature_id": "82938948_9" }, "geometry": { "type": "Point", "coordinates": [ 7.076210184524164, 51.508470781329223 ] } },
{ "type": "Feature", "properties": { "source": "hw=tertiary_other", "target": "cw=track", "length_km": 0.38859947105816278, "osm_id": 82938976, "osm_version": 13, "valid_from": "2025-08-23T09:28:15Z", "feature_id": "82938976_13" }, "geometry": { "type": "Point", "coordinates": [ 7.074266382606361, 51.510277702944485 ] } },
{ "type": "Feature", "properties": { "source": "hw=path_other", "target": "hw=path_bicycle=designated", "length_km": 0.37931767810338152, "osm_id": 83225115, "osm_version": 8, "valid_from": "2025-12-07T10:55:02Z", "feature_id": "83225115_8" }, "geometry": { "type": "Point", "coordinates": [ 14.41050249095418, 51.131003766851492 ] } },
{ "type": "Feature", "properties": { "source": "hw=path_other", "target": "hw=path_bicycle=designated", "length_km": 0.0089204590972255561, "osm_id": 83425733, "osm_version": 3, "valid_from": "2026-01-02T12:42:05Z", "feature_id": "83425733_3" }, "geometry": { "type": "Point", "coordinates": [ 9.1832189, 49.23188845 ] } },
{ "type": "Feature", "properties": { "source": "hw=footway_other", "target": "hw=footway_bicycle=yes", "length_km": 0.066128169891313704, "osm_id": 84463195, "osm_version": 6, "valid_from": "2025-09-21T11:54:54Z", "feature_id": "84463195_6" }, "geometry": { "type": "Point", "coordinates": [ 9.992714637508314, 48.88989598435527 ] } },
{ "type": "Feature", "properties": { "source": "hw=footway_other", "target": "hw=footway_bicycle=yes", "length_km": 0.13751393961601785, "osm_id": 84463203, "osm_version": 8, "valid_from": "2025-09-21T11:54:54Z", "feature_id": "84463203_8" }, "geometry": { "type": "Point", "coordinates": [ 9.992480040835536, 48.890387466366548 ] } },
{ "type": "Feature", "properties": { "source": "hw=footway_other", "target": "hw=footway_bicycle=yes", "length_km": 0.063574493342048496, "osm_id": 84463212, "osm_version": 10, "valid_from": "2025-09-21T11:54:54Z", "feature_id": "84463212_10" }, "geometry": { "type": "Point", "coordinates": [ 9.992292014962151, 48.889970570231355 ] } },
{ "type": "Feature", "properties": { "source": "hw=footway_other", "target": "hw=path_bicycle=designated", "length_km": 0.97170074400445072, "osm_id": 84525894, "osm_version": 4, "valid_from": "2025-12-16T16:34:06Z", "feature_id": "84525894_4" }, "geometry": { "type": "Point", "coordinates": [ 12.464422006237363, 50.44451490211123 ] } },
{ "type": "Feature", "properties": { "source": "hw=tertiary_other", "target": "cw=track", "length_km": 0.069897858876885655, "osm_id": 84871241, "osm_version": 11, "valid_from": "2025-09-07T16:30:27Z", "feature_id": "84871241_11" }, "geometry": { "type": "Point", "coordinates": [ 7.008382464230502, 52.076956628585656 ] } },
{ "type": "Feature", "properties": { "source": "hw=footway_other", "target": "hw=path_bicycle=designated", "length_km": 0.13937833744909747, "osm_id": 85661563, "osm_version": 5, "valid_from": "2025-10-14T18:20:50Z", "feature_id": "85661563_5" }, "geometry": { "type": "Point", "coordinates": [ 6.58190711549788, 51.545454894769399 ] } },
{ "type": "Feature", "properties": { "source": "hw=path_other", "target": "hw=path_bicycle=designated", "length_km": 0.10855669196369949, "osm_id": 86110951, "osm_version": 12, "valid_from": "2025-12-10T08:44:09Z", "feature_id": "86110951_12" }, "geometry": { "type": "Point", "coordinates": [ 14.421230172858195, 51.187666567697804 ] } },
{ "type": "Feature", "properties": { "source": "hw=path_bicycle=designated", "target": "hw=cycleway", "length_km": 0.052540440651451761, "osm_id": 86120659, "osm_version": 12, "valid_from": "2025-10-08T12:28:51Z", "feature_id": "86120659_12" }, "geometry": { "type": "Point", "coordinates": [ 9.438986766186188, 54.787197547101542 ] } },
{ "type": "Feature", "properties": { "source": "hw=secondary_link_other", "target": "cw=track", "length_km": 0.031772072192900576, "osm_id": 87365446, "osm_version": 12, "valid_from": "2025-08-22T18:51:03Z", "feature_id": "87365446_12" }, "geometry": { "type": "Point", "coordinates": [ 7.164888801984749, 51.511729857135379 ] } },
{ "type": "Feature", "properties": { "source": "hw=track_other", "target": "hw=path_bicycle=designated", "length_km": 0.24656738332037878, "osm_id": 92240342, "osm_version": 5, "valid_from": "2025-09-06T19:03:43Z", "feature_id": "92240342_5" }, "geometry": { "type": "Point", "coordinates": [ 9.214322393302206, 49.190767788847204 ] } },
{ "type": "Feature", "properties": { "source": "hw=track_other", "target": "hw=path_bicycle=designated", "length_km": 0.040252768103791511, "osm_id": 92247471, "osm_version": 4, "valid_from": "2025-11-09T09:03:46Z", "feature_id": "92247471_4" }, "geometry": { "type": "Point", "coordinates": [ 10.565159261463874, 49.350400230860544 ] } },
{ "type": "Feature", "properties": { "source": "hw=track_other", "target": "hw=path_bicycle=designated", "length_km": 0.1345273739195598, "osm_id": 92247472, "osm_version": 4, "valid_from": "2025-11-09T09:10:46Z", "feature_id": "92247472_4" }, "geometry": { "type": "Point", "coordinates": [ 10.567435377492888, 49.343100017636615 ] } },
{ "type": "Feature", "properties": { "source": "hw=secondary_other", "target": "cw=lane", "length_km": 0.033912762680475779, "osm_id": 93920112, "osm_version": 5, "valid_from": "2025-08-22T07:54:44Z", "feature_id": "93920112_5" }, "geometry": { "type": "Point", "coordinates": [ 6.9479915, 51.5582823 ] } },
{ "type": "Feature", "properties": { "source": "hw=residential_other", "target": "hw=path_bicycle=designated", "length_km": 0.19177729977918109, "osm_id": 94958262, "osm_version": 4, "valid_from": "2026-01-01T15:53:40Z", "feature_id": "94958262_4" }, "geometry": { "type": "Point", "coordinates": [ 14.507640365597585, 52.359606844433053 ] } },
{ "type": "Feature", "properties": { "source": "hw=track_other", "target": "hw=track_bicycle=designated", "length_km": 0.39436941989863916, "osm_id": 97543335, "osm_version": 8, "valid_from": "2025-12-18T19:21:37Z", "feature_id": "97543335_8" }, "geometry": { "type": "Point", "coordinates": [ 7.823773538050881, 51.16709856863757 ] } },
{ "type": "Feature", "properties": { "source": "hw=tertiary_other", "target": "cw=track", "length_km": 0.92409143716253506, "osm_id": 97680449, "osm_version": 12, "valid_from": "2025-10-31T22:50:26Z", "feature_id": "97680449_12" }, "geometry": { "type": "Point", "coordinates": [ 7.876469102401495, 51.20383321954732 ] } },
{ "type": "Feature", "properties": { "source": "hw=unclassified_other", "target": "cw=track", "length_km": 0.32457111507349701, "osm_id": 99090649, "osm_version": 7, "valid_from": "2025-11-05T19:16:55Z", "feature_id": "99090649_7" }, "geometry": { "type": "Point", "coordinates": [ 6.543425447093581, 50.816051037098127 ] } },
{ "type": "Feature", "properties": { "source": "hw=footway_bicycle=yes", "target": "hw=path_bicycle=designated", "length_km": 0.21553517908213973, "osm_id": 100419207, "osm_version": 6, "valid_from": "2025-11-08T12:17:05Z", "feature_id": "100419207_6" }, "geometry": { "type": "Point", "coordinates": [ 11.402201585862247, 51.550994476526078 ] } },
{ "type": "Feature", "properties": { "source": "hw=footway_bicycle=yes", "target": "hw=path_bicycle=designated", "length_km": 0.073724977049626925, "osm_id": 104111844, "osm_version": 2, "valid_from": "2025-11-03T16:18:58Z", "feature_id": "104111844_2" }, "geometry": { "type": "Point", "coordinates": [ 10.247948016459326, 49.276704557035067 ] } },
{ "type": "Feature", "properties": { "source": "hw=pedestrian_other", "target": "hw=path_bicycle=designated", "length_km": 0.04084139582790336, "osm_id": 104780023, "osm_version": 8, "valid_from": "2025-09-06T10:15:58Z", "feature_id": "104780023_8" }, "geometry": { "type": "Point", "coordinates": [ 11.99914415, 51.3517021 ] } },
{ "type": "Feature", "properties": { "source": "hw=track_other", "target": "hw=track_bicycle=designated", "length_km": 1.1427980505173976, "osm_id": 106309059, "osm_version": 9, "valid_from": "2025-11-16T14:45:31Z", "feature_id": "106309059_9" }, "geometry": { "type": "Point", "coordinates": [ 10.312149033763099, 49.200632117678524 ] } },
{ "type": "Feature", "properties": { "source": "hw=path_other", "target": "hw=path_bicycle=designated", "length_km": 0.067806291805101948, "osm_id": 106498922, "osm_version": 4, "valid_from": "2025-09-20T09:16:47Z", "feature_id": "106498922_4" }, "geometry": { "type": "Point", "coordinates": [ 7.112480956134713, 51.507619133051861 ] } },
{ "type": "Feature", "properties": { "source": "hw=cycleway", "target": "hw=path_bicycle=designated", "length_km": 2.1961662282133076, "osm_id": 106647429, "osm_version": 17, "valid_from": "2025-12-21T10:06:07Z", "feature_id": "106647429_17" }, "geometry": { "type": "Point", "coordinates": [ 7.321208563303893, 51.233815513526878 ] } },
{ "type": "Feature", "properties": { "source": "hw=footway_other", "target": "hw=path_bicycle=designated", "length_km": 0.034587526890276971, "osm_id": 106808247, "osm_version": 10, "valid_from": "2025-09-21T08:47:21Z", "feature_id": "106808247_10" }, "geometry": { "type": "Point", "coordinates": [ 9.213560748515873, 48.088937808821775 ] } },
{ "type": "Feature", "properties": { "source": "hw=footway_bicycle=yes", "target": "hw=path_bicycle=designated", "length_km": 0.15556541383351327, "osm_id": 107680434, "osm_version": 6, "valid_from": "2025-10-26T13:24:51Z", "feature_id": "107680434_6" }, "geometry": { "type": "Point", "coordinates": [ 7.771308526777863, 49.447595996690701 ] } },
{ "type": "Feature", "properties": { "source": "hw=path_other", "target": "hw=path_bicycle=designated", "length_km": 0.39580734087241204, "osm_id": 107683521, "osm_version": 10, "valid_from": "2025-11-16T14:58:41Z", "feature_id": "107683521_10" }, "geometry": { "type": "Point", "coordinates": [ 10.30898593562965, 49.171433534251783 ] } },
{ "type": "Feature", "properties": { "source": "hw=track_other", "target": "hw=track_bicycle=designated", "length_km": 0.1169403964404202, "osm_id": 109725602, "osm_version": 5, "valid_from": "2025-08-17T16:36:26Z", "feature_id": "109725602_5" }, "geometry": { "type": "Point", "coordinates": [ 12.700029213338311, 47.875255743728303 ] } },
{ "type": "Feature", "properties": { "source": "hw=track_bicycle=designated", "target": "hw=path_bicycle=designated", "length_km": 0.45327633511561738, "osm_id": 109817129, "osm_version": 5, "valid_from": "2025-12-14T19:32:18Z", "feature_id": "109817129_5" }, "geometry": { "type": "Point", "coordinates": [ 10.707446590677417, 49.31646082247191 ] } },
{ "type": "Feature", "properties": { "source": "hw=track_other", "target": "hw=track_bicycle=designated", "length_km": 0.36084759028146274, "osm_id": 109883695, "osm_version": 7, "valid_from": "2025-08-17T16:36:26Z", "feature_id": "109883695_7" }, "geometry": { "type": "Point", "coordinates": [ 12.703007564978233, 47.874520159079061 ] } },
{ "type": "Feature", "properties": { "source": "hw=track_other", "target": "hw=path_bicycle=designated", "length_km": 0.56129016103728957, "osm_id": 110282152, "osm_version": 5, "valid_from": "2025-12-05T18:41:01Z", "feature_id": "110282152_5" }, "geometry": { "type": "Point", "coordinates": [ 10.542540194004619, 49.15911336896766 ] } },
{ "type": "Feature", "properties": { "source": "hw=path_other", "target": "hw=path_bicycle=designated", "length_km": 0.043060836895168, "osm_id": 110418471, "osm_version": 5, "valid_from": "2025-11-24T15:04:11Z", "feature_id": "110418471_5" }, "geometry": { "type": "Point", "coordinates": [ 12.098204878144657, 50.900740562325986 ] } },
{ "type": "Feature", "properties": { "source": "hw=track_other", "target": "hw=path_bicycle=designated", "length_km": 0.37021230410970424, "osm_id": 110665081, "osm_version": 4, "valid_from": "2025-11-09T09:03:46Z", "feature_id": "110665081_4" }, "geometry": { "type": "Point", "coordinates": [ 10.567221723350364, 49.34943595513316 ] } },
{ "type": "Feature", "properties": { "source": "hw=tertiary_other", "target": "cw=track", "length_km": 0.3221385110254022, "osm_id": 110967983, "osm_version": 12, "valid_from": "2025-10-08T12:28:51Z", "feature_id": "110967983_12" }, "geometry": { "type": "Point", "coordinates": [ 9.438617821177884, 54.795696556632308 ] } },
{ "type": "Feature", "properties": { "source": "hw=footway_other", "target": "hw=path_bicycle=designated", "length_km": 0.023663553574753603, "osm_id": 111530345, "osm_version": 2, "valid_from": "2025-09-13T08:43:15Z", "feature_id": "111530345_2" }, "geometry": { "type": "Point", "coordinates": [ 9.139505145896061, 49.194412125077683 ] } },
{ "type": "Feature", "properties": { "source": "hw=footway_bicycle=yes", "target": "hw=path_bicycle=designated", "length_km": 0.033818561783919891, "osm_id": 111542634, "osm_version": 5, "valid_from": "2025-09-13T08:43:15Z", "feature_id": "111542634_5" }, "geometry": { "type": "Point", "coordinates": [ 9.139610900746439, 49.193593700863573 ] } },
{ "type": "Feature", "properties": { "source": "hw=footway_bicycle=yes", "target": "hw=path_bicycle=designated", "length_km": 0.018408478496617489, "osm_id": 111544257, "osm_version": 3, "valid_from": "2025-09-13T08:43:15Z", "feature_id": "111544257_3" }, "geometry": { "type": "Point", "coordinates": [ 9.139662774319039, 49.193825596263338 ] } },
{ "type": "Feature", "properties": { "source": "hw=service_other", "target": "hw=path_bicycle=designated", "length_km": 0.047677648297362853, "osm_id": 111544264, "osm_version": 2, "valid_from": "2025-09-13T08:43:15Z", "feature_id": "111544264_2" }, "geometry": { "type": "Point", "coordinates": [ 9.139703601522591, 49.194121181835023 ] } },
{ "type": "Feature", "properties": { "source": "hw=residential_other", "target": "cw=track", "length_km": 0.14751248044541254, "osm_id": 112974400, "osm_version": 9, "valid_from": "2025-08-22T17:11:52Z", "feature_id": "112974400_9" }, "geometry": { "type": "Point", "coordinates": [ 7.157642663785504, 51.517625315641112 ] } },
{ "type": "Feature", "properties": { "source": "hw=footway_bicycle=yes", "target": "hw=path_bicycle=designated", "length_km": 0.26596000848589579, "osm_id": 114440339, "osm_version": 6, "valid_from": "2025-10-15T17:11:27Z", "feature_id": "114440339_6" }, "geometry": { "type": "Point", "coordinates": [ 6.762851085059083, 51.317774518021338 ] } },
{ "type": "Feature", "properties": { "source": "hw=track_other", "target": "hw=track_bicycle=designated", "length_km": 0.79586137677929314, "osm_id": 114681559, "osm_version": 8, "valid_from": "2025-11-20T17:37:43Z", "feature_id": "114681559_8" }, "geometry": { "type": "Point", "coordinates": [ 10.053576212361039, 49.669653469891543 ] } },
{ "type": "Feature", "properties": { "source": "hw=track_other", "target": "hw=path_bicycle=designated", "length_km": 0.018506357466501821, "osm_id": 115086238, "osm_version": 3, "valid_from": "2025-11-03T16:18:58Z", "feature_id": "115086238_3" }, "geometry": { "type": "Point", "coordinates": [ 10.25432305, 49.28034205 ] } },
{ "type": "Feature", "properties": { "source": "hw=track_other", "target": "hw=path_bicycle=designated", "length_km": 0.024214194635306566, "osm_id": 115086239, "osm_version": 3, "valid_from": "2025-11-03T16:18:58Z", "feature_id": "115086239_3" }, "geometry": { "type": "Point", "coordinates": [ 10.254394326400659, 49.280528061045857 ] } },
{ "type": "Feature", "properties": { "source": "hw=service_other", "target": "hw=path_bicycle=designated", "length_km": 0.25408778097337648, "osm_id": 115407429, "osm_version": 3, "valid_from": "2025-11-24T12:24:01Z", "feature_id": "115407429_3" }, "geometry": { "type": "Point", "coordinates": [ 9.616631100491684, 50.198415126117382 ] } },
{ "type": "Feature", "properties": { "source": "hw=cycleway", "target": "hw=path_bicycle=designated", "length_km": 0.023059838784199684, "osm_id": 115497062, "osm_version": 6, "valid_from": "2026-01-01T12:52:19Z", "feature_id": "115497062_6" }, "geometry": { "type": "Point", "coordinates": [ 10.266280784271817, 47.520429763067973 ] } },
{ "type": "Feature", "properties": { "source": "hw=cycleway", "target": "hw=path_bicycle=designated", "length_km": 0.046404513591583353, "osm_id": 115909956, "osm_version": 13, "valid_from": "2025-11-08T12:10:56Z", "feature_id": "115909956_13" }, "geometry": { "type": "Point", "coordinates": [ 11.698426042412573, 51.486330704397098 ] } },
{ "type": "Feature", "properties": { "source": "hw=footway_other", "target": "hw=footway_bicycle=yes", "length_km": 0.15521371292556294, "osm_id": 116752162, "osm_version": 6, "valid_from": "2025-09-20T07:39:24Z", "feature_id": "116752162_6" }, "geometry": { "type": "Point", "coordinates": [ 12.149042566076742, 50.506841111003176 ] } },
{ "type": "Feature", "properties": { "source": "hw=footway_bicycle=yes", "target": "hw=path_bicycle=designated", "length_km": 0.040221643823280577, "osm_id": 117045275, "osm_version": 4, "valid_from": "2025-10-31T14:30:54Z", "feature_id": "117045275_4" }, "geometry": { "type": "Point", "coordinates": [ 8.3868179, 48.5904823 ] } },
{ "type": "Feature", "properties": { "source": "hw=service_other", "target": "hw=path_bicycle=designated", "length_km": 0.09514228660921395, "osm_id": 118054003, "osm_version": 2, "valid_from": "2025-12-07T10:55:02Z", "feature_id": "118054003_2" }, "geometry": { "type": "Point", "coordinates": [ 14.412387949589641, 51.129187755849593 ] } },
{ "type": "Feature", "properties": { "source": "hw=residential_other", "target": "cw=track", "length_km": 0.025915110867715498, "osm_id": 118485515, "osm_version": 10, "valid_from": "2025-08-22T18:51:03Z", "feature_id": "118485515_10" }, "geometry": { "type": "Point", "coordinates": [ 7.164579667380906, 51.511620218399472 ] } },
{ "type": "Feature", "properties": { "source": "hw=tertiary_other", "target": "cw=track", "length_km": 0.012086864463379407, "osm_id": 118617396, "osm_version": 5, "valid_from": "2025-08-23T09:28:15Z", "feature_id": "118617396_5" }, "geometry": { "type": "Point", "coordinates": [ 7.0646065, 51.5221026 ] } },
{ "type": "Feature", "properties": { "source": "hw=footway_bicycle=yes", "target": "hw=path_bicycle=designated", "length_km": 0.035735483174247483, "osm_id": 121949529, "osm_version": 7, "valid_from": "2025-10-07T14:16:16Z", "feature_id": "121949529_7" }, "geometry": { "type": "Point", "coordinates": [ 12.060295059389997, 51.298549225193426 ] } },
{ "type": "Feature", "properties": { "source": "cw=track", "target": "hw=track_bicycle=designated", "length_km": 0.61705013080994453, "osm_id": 122734602, "osm_version": 7, "valid_from": "2025-12-11T08:40:50Z", "feature_id": "122734602_7" }, "geometry": { "type": "Point", "coordinates": [ 10.609382488286501, 53.738579682666547 ] } },
{ "type": "Feature", "properties": { "source": "hw=footway_other", "target": "hw=path_bicycle=designated", "length_km": 0.22524974761253544, "osm_id": 123209498, "osm_version": 4, "valid_from": "2025-12-10T17:41:31Z", "feature_id": "123209498_4" }, "geometry": { "type": "Point", "coordinates": [ 14.240058367616308, 51.81416893625682 ] } },
{ "type": "Feature", "properties": { "source": "hw=unclassified_other", "target": "cw=lane", "length_km": 0.072783119082102873, "osm_id": 123939186, "osm_version": 7, "valid_from": "2025-11-20T18:52:16Z", "feature_id": "123939186_7" }, "geometry": { "type": "Point", "coordinates": [ 6.146383654242737, 51.058022971864894 ] } },
{ "type": "Feature", "properties": { "source": "hw=service_other", "target": "bicycle_road", "length_km": 0.028220655213500982, "osm_id": 126073134, "osm_version": 4, "valid_from": "2025-12-09T15:33:38Z", "feature_id": "126073134_4" }, "geometry": { "type": "Point", "coordinates": [ 14.37949325, 51.69609575 ] } },
{ "type": "Feature", "properties": { "source": "hw=track_other", "target": "hw=path_bicycle=designated", "length_km": 0.43151798327201291, "osm_id": 126114537, "osm_version": 8, "valid_from": "2025-08-07T10:55:49Z", "feature_id": "126114537_8" }, "geometry": { "type": "Point", "coordinates": [ 8.981402350422565, 49.108406148879496 ] } },
{ "type": "Feature", "properties": { "source": "hw=path_bicycle=designated", "target": "hw=cycleway", "length_km": 0.16824294105170548, "osm_id": 126143360, "osm_version": 9, "valid_from": "2025-09-20T10:25:55Z", "feature_id": "126143360_9" }, "geometry": { "type": "Point", "coordinates": [ 14.349386061000523, 51.717407308289275 ] } },
{ "type": "Feature", "properties": { "source": "hw=footway_other", "target": "hw=path_bicycle=designated", "length_km": 0.14771495528335737, "osm_id": 126495087, "osm_version": 10, "valid_from": "2025-09-19T18:08:35Z", "feature_id": "126495087_10" }, "geometry": { "type": "Point", "coordinates": [ 10.954404639981728, 54.378941807608477 ] } },
{ "type": "Feature", "properties": { "source": "hw=path_other", "target": "hw=path_bicycle=designated", "length_km": 0.053220906271514948, "osm_id": 126511776, "osm_version": 4, "valid_from": "2025-12-16T17:02:08Z", "feature_id": "126511776_4" }, "geometry": { "type": "Point", "coordinates": [ 10.420717467078823, 49.298400594869641 ] } },
{ "type": "Feature", "properties": { "source": "hw=track_other", "target": "hw=track_bicycle=designated", "length_km": 0.5434583817855001, "osm_id": 126554644, "osm_version": 11, "valid_from": "2025-12-16T17:02:08Z", "feature_id": "126554644_11" }, "geometry": { "type": "Point", "coordinates": [ 10.434658689309222, 49.299437022993935 ] } },
{ "type": "Feature", "properties": { "source": "hw=track_other", "target": "hw=track_bicycle=designated", "length_km": 0.38885489410814222, "osm_id": 126554654, "osm_version": 7, "valid_from": "2025-12-16T17:02:08Z", "feature_id": "126554654_7" }, "geometry": { "type": "Point", "coordinates": [ 10.428577942759864, 49.297969172320592 ] } },
{ "type": "Feature", "properties": { "source": "cw=lane", "target": "cw=track", "length_km": 0.021222059727626027, "osm_id": 127525331, "osm_version": 15, "valid_from": "2025-10-28T19:22:05Z", "feature_id": "127525331_15" }, "geometry": { "type": "Point", "coordinates": [ 8.608768118012595, 51.673855508429746 ] } },
{ "type": "Feature", "properties": { "source": "hw=secondary_other", "target": "cw=lane", "length_km": 0.011921001662786392, "osm_id": 127525337, "osm_version": 5, "valid_from": "2025-10-28T19:14:39Z", "feature_id": "127525337_5" }, "geometry": { "type": "Point", "coordinates": [ 8.60118875, 51.67209035 ] } },
{ "type": "Feature", "properties": { "source": "hw=primary_other", "target": "cw=track", "length_km": 0.016854426833381318, "osm_id": 127599599, "osm_version": 6, "valid_from": "2025-10-28T19:14:39Z", "feature_id": "127599599_6" }, "geometry": { "type": "Point", "coordinates": [ 8.5998345, 51.6708914 ] } },
{ "type": "Feature", "properties": { "source": "hw=primary_other", "target": "cw=track", "length_km": 0.016501702905323351, "osm_id": 127599600, "osm_version": 9, "valid_from": "2025-10-28T19:14:39Z", "feature_id": "127599600_9" }, "geometry": { "type": "Point", "coordinates": [ 8.599640789538389, 51.670828014773832 ] } },
{ "type": "Feature", "properties": { "source": "hw=track_other", "target": "hw=path_bicycle=designated", "length_km": 1.5152747151606381, "osm_id": 127731108, "osm_version": 3, "valid_from": "2025-10-31T23:36:05Z", "feature_id": "127731108_3" }, "geometry": { "type": "Point", "coordinates": [ 10.255660581640637, 49.093943000854395 ] } },
{ "type": "Feature", "properties": { "source": "hw=path_other", "target": "hw=path_bicycle=designated", "length_km": 0.99407661388407098, "osm_id": 128373383, "osm_version": 17, "valid_from": "2025-11-20T18:52:16Z", "feature_id": "128373383_17" }, "geometry": { "type": "Point", "coordinates": [ 6.153398863947333, 51.049769197369677 ] } },
{ "type": "Feature", "properties": { "source": "hw=residential_other", "target": "bicycle_road", "length_km": 0.14341916911948499, "osm_id": 128597484, "osm_version": 10, "valid_from": "2025-08-23T06:09:10Z", "feature_id": "128597484_10" }, "geometry": { "type": "Point", "coordinates": [ 6.92440326278957, 51.533438679597865 ] } },
{ "type": "Feature", "properties": { "source": "hw=footway_other", "target": "hw=path_bicycle=designated", "length_km": 0.19725699902160562, "osm_id": 128672068, "osm_version": 10, "valid_from": "2025-09-20T10:25:55Z", "feature_id": "128672068_10" }, "geometry": { "type": "Point", "coordinates": [ 14.347222592401224, 51.719854457752312 ] } },
{ "type": "Feature", "properties": { "source": "hw=track_other", "target": "hw=path_bicycle=designated", "length_km": 0.017941691979926327, "osm_id": 129501611, "osm_version": 3, "valid_from": "2025-11-02T08:36:02Z", "feature_id": "129501611_3" }, "geometry": { "type": "Point", "coordinates": [ 10.37676735, 49.06303245 ] } },
{ "type": "Feature", "properties": { "source": "hw=track_other", "target": "hw=path_bicycle=designated", "length_km": 0.30814624002248442, "osm_id": 129501613, "osm_version": 7, "valid_from": "2025-11-02T08:36:02Z", "feature_id": "129501613_7" }, "geometry": { "type": "Point", "coordinates": [ 10.374547164435183, 49.063098569180902 ] } },
{ "type": "Feature", "properties": { "source": "hw=primary_other", "target": "cw=track", "length_km": 0.023882518350161367, "osm_id": 129972327, "osm_version": 9, "valid_from": "2025-08-22T16:03:48Z", "feature_id": "129972327_9" }, "geometry": { "type": "Point", "coordinates": [ 6.54520315, 51.5075009 ] } },
{ "type": "Feature", "properties": { "source": "hw=track_bicycle=designated", "target": "hw=path_bicycle=designated", "length_km": 0.44104368681322187, "osm_id": 130798758, "osm_version": 21, "valid_from": "2025-12-16T19:33:47Z", "feature_id": "130798758_21" }, "geometry": { "type": "Point", "coordinates": [ 11.680944043744491, 51.094878235458253 ] } },
{ "type": "Feature", "properties": { "source": "hw=secondary_other", "target": "cw=lane", "length_km": 0.30739531571823209, "osm_id": 132362542, "osm_version": 13, "valid_from": "2025-11-18T15:12:31Z", "feature_id": "132362542_13" }, "geometry": { "type": "Point", "coordinates": [ 12.179401284350751, 48.785150345792125 ] } },
{ "type": "Feature", "properties": { "source": "hw=tertiary_other", "target": "cw=track", "length_km": 0.050718447158857205, "osm_id": 132963830, "osm_version": 9, "valid_from": "2025-08-22T16:03:48Z", "feature_id": "132963830_9" }, "geometry": { "type": "Point", "coordinates": [ 6.552584240536659, 51.507194810180899 ] } },
{ "type": "Feature", "properties": { "source": "hw=primary_other", "target": "cw=track", "length_km": 0.0088747513218633677, "osm_id": 132963841, "osm_version": 7, "valid_from": "2025-08-22T16:03:48Z", "feature_id": "132963841_7" }, "geometry": { "type": "Point", "coordinates": [ 6.54502705, 51.5075988 ] } },
{ "type": "Feature", "properties": { "source": "hw=secondary_other", "target": "cw=track", "length_km": 0.055160493345698995, "osm_id": 133550054, "osm_version": 6, "valid_from": "2025-08-23T06:09:10Z", "feature_id": "133550054_6" }, "geometry": { "type": "Point", "coordinates": [ 6.92901785, 51.5279069 ] } },
{ "type": "Feature", "properties": { "source": "hw=footway_other", "target": "hw=path_bicycle=designated", "length_km": 0.07904668687158288, "osm_id": 134944173, "osm_version": 7, "valid_from": "2025-09-20T10:25:55Z", "feature_id": "134944173_7" }, "geometry": { "type": "Point", "coordinates": [ 14.347144162876551, 51.720875544018668 ] } },
{ "type": "Feature", "properties": { "source": "hw=footway_other", "target": "hw=footway_bicycle=yes", "length_km": 0.01591236906017016, "osm_id": 134944176, "osm_version": 6, "valid_from": "2025-09-20T10:25:55Z", "feature_id": "134944176_6" }, "geometry": { "type": "Point", "coordinates": [ 14.346521095566846, 51.720958868302475 ] } },
{ "type": "Feature", "properties": { "source": "hw=residential_other", "target": "cw=lane", "length_km": 0.12341289220766861, "osm_id": 135627757, "osm_version": 10, "valid_from": "2025-09-21T11:40:27Z", "feature_id": "135627757_10" }, "geometry": { "type": "Point", "coordinates": [ 6.617203369629057, 51.653684566824786 ] } },
{ "type": "Feature", "properties": { "source": "hw=tertiary_other", "target": "cw=track", "length_km": 0.34594644727793156, "osm_id": 139369375, "osm_version": 6, "valid_from": "2025-12-29T09:57:48Z", "feature_id": "139369375_6" }, "geometry": { "type": "Point", "coordinates": [ 12.672996249356624, 51.474489073316029 ] } },
{ "type": "Feature", "properties": { "source": "hw=unclassified_other", "target": "cw=lane", "length_km": 0.22875148600833053, "osm_id": 139786276, "osm_version": 6, "valid_from": "2025-11-20T18:52:16Z", "feature_id": "139786276_6" }, "geometry": { "type": "Point", "coordinates": [ 6.148393319194907, 51.057674158513038 ] } },
{ "type": "Feature", "properties": { "source": "hw=unclassified_other", "target": "cw=lane", "length_km": 0.15516558124155055, "osm_id": 140955835, "osm_version": 5, "valid_from": "2025-11-20T18:52:16Z", "feature_id": "140955835_5" }, "geometry": { "type": "Point", "coordinates": [ 6.150786166681907, 51.056784169968928 ] } },
{ "type": "Feature", "properties": { "source": "hw=track_other", "target": "hw=track_bicycle=designated", "length_km": 1.7099402981195453, "osm_id": 142684409, "osm_version": 12, "valid_from": "2025-12-16T17:10:18Z", "feature_id": "142684409_12" }, "geometry": { "type": "Point", "coordinates": [ 11.309078752081382, 50.748391039232111 ] } },
{ "type": "Feature", "properties": { "source": "hw=track_other", "target": "hw=path_bicycle=designated", "length_km": 0.16918480529221536, "osm_id": 143224002, "osm_version": 2, "valid_from": "2025-11-09T09:16:54Z", "feature_id": "143224002_2" }, "geometry": { "type": "Point", "coordinates": [ 10.583302390023075, 49.395564276158126 ] } },
{ "type": "Feature", "properties": { "source": "hw=track_other", "target": "hw=track_bicycle=designated", "length_km": 0.4678075784277998, "osm_id": 144029188, "osm_version": 3, "valid_from": "2025-11-02T08:45:09Z", "feature_id": "144029188_3" }, "geometry": { "type": "Point", "coordinates": [ 10.303997820287863, 49.076300921755738 ] } },
{ "type": "Feature", "properties": { "source": "hw=tertiary_other", "target": "cw=track", "length_km": 0.051037195993142326, "osm_id": 145241301, "osm_version": 5, "valid_from": "2025-08-23T09:28:15Z", "feature_id": "145241301_5" }, "geometry": { "type": "Point", "coordinates": [ 7.075931236017031, 51.508588459759309 ] } },
{ "type": "Feature", "properties": { "source": "hw=primary_other", "target": "cw=lane", "length_km": 0.036153126422152661, "osm_id": 145414047, "osm_version": 11, "valid_from": "2025-09-20T09:16:47Z", "feature_id": "145414047_11" }, "geometry": { "type": "Point", "coordinates": [ 7.108980517460862, 51.516482589977038 ] } },
{ "type": "Feature", "properties": { "source": "hw=primary_other", "target": "cw=lane", "length_km": 0.11089644827451131, "osm_id": 145991452, "osm_version": 9, "valid_from": "2025-09-20T09:16:47Z", "feature_id": "145991452_9" }, "geometry": { "type": "Point", "coordinates": [ 7.109765270720235, 51.515092929672591 ] } },
{ "type": "Feature", "properties": { "source": "hw=secondary_other", "target": "cw=lane", "length_km": 0.013197495734995929, "osm_id": 146349869, "osm_version": 9, "valid_from": "2025-11-15T19:31:12Z", "feature_id": "146349869_9" }, "geometry": { "type": "Point", "coordinates": [ 7.10299255, 51.51548865 ] } },
{ "type": "Feature", "properties": { "source": "hw=secondary_other", "target": "cw=lane", "length_km": 0.090984196982780846, "osm_id": 146349871, "osm_version": 10, "valid_from": "2025-11-15T19:31:12Z", "feature_id": "146349871_10" }, "geometry": { "type": "Point", "coordinates": [ 7.103070060649991, 51.51595404037564 ] } },
{ "type": "Feature", "properties": { "source": "hw=tertiary_other", "target": "cw=track", "length_km": 0.46826425157699569, "osm_id": 146451140, "osm_version": 8, "valid_from": "2025-08-23T09:28:15Z", "feature_id": "146451140_8" }, "geometry": { "type": "Point", "coordinates": [ 7.066655651217592, 51.519492811947359 ] } },
{ "type": "Feature", "properties": { "source": "hw=tertiary_other", "target": "cw=track", "length_km": 0.22023831893739665, "osm_id": 146451145, "osm_version": 9, "valid_from": "2025-08-23T09:28:15Z", "feature_id": "146451145_9" }, "geometry": { "type": "Point", "coordinates": [ 7.068157833702926, 51.516585796296781 ] } },
{ "type": "Feature", "properties": { "source": "cw=lane", "target": "cw=track", "length_km": 0.041778728830806355, "osm_id": 146451146, "osm_version": 6, "valid_from": "2025-08-23T09:28:15Z", "feature_id": "146451146_6" }, "geometry": { "type": "Point", "coordinates": [ 7.07898535, 51.50538115 ] } },
{ "type": "Feature", "properties": { "source": "hw=tertiary_other", "target": "cw=track", "length_km": 0.047270036267707483, "osm_id": 146451150, "osm_version": 5, "valid_from": "2025-08-23T09:28:15Z", "feature_id": "146451150_5" }, "geometry": { "type": "Point", "coordinates": [ 7.079096346686835, 51.50543060292371 ] } },
{ "type": "Feature", "properties": { "source": "hw=tertiary_other", "target": "cw=track", "length_km": 0.17394084497391704, "osm_id": 146451151, "osm_version": 7, "valid_from": "2025-08-23T09:28:15Z", "feature_id": "146451151_7" }, "geometry": { "type": "Point", "coordinates": [ 7.06348686390672, 51.523341026901605 ] } },
{ "type": "Feature", "properties": { "source": "hw=tertiary_other", "target": "cw=track", "length_km": 0.14180635062492566, "osm_id": 146451155, "osm_version": 8, "valid_from": "2025-08-23T09:28:15Z", "feature_id": "146451155_8" }, "geometry": { "type": "Point", "coordinates": [ 7.064153972104063, 51.522732302483213 ] } },
{ "type": "Feature", "properties": { "source": "hw=tertiary_other", "target": "cw=lane", "length_km": 0.17588993884804302, "osm_id": 146451158, "osm_version": 9, "valid_from": "2025-08-23T09:28:15Z", "feature_id": "146451158_9" }, "geometry": { "type": "Point", "coordinates": [ 7.071971677040705, 51.512381729942867 ] } },
{ "type": "Feature", "properties": { "source": "hw=tertiary_other", "target": "cw=track", "length_km": 0.3093397302747965, "osm_id": 146451161, "osm_version": 9, "valid_from": "2025-08-23T09:28:15Z", "feature_id": "146451161_9" }, "geometry": { "type": "Point", "coordinates": [ 7.077720479141864, 51.506750892008654 ] } },
{ "type": "Feature", "properties": { "source": "hw=tertiary_other", "target": "cw=lane", "length_km": 0.12231554551220974, "osm_id": 146451164, "osm_version": 7, "valid_from": "2025-08-23T09:28:15Z", "feature_id": "146451164_7" }, "geometry": { "type": "Point", "coordinates": [ 7.071825232401981, 51.512672757136123 ] } },
{ "type": "Feature", "properties": { "source": "hw=tertiary_other", "target": "cw=track", "length_km": 0.12163420049370263, "osm_id": 146451167, "osm_version": 6, "valid_from": "2025-08-23T09:28:15Z", "feature_id": "146451167_6" }, "geometry": { "type": "Point", "coordinates": [ 7.070192586824981, 51.513742650061531 ] } },
{ "type": "Feature", "properties": { "source": "hw=tertiary_other", "target": "cw=track", "length_km": 0.14927385260671866, "osm_id": 146451169, "osm_version": 5, "valid_from": "2025-08-23T09:28:15Z", "feature_id": "146451169_5" }, "geometry": { "type": "Point", "coordinates": [ 7.069380618427657, 51.51424726207653 ] } },
{ "type": "Feature", "properties": { "source": "hw=tertiary_other", "target": "cw=track", "length_km": 0.19942051584491374, "osm_id": 146451171, "osm_version": 6, "valid_from": "2025-08-23T09:28:15Z", "feature_id": "146451171_6" }, "geometry": { "type": "Point", "coordinates": [ 7.07819886167815, 51.506375055759655 ] } },
{ "type": "Feature", "properties": { "source": "hw=tertiary_other", "target": "cw=track", "length_km": 0.01001067659432197, "osm_id": 146451176, "osm_version": 4, "valid_from": "2025-08-23T09:28:15Z", "feature_id": "146451176_4" }, "geometry": { "type": "Point", "coordinates": [ 7.0798759, 51.50243985 ] } },
{ "type": "Feature", "properties": { "source": "hw=tertiary_other", "target": "cw=lane", "length_km": 0.013467559296399567, "osm_id": 146451180, "osm_version": 3, "valid_from": "2025-08-23T09:28:15Z", "feature_id": "146451180_3" }, "geometry": { "type": "Point", "coordinates": [ 7.08021695, 51.50045115 ] } },
{ "type": "Feature", "properties": { "source": "hw=tertiary_other", "target": "cw=track", "length_km": 0.079056768956672074, "osm_id": 146451184, "osm_version": 4, "valid_from": "2025-08-23T09:28:15Z", "feature_id": "146451184_4" }, "geometry": { "type": "Point", "coordinates": [ 7.079360663514859, 51.50490465375136 ] } },
{ "type": "Feature", "properties": { "source": "hw=tertiary_other", "target": "cw=track", "length_km": 0.18924442276112968, "osm_id": 146451185, "osm_version": 5, "valid_from": "2025-08-23T09:28:15Z", "feature_id": "146451185_5" }, "geometry": { "type": "Point", "coordinates": [ 7.080053393869244, 51.501351129149143 ] } },
{ "type": "Feature", "properties": { "source": "hw=tertiary_other", "target": "cw=track", "length_km": 0.079380768729724119, "osm_id": 146451188, "osm_version": 4, "valid_from": "2025-08-23T09:28:15Z", "feature_id": "146451188_4" }, "geometry": { "type": "Point", "coordinates": [ 7.079446568486818, 51.504917184270234 ] } },
{ "type": "Feature", "properties": { "source": "hw=tertiary_other", "target": "cw=track", "length_km": 0.19957030582266577, "osm_id": 146451191, "osm_version": 4, "valid_from": "2025-08-23T09:28:15Z", "feature_id": "146451191_4" }, "geometry": { "type": "Point", "coordinates": [ 7.07970597724231, 51.503494866868984 ] } },
{ "type": "Feature", "properties": { "source": "hw=secondary_other", "target": "cw=lane", "length_km": 0.080203976745187991, "osm_id": 146486237, "osm_version": 16, "valid_from": "2025-09-20T08:57:58Z", "feature_id": "146486237_16" }, "geometry": { "type": "Point", "coordinates": [ 7.128912152783885, 51.480122872295368 ] } },
{ "type": "Feature", "properties": { "source": "hw=secondary_other", "target": "cw=lane", "length_km": 0.19663740921634817, "osm_id": 146496426, "osm_version": 7, "valid_from": "2025-11-15T15:48:57Z", "feature_id": "146496426_7" }, "geometry": { "type": "Point", "coordinates": [ 7.102751843603742, 51.521116941045058 ] } },
{ "type": "Feature", "properties": { "source": "hw=secondary_other", "target": "cw=lane", "length_km": 0.14003070249018493, "osm_id": 146496428, "osm_version": 8, "valid_from": "2025-11-15T19:31:12Z", "feature_id": "146496428_8" }, "geometry": { "type": "Point", "coordinates": [ 7.103399114704994, 51.518604768280724 ] } },
{ "type": "Feature", "properties": { "source": "hw=tertiary_other", "target": "cw=lane", "length_km": 0.16313141971428274, "osm_id": 146496453, "osm_version": 7, "valid_from": "2025-11-15T15:48:57Z", "feature_id": "146496453_7" }, "geometry": { "type": "Point", "coordinates": [ 7.101693484585911, 51.522748459006088 ] } },
{ "type": "Feature", "properties": { "source": "hw=track_other", "target": "hw=path_bicycle=designated", "length_km": 0.61064296826379039, "osm_id": 146577509, "osm_version": 5, "valid_from": "2026-01-01T09:30:01Z", "feature_id": "146577509_5" }, "geometry": { "type": "Point", "coordinates": [ 9.632834573004487, 49.03858718486012 ] } },
{ "type": "Feature", "properties": { "source": "hw=track_other", "target": "hw=path_bicycle=designated", "length_km": 0.010120641711212094, "osm_id": 146577513, "osm_version": 3, "valid_from": "2026-01-01T09:30:01Z", "feature_id": "146577513_3" }, "geometry": { "type": "Point", "coordinates": [ 9.63065, 49.0407193 ] } },
{ "type": "Feature", "properties": { "source": "hw=tertiary_other", "target": "cw=lane", "length_km": 0.2026286009623981, "osm_id": 146736273, "osm_version": 13, "valid_from": "2025-08-22T06:12:19Z", "feature_id": "146736273_13" }, "geometry": { "type": "Point", "coordinates": [ 7.074350444993819, 51.53723766885291 ] } },
{ "type": "Feature", "properties": { "source": "hw=path_other", "target": "hw=path_bicycle=designated", "length_km": 3.4172452419536676, "osm_id": 146794620, "osm_version": 74, "valid_from": "2025-09-18T12:55:28Z", "feature_id": "146794620_74" }, "geometry": { "type": "Point", "coordinates": [ 10.295239363925431, 53.421430702374849 ] } },
{ "type": "Feature", "properties": { "source": "hw=secondary_other", "target": "cw=lane", "length_km": 0.01145921877858103, "osm_id": 147014670, "osm_version": 8, "valid_from": "2025-08-22T20:20:12Z", "feature_id": "147014670_8" }, "geometry": { "type": "Point", "coordinates": [ 7.05638685, 51.5777601 ] } },
{ "type": "Feature", "properties": { "source": "hw=path_other", "target": "hw=path_bicycle=designated", "length_km": 1.0785927670368147, "osm_id": 147018287, "osm_version": 14, "valid_from": "2025-09-07T09:59:34Z", "feature_id": "147018287_14" }, "geometry": { "type": "Point", "coordinates": [ 11.68339090267599, 51.726800757180534 ] } },
{ "type": "Feature", "properties": { "source": "hw=secondary_other", "target": "cw=lane", "length_km": 0.040008446745595505, "osm_id": 147019310, "osm_version": 6, "valid_from": "2025-08-22T20:20:12Z", "feature_id": "147019310_6" }, "geometry": { "type": "Point", "coordinates": [ 7.052351462892184, 51.581684496409771 ] } },
{ "type": "Feature", "properties": { "source": "hw=secondary_other", "target": "cw=lane", "length_km": 0.023996739814178547, "osm_id": 147019311, "osm_version": 7, "valid_from": "2025-08-22T20:20:12Z", "feature_id": "147019311_7" }, "geometry": { "type": "Point", "coordinates": [ 7.05625885, 51.578252 ] } },
{ "type": "Feature", "properties": { "source": "hw=secondary_other", "target": "cw=track", "length_km": 0.14875949886786966, "osm_id": 147019320, "osm_version": 9, "valid_from": "2025-08-22T15:22:14Z", "feature_id": "147019320_9" }, "geometry": { "type": "Point", "coordinates": [ 7.049868300734024, 51.587106170119711 ] } },
{ "type": "Feature", "properties": { "source": "hw=primary_other", "target": "cw=track", "length_km": 0.092278547039518211, "osm_id": 147019324, "osm_version": 9, "valid_from": "2025-08-22T20:20:12Z", "feature_id": "147019324_9" }, "geometry": { "type": "Point", "coordinates": [ 7.049456871924391, 51.585686672112622 ] } },
{ "type": "Feature", "properties": { "source": "hw=secondary_other", "target": "cw=track", "length_km": 0.36724188151138371, "osm_id": 147019326, "osm_version": 9, "valid_from": "2025-08-22T15:22:14Z", "feature_id": "147019326_9" }, "geometry": { "type": "Point", "coordinates": [ 7.050847551024644, 51.590159948716781 ] } },
{ "type": "Feature", "properties": { "source": "hw=secondary_other", "target": "cw=track", "length_km": 0.070072354598793615, "osm_id": 147019327, "osm_version": 7, "valid_from": "2025-08-22T15:22:14Z", "feature_id": "147019327_7" }, "geometry": { "type": "Point", "coordinates": [ 7.051659341140822, 51.592062106239069 ] } },
{ "type": "Feature", "properties": { "source": "hw=tertiary_other", "target": "cw=track", "length_km": 0.062746385218764911, "osm_id": 147019334, "osm_version": 7, "valid_from": "2025-08-22T15:22:14Z", "feature_id": "147019334_7" }, "geometry": { "type": "Point", "coordinates": [ 7.051707880730459, 51.591468026858841 ] } },
{ "type": "Feature", "properties": { "source": "hw=secondary_other", "target": "cw=track", "length_km": 0.38966305155339492, "osm_id": 147021747, "osm_version": 14, "valid_from": "2025-08-23T05:16:28Z", "feature_id": "147021747_14" }, "geometry": { "type": "Point", "coordinates": [ 7.050027675530453, 51.600663316829966 ] } },
{ "type": "Feature", "properties": { "source": "hw=tertiary_other", "target": "cw=lane", "length_km": 0.75970902423568643, "osm_id": 147032279, "osm_version": 12, "valid_from": "2025-11-15T20:15:25Z", "feature_id": "147032279_12" }, "geometry": { "type": "Point", "coordinates": [ 7.089751565558803, 51.528314338988913 ] } },
{ "type": "Feature", "properties": { "source": "hw=secondary_other", "target": "cw=lane", "length_km": 0.10226771035001379, "osm_id": 147143243, "osm_version": 6, "valid_from": "2025-09-21T06:32:43Z", "feature_id": "147143243_6" }, "geometry": { "type": "Point", "coordinates": [ 7.023064599316528, 51.543297752554466 ] } },
{ "type": "Feature", "properties": { "source": "cw=track", "target": "cw=lane", "length_km": 0.24139295748420417, "osm_id": 147143284, "osm_version": 9, "valid_from": "2025-09-21T06:32:43Z", "feature_id": "147143284_9" }, "geometry": { "type": "Point", "coordinates": [ 7.020588812053337, 51.543370589212344 ] } },
{ "type": "Feature", "properties": { "source": "cw=track", "target": "cw=lane", "length_km": 0.26539470713960434, "osm_id": 147143286, "osm_version": 10, "valid_from": "2025-09-21T06:32:43Z", "feature_id": "147143286_10" }, "geometry": { "type": "Point", "coordinates": [ 7.02041900525534, 51.543281717341252 ] } },
{ "type": "Feature", "properties": { "source": "hw=tertiary_other", "target": "cw=track", "length_km": 1.2013018135613955, "osm_id": 147184481, "osm_version": 13, "valid_from": "2025-08-23T05:27:53Z", "feature_id": "147184481_13" }, "geometry": { "type": "Point", "coordinates": [ 7.081941394788489, 51.560457529980688 ] } },
{ "type": "Feature", "properties": { "source": "hw=tertiary_other", "target": "cw=track", "length_km": 0.041730282551699034, "osm_id": 147184487, "osm_version": 3, "valid_from": "2025-08-23T05:27:53Z", "feature_id": "147184487_3" }, "geometry": { "type": "Point", "coordinates": [ 7.075276312201924, 51.564382045377734 ] } },
{ "type": "Feature", "properties": { "source": "hw=secondary_other", "target": "cw=track", "length_km": 0.30313821478108355, "osm_id": 147417018, "osm_version": 10, "valid_from": "2025-08-22T15:38:55Z", "feature_id": "147417018_10" }, "geometry": { "type": "Point", "coordinates": [ 7.066838177184898, 51.581495581837856 ] } },
{ "type": "Feature", "properties": { "source": "hw=secondary_link_other", "target": "cw=track", "length_km": 0.045091097510374552, "osm_id": 147417035, "osm_version": 5, "valid_from": "2025-08-22T15:38:55Z", "feature_id": "147417035_5" }, "geometry": { "type": "Point", "coordinates": [ 7.06771321863495, 51.579897700732808 ] } },
{ "type": "Feature", "properties": { "source": "hw=secondary_other", "target": "cw=track", "length_km": 0.40806214243851108, "osm_id": 147417037, "osm_version": 8, "valid_from": "2025-08-22T15:38:55Z", "feature_id": "147417037_8" }, "geometry": { "type": "Point", "coordinates": [ 7.065935656040194, 51.577606168980608 ] } },
{ "type": "Feature", "properties": { "source": "hw=secondary_other", "target": "cw=track", "length_km": 0.049530502941095636, "osm_id": 147417039, "osm_version": 7, "valid_from": "2025-08-22T15:38:55Z", "feature_id": "147417039_7" }, "geometry": { "type": "Point", "coordinates": [ 7.067516864757078, 51.579471102127286 ] } },
{ "type": "Feature", "properties": { "source": "hw=tertiary_other", "target": "cw=lane", "length_km": 0.33383911513401232, "osm_id": 147466578, "osm_version": 12, "valid_from": "2025-11-21T18:16:52Z", "feature_id": "147466578_12" }, "geometry": { "type": "Point", "coordinates": [ 7.115779607931539, 51.586595154759863 ] } },
{ "type": "Feature", "properties": { "source": "hw=tertiary_other", "target": "cw=track", "length_km": 0.076750400776470676, "osm_id": 147466579, "osm_version": 10, "valid_from": "2025-10-23T19:37:39Z", "feature_id": "147466579_10" }, "geometry": { "type": "Point", "coordinates": [ 7.080446710025877, 51.569492432084637 ] } },
{ "type": "Feature", "properties": { "source": "hw=tertiary_other", "target": "cw=track", "length_km": 0.080598759576430701, "osm_id": 147466581, "osm_version": 9, "valid_from": "2025-10-23T19:37:39Z", "feature_id": "147466581_9" }, "geometry": { "type": "Point", "coordinates": [ 7.080378205853353, 51.569551125834629 ] } },
{ "type": "Feature", "properties": { "source": "hw=tertiary_other", "target": "cw=track", "length_km": 0.14056516364581245, "osm_id": 147466582, "osm_version": 5, "valid_from": "2025-10-23T19:37:39Z", "feature_id": "147466582_5" }, "geometry": { "type": "Point", "coordinates": [ 7.081889362758215, 51.569866874080553 ] } },
{ "type": "Feature", "properties": { "source": "hw=tertiary_other", "target": "cw=lane", "length_km": 0.26841254485835958, "osm_id": 147466584, "osm_version": 7, "valid_from": "2025-11-21T18:16:52Z", "feature_id": "147466584_7" }, "geometry": { "type": "Point", "coordinates": [ 7.113569470162227, 51.581361978783995 ] } },
{ "type": "Feature", "properties": { "source": "hw=tertiary_other", "target": "cw=track", "length_km": 0.041937132805898752, "osm_id": 147466592, "osm_version": 6, "valid_from": "2025-08-23T05:27:53Z", "feature_id": "147466592_6" }, "geometry": { "type": "Point", "coordinates": [ 7.073253567084532, 51.565387795924103 ] } },
{ "type": "Feature", "properties": { "source": "hw=secondary_other", "target": "cw=track", "length_km": 0.25043768074525524, "osm_id": 147476264, "osm_version": 10, "valid_from": "2025-08-22T17:05:59Z", "feature_id": "147476264_10" }, "geometry": { "type": "Point", "coordinates": [ 7.164002600318801, 51.513255148322408 ] } },
{ "type": "Feature", "properties": { "source": "hw=secondary_other", "target": "cw=track", "length_km": 0.31392415238983051, "osm_id": 148080890, "osm_version": 9, "valid_from": "2025-08-22T14:11:22Z", "feature_id": "148080890_9" }, "geometry": { "type": "Point", "coordinates": [ 7.042045207574748, 51.585136205553781 ] } },
{ "type": "Feature", "properties": { "source": "hw=secondary_other", "target": "cw=track", "length_km": 0.30511765407814545, "osm_id": 148080892, "osm_version": 10, "valid_from": "2025-08-22T14:11:22Z", "feature_id": "148080892_10" }, "geometry": { "type": "Point", "coordinates": [ 7.042993653040711, 51.584533712235164 ] } },
{ "type": "Feature", "properties": { "source": "hw=primary_other", "target": "cw=track", "length_km": 0.14141840153287624, "osm_id": 148080896, "osm_version": 8, "valid_from": "2025-08-22T20:20:12Z", "feature_id": "148080896_8" }, "geometry": { "type": "Point", "coordinates": [ 7.045219923892426, 51.583555050473123 ] } },
{ "type": "Feature", "properties": { "source": "hw=primary_other", "target": "cw=track", "length_km": 0.012305471148365612, "osm_id": 148080903, "osm_version": 4, "valid_from": "2025-08-22T20:20:12Z", "feature_id": "148080903_4" }, "geometry": { "type": "Point", "coordinates": [ 7.0487527, 51.585517 ] } },
{ "type": "Feature", "properties": { "source": "hw=primary_other", "target": "cw=track", "length_km": 0.087935553079765305, "osm_id": 148080909, "osm_version": 9, "valid_from": "2025-08-22T20:20:12Z", "feature_id": "148080909_9" }, "geometry": { "type": "Point", "coordinates": [ 7.0495435390591, 51.585485430784814 ] } },
{ "type": "Feature", "properties": { "source": "hw=primary_other", "target": "cw=track", "length_km": 0.043708359780763761, "osm_id": 148080912, "osm_version": 9, "valid_from": "2025-08-22T15:38:55Z", "feature_id": "148080912_9" }, "geometry": { "type": "Point", "coordinates": [ 7.06569015, 51.5834547 ] } },
{ "type": "Feature", "properties": { "source": "hw=secondary_other", "target": "cw=track", "length_km": 0.24639163722823951, "osm_id": 148080915, "osm_version": 16, "valid_from": "2025-08-22T15:38:55Z", "feature_id": "148080915_16" }, "geometry": { "type": "Point", "coordinates": [ 7.066297943073271, 51.582215594359582 ] } },
{ "type": "Feature", "properties": { "source": "hw=residential_other", "target": "cw=lane", "length_km": 0.077304148613295237, "osm_id": 148110338, "osm_version": 6, "valid_from": "2025-11-15T15:48:57Z", "feature_id": "148110338_6" }, "geometry": { "type": "Point", "coordinates": [ 7.089873345392604, 51.520285618525463 ] } },
{ "type": "Feature", "properties": { "source": "cw=track", "target": "cw=lane", "length_km": 0.15707613613855106, "osm_id": 148379711, "osm_version": 10, "valid_from": "2025-11-15T20:47:59Z", "feature_id": "148379711_10" }, "geometry": { "type": "Point", "coordinates": [ 7.035857437108707, 51.573328768880742 ] } },
{ "type": "Feature", "properties": { "source": "hw=tertiary_other", "target": "cw=track", "length_km": 0.41008337511539111, "osm_id": 148455411, "osm_version": 12, "valid_from": "2025-08-22T14:11:22Z", "feature_id": "148455411_12" }, "geometry": { "type": "Point", "coordinates": [ 7.021489953943841, 51.591712861369849 ] } },
{ "type": "Feature", "properties": { "source": "hw=secondary_other", "target": "cw=track", "length_km": 0.206719789974599, "osm_id": 148455412, "osm_version": 11, "valid_from": "2025-08-22T14:11:22Z", "feature_id": "148455412_11" }, "geometry": { "type": "Point", "coordinates": [ 7.03804306448924, 51.587037363952774 ] } },
{ "type": "Feature", "properties": { "source": "hw=secondary_other", "target": "cw=track", "length_km": 0.24086388586142921, "osm_id": 148455413, "osm_version": 10, "valid_from": "2025-08-22T14:11:22Z", "feature_id": "148455413_10" }, "geometry": { "type": "Point", "coordinates": [ 7.039189438832509, 51.58682345501456 ] } },
{ "type": "Feature", "properties": { "source": "hw=secondary_other", "target": "cw=track", "length_km": 0.041481399673801274, "osm_id": 148455414, "osm_version": 8, "valid_from": "2025-08-22T14:11:22Z", "feature_id": "148455414_8" }, "geometry": { "type": "Point", "coordinates": [ 7.030786971572909, 51.587304575005604 ] } },
{ "type": "Feature", "properties": { "source": "hw=secondary_other", "target": "cw=track", "length_km": 0.041737337405245378, "osm_id": 148455415, "osm_version": 8, "valid_from": "2025-08-22T14:11:22Z", "feature_id": "148455415_8" }, "geometry": { "type": "Point", "coordinates": [ 7.030842198655055, 51.587414431909792 ] } },
{ "type": "Feature", "properties": { "source": "hw=tertiary_other", "target": "cw=track", "length_km": 0.080390575476788753, "osm_id": 148455416, "osm_version": 7, "valid_from": "2025-08-22T14:11:22Z", "feature_id": "148455416_7" }, "geometry": { "type": "Point", "coordinates": [ 7.024792788564421, 51.58927991723084 ] } },
{ "type": "Feature", "properties": { "source": "hw=tertiary_other", "target": "cw=track", "length_km": 0.12951525563196065, "osm_id": 148455417, "osm_version": 6, "valid_from": "2025-08-22T14:11:22Z", "feature_id": "148455417_6" }, "geometry": { "type": "Point", "coordinates": [ 7.024910262968085, 51.589050449437039 ] } },
{ "type": "Feature", "properties": { "source": "hw=tertiary_other", "target": "cw=track", "length_km": 0.15163025615538978, "osm_id": 148455419, "osm_version": 8, "valid_from": "2025-08-22T14:11:22Z", "feature_id": "148455419_8" }, "geometry": { "type": "Point", "coordinates": [ 7.026434383612062, 51.588227193785279 ] } },
{ "type": "Feature", "properties": { "source": "hw=residential_other", "target": "cw=lane", "length_km": 0.35469123266765634, "osm_id": 148476342, "osm_version": 4, "valid_from": "2025-11-15T15:48:57Z", "feature_id": "148476342_4" }, "geometry": { "type": "Point", "coordinates": [ 7.086979682919177, 51.519572189593561 ] } },
{ "type": "Feature", "properties": { "source": "hw=tertiary_other", "target": "cw=track", "length_km": 0.054510888286083345, "osm_id": 148501638, "osm_version": 5, "valid_from": "2025-08-22T15:22:14Z", "feature_id": "148501638_5" }, "geometry": { "type": "Point", "coordinates": [ 7.052398739586303, 51.591637857583379 ] } },
{ "type": "Feature", "properties": { "source": "hw=tertiary_other", "target": "cw=track", "length_km": 0.094784184502974198, "osm_id": 148501641, "osm_version": 5, "valid_from": "2025-08-22T15:22:14Z", "feature_id": "148501641_5" }, "geometry": { "type": "Point", "coordinates": [ 7.052104290151402, 51.591700857392418 ] } },
{ "type": "Feature", "properties": { "source": "hw=tertiary_other", "target": "cw=track", "length_km": 0.43457789625927584, "osm_id": 148501643, "osm_version": 8, "valid_from": "2025-08-22T15:22:14Z", "feature_id": "148501643_8" }, "geometry": { "type": "Point", "coordinates": [ 7.057080421187193, 51.59238424535917 ] } },
{ "type": "Feature", "properties": { "source": "hw=tertiary_other", "target": "cw=track", "length_km": 0.35901189038924047, "osm_id": 148504607, "osm_version": 8, "valid_from": "2025-08-22T14:32:00Z", "feature_id": "148504607_8" }, "geometry": { "type": "Point", "coordinates": [ 7.017233963052033, 51.596363429526434 ] } },
{ "type": "Feature", "properties": { "source": "hw=residential_other", "target": "cw=lane", "length_km": 0.29815564193112798, "osm_id": 148510394, "osm_version": 7, "valid_from": "2025-11-15T15:48:57Z", "feature_id": "148510394_7" }, "geometry": { "type": "Point", "coordinates": [ 7.097670527864062, 51.522107235594333 ] } },
{ "type": "Feature", "properties": { "source": "hw=cycleway", "target": "hw=path_bicycle=designated", "length_km": 0.12633420497106038, "osm_id": 148526811, "osm_version": 5, "valid_from": "2026-01-01T12:52:19Z", "feature_id": "148526811_5" }, "geometry": { "type": "Point", "coordinates": [ 10.267092681804334, 47.520170138587289 ] } },
{ "type": "Feature", "properties": { "source": "hw=cycleway", "target": "hw=path_bicycle=designated", "length_km": 0.17304836767451257, "osm_id": 148889052, "osm_version": 7, "valid_from": "2025-12-06T15:48:35Z", "feature_id": "148889052_7" }, "geometry": { "type": "Point", "coordinates": [ 10.341196002453623, 49.05952714072545 ] } },
{ "type": "Feature", "properties": { "source": "hw=residential_other", "target": "cw=lane", "length_km": 0.051512712931843931, "osm_id": 149488303, "osm_version": 7, "valid_from": "2025-08-22T16:15:12Z", "feature_id": "149488303_7" }, "geometry": { "type": "Point", "coordinates": [ 7.133573463023952, 51.517903731332375 ] } },
{ "type": "Feature", "properties": { "source": "hw=residential_other", "target": "cw=lane", "length_km": 0.26146084414815268, "osm_id": 149488306, "osm_version": 8, "valid_from": "2025-08-22T16:15:12Z", "feature_id": "149488306_8" }, "geometry": { "type": "Point", "coordinates": [ 7.131099710047105, 51.516724954484943 ] } },
{ "type": "Feature", "properties": { "source": "hw=residential_other", "target": "cw=lane", "length_km": 0.13499840422928561, "osm_id": 149488307, "osm_version": 8, "valid_from": "2025-08-22T16:15:12Z", "feature_id": "149488307_8" }, "geometry": { "type": "Point", "coordinates": [ 7.124230069093462, 51.51495936214414 ] } },
{ "type": "Feature", "properties": { "source": "hw=residential_other", "target": "cw=lane", "length_km": 0.11946150038597728, "osm_id": 149488308, "osm_version": 9, "valid_from": "2025-08-22T16:15:12Z", "feature_id": "149488308_9" }, "geometry": { "type": "Point", "coordinates": [ 7.124323529545856, 51.515021937492335 ] } },
{ "type": "Feature", "properties": { "source": "hw=path_other", "target": "hw=path_bicycle=designated", "length_km": 0.049959104962408366, "osm_id": 151388864, "osm_version": 3, "valid_from": "2025-12-13T20:48:46Z", "feature_id": "151388864_3" }, "geometry": { "type": "Point", "coordinates": [ 10.334057618766963, 49.175243206823119 ] } },
{ "type": "Feature", "properties": { "source": "hw=cycleway", "target": "hw=path_bicycle=designated", "length_km": 0.044108817284734085, "osm_id": 151541193, "osm_version": 5, "valid_from": "2025-10-02T09:11:16Z", "feature_id": "151541193_5" }, "geometry": { "type": "Point", "coordinates": [ 12.339920908810576, 49.875353386515272 ] } },
{ "type": "Feature", "properties": { "source": "hw=cycleway", "target": "hw=path_bicycle=designated", "length_km": 0.28160472705512435, "osm_id": 151541233, "osm_version": 11, "valid_from": "2025-10-02T09:11:16Z", "feature_id": "151541233_11" }, "geometry": { "type": "Point", "coordinates": [ 12.340755812191434, 49.874005850320778 ] } },
{ "type": "Feature", "properties": { "source": "hw=footway_other", "target": "hw=path_bicycle=designated", "length_km": 0.22593042820153927, "osm_id": 153273751, "osm_version": 7, "valid_from": "2025-10-15T13:09:47Z", "feature_id": "153273751_7" }, "geometry": { "type": "Point", "coordinates": [ 8.444973241986553, 49.941178841917448 ] } },
{ "type": "Feature", "properties": { "source": "hw=path_other", "target": "hw=path_bicycle=designated", "length_km": 0.33827388836853778, "osm_id": 154141806, "osm_version": 5, "valid_from": "2025-11-03T15:00:01Z", "feature_id": "154141806_5" }, "geometry": { "type": "Point", "coordinates": [ 12.061677969979703, 51.568770282767879 ] } },
{ "type": "Feature", "properties": { "source": "hw=secondary_link_other", "target": "cw=track", "length_km": 0.04646880092561239, "osm_id": 156266146, "osm_version": 6, "valid_from": "2025-10-02T08:24:46Z", "feature_id": "156266146_6" }, "geometry": { "type": "Point", "coordinates": [ 7.280998117033933, 51.638942285823504 ] } },
{ "type": "Feature", "properties": { "source": "hw=path_other", "target": "hw=path_bicycle=designated", "length_km": 0.96769874320812332, "osm_id": 156443047, "osm_version": 8, "valid_from": "2025-11-21T18:16:52Z", "feature_id": "156443047_8" }, "geometry": { "type": "Point", "coordinates": [ 7.097933076896841, 51.57557110163787 ] } },
{ "type": "Feature", "properties": { "source": "hw=path_other", "target": "hw=path_bicycle=designated", "length_km": 0.53494868520351835, "osm_id": 157852550, "osm_version": 9, "valid_from": "2025-12-18T09:17:54Z", "feature_id": "157852550_9" }, "geometry": { "type": "Point", "coordinates": [ 10.508496850527933, 49.236601520447984 ] } },
{ "type": "Feature", "properties": { "source": "hw=footway_bicycle=yes", "target": "hw=path_bicycle=designated", "length_km": 0.67821386752370039, "osm_id": 158346205, "osm_version": 11, "valid_from": "2025-10-15T17:11:27Z", "feature_id": "158346205_11" }, "geometry": { "type": "Point", "coordinates": [ 6.767640049146718, 51.321365455009158 ] } },
{ "type": "Feature", "properties": { "source": "hw=secondary_other", "target": "cw=track", "length_km": 0.08498075433025605, "osm_id": 159522066, "osm_version": 11, "valid_from": "2025-11-24T15:04:11Z", "feature_id": "159522066_11" }, "geometry": { "type": "Point", "coordinates": [ 12.098851164718738, 50.900743299432285 ] } },
{ "type": "Feature", "properties": { "source": "hw=secondary_other", "target": "cw=track", "length_km": 0.31734172774315711, "osm_id": 159630241, "osm_version": 4, "valid_from": "2025-09-21T09:18:07Z", "feature_id": "159630241_4" }, "geometry": { "type": "Point", "coordinates": [ 8.256107865792906, 51.591217193574323 ] } },
{ "type": "Feature", "properties": { "source": "hw=secondary_other", "target": "cw=track", "length_km": 0.074085045308970324, "osm_id": 159674367, "osm_version": 11, "valid_from": "2025-09-21T09:18:07Z", "feature_id": "159674367_11" }, "geometry": { "type": "Point", "coordinates": [ 8.25170885, 51.5963959 ] } },
{ "type": "Feature", "properties": { "source": "hw=secondary_other", "target": "cw=track", "length_km": 0.068669652988446239, "osm_id": 159674368, "osm_version": 10, "valid_from": "2025-09-21T09:18:07Z", "feature_id": "159674368_10" }, "geometry": { "type": "Point", "coordinates": [ 8.24816515, 51.59570605 ] } },
{ "type": "Feature", "properties": { "source": "hw=tertiary_other", "target": "cw=track", "length_km": 0.019846142410319238, "osm_id": 159920658, "osm_version": 12, "valid_from": "2025-09-06T14:18:45Z", "feature_id": "159920658_12" }, "geometry": { "type": "Point", "coordinates": [ 12.105390399834432, 50.004905371989473 ] } },
{ "type": "Feature", "properties": { "source": "hw=footway_bicycle=yes", "target": "hw=path_bicycle=designated", "length_km": 3.6513695287685497, "osm_id": 160335696, "osm_version": 15, "valid_from": "2026-01-18T13:01:45Z", "feature_id": "160335696_15" }, "geometry": { "type": "Point", "coordinates": [ 11.556018038368412, 53.366591507208888 ] } },
{ "type": "Feature", "properties": { "source": "hw=path_other", "target": "hw=path_bicycle=designated", "length_km": 0.018927185537872541, "osm_id": 160415948, "osm_version": 7, "valid_from": "2025-10-07T14:16:16Z", "feature_id": "160415948_7" }, "geometry": { "type": "Point", "coordinates": [ 12.05681705, 51.2967949 ] } },
{ "type": "Feature", "properties": { "source": "hw=footway_other", "target": "hw=path_bicycle=designated", "length_km": 0.14349366753866408, "osm_id": 160415949, "osm_version": 8, "valid_from": "2025-10-07T14:16:16Z", "feature_id": "160415949_8" }, "geometry": { "type": "Point", "coordinates": [ 12.057693480468078, 51.297265534995113 ] } },
{ "type": "Feature", "properties": { "source": "hw=footway_other", "target": "hw=path_bicycle=designated", "length_km": 0.1577653772259007, "osm_id": 160415950, "osm_version": 6, "valid_from": "2025-10-07T14:16:16Z", "feature_id": "160415950_6" }, "geometry": { "type": "Point", "coordinates": [ 12.059268037082926, 51.298199464749622 ] } },
{ "type": "Feature", "properties": { "source": "hw=path_other", "target": "hw=footway_bicycle=yes", "length_km": 0.31134074606085116, "osm_id": 160415953, "osm_version": 10, "valid_from": "2025-10-07T14:16:16Z", "feature_id": "160415953_10" }, "geometry": { "type": "Point", "coordinates": [ 12.062306180863457, 51.299704833646487 ] } },
{ "type": "Feature", "properties": { "source": "hw=footway_other", "target": "hw=path_bicycle=designated", "length_km": 0.38254052022732771, "osm_id": 160527591, "osm_version": 11, "valid_from": "2025-09-21T11:16:27Z", "feature_id": "160527591_11" }, "geometry": { "type": "Point", "coordinates": [ 7.043154912014568, 51.514061448096236 ] } },
{ "type": "Feature", "properties": { "source": "hw=secondary_other", "target": "cw=track", "length_km": 0.15174378593847235, "osm_id": 161116473, "osm_version": 8, "valid_from": "2025-08-22T14:11:22Z", "feature_id": "161116473_8" }, "geometry": { "type": "Point", "coordinates": [ 7.029417333161652, 51.587428614979437 ] } },
{ "type": "Feature", "properties": { "source": "hw=tertiary_other", "target": "cw=track", "length_km": 0.12071223269024839, "osm_id": 161116478, "osm_version": 6, "valid_from": "2025-08-22T14:11:22Z", "feature_id": "161116478_6" }, "geometry": { "type": "Point", "coordinates": [ 7.027725966602524, 51.587907179987297 ] } },
{ "type": "Feature", "properties": { "source": "hw=secondary_other", "target": "cw=lane", "length_km": 0.10041641928010947, "osm_id": 161148472, "osm_version": 8, "valid_from": "2025-11-05T19:38:23Z", "feature_id": "161148472_8" }, "geometry": { "type": "Point", "coordinates": [ 7.122608093783979, 51.997666069902259 ] } },
{ "type": "Feature", "properties": { "source": "hw=cycleway", "target": "hw=path_bicycle=designated", "length_km": 0.023300680095163513, "osm_id": 161667971, "osm_version": 10, "valid_from": "2026-01-02T12:42:05Z", "feature_id": "161667971_10" }, "geometry": { "type": "Point", "coordinates": [ 9.190201584809499, 49.231368509643758 ] } },
{ "type": "Feature", "properties": { "source": "hw=track_other", "target": "hw=track_bicycle=designated", "length_km": 0.62012048656207408, "osm_id": 161897686, "osm_version": 6, "valid_from": "2025-12-31T16:38:53Z", "feature_id": "161897686_6" }, "geometry": { "type": "Point", "coordinates": [ 8.992197629382057, 49.115140967097425 ] } },
{ "type": "Feature", "properties": { "source": "hw=path_other", "target": "hw=path_bicycle=designated", "length_km": 0.94210896523899057, "osm_id": 162206770, "osm_version": 10, "valid_from": "2025-08-24T08:39:14Z", "feature_id": "162206770_10" }, "geometry": { "type": "Point", "coordinates": [ 12.077875163391797, 50.440533147259536 ] } },
{ "type": "Feature", "properties": { "source": "hw=footway_bicycle=yes", "target": "hw=path_bicycle=designated", "length_km": 0.013903900171730958, "osm_id": 165767503, "osm_version": 4, "valid_from": "2025-10-15T17:11:27Z", "feature_id": "165767503_4" }, "geometry": { "type": "Point", "coordinates": [ 6.7646786, 51.31880275 ] } },
{ "type": "Feature", "properties": { "source": "hw=path_other", "target": "hw=path_bicycle=designated", "length_km": 0.02913523355944098, "osm_id": 166475400, "osm_version": 7, "valid_from": "2025-12-30T20:58:30Z", "feature_id": "166475400_7" }, "geometry": { "type": "Point", "coordinates": [ 6.695241834134317, 50.88193865668886 ] } },
{ "type": "Feature", "properties": { "source": "hw=secondary_other", "target": "cw=track", "length_km": 0.084006880052499067, "osm_id": 166627505, "osm_version": 5, "valid_from": "2025-08-22T15:38:55Z", "feature_id": "166627505_5" }, "geometry": { "type": "Point", "coordinates": [ 7.067371014979364, 51.579650407412998 ] } },
{ "type": "Feature", "properties": { "source": "hw=footway_other", "target": "hw=path_bicycle=designated", "length_km": 0.15234119490972114, "osm_id": 170640335, "osm_version": 13, "valid_from": "2025-09-21T08:47:21Z", "feature_id": "170640335_13" }, "geometry": { "type": "Point", "coordinates": [ 9.214733464888537, 48.089193647944711 ] } },
{ "type": "Feature", "properties": { "source": "hw=footway_bicycle=yes", "target": "hw=path_bicycle=designated", "length_km": 0.032961425690469448, "osm_id": 171029322, "osm_version": 5, "valid_from": "2025-10-26T13:24:51Z", "feature_id": "171029322_5" }, "geometry": { "type": "Point", "coordinates": [ 7.770068753617593, 49.447379215507681 ] } },
{ "type": "Feature", "properties": { "source": "hw=service_other", "target": "hw=path_bicycle=designated", "length_km": 0.36846539112238713, "osm_id": 172135917, "osm_version": 4, "valid_from": "2025-10-08T12:28:51Z", "feature_id": "172135917_4" }, "geometry": { "type": "Point", "coordinates": [ 9.438748441077211, 54.795851989037985 ] } },
{ "type": "Feature", "properties": { "source": "hw=secondary_other", "target": "cw=track", "length_km": 0.72510248643617137, "osm_id": 172591520, "osm_version": 5, "valid_from": "2026-01-04T14:45:03Z", "feature_id": "172591520_5" }, "geometry": { "type": "Point", "coordinates": [ 6.765985110148534, 51.572059485182962 ] } },
{ "type": "Feature", "properties": { "source": "hw=tertiary_other", "target": "cw=lane", "length_km": 0.07820912123890332, "osm_id": 172752692, "osm_version": 12, "valid_from": "2025-09-06T10:26:42Z", "feature_id": "172752692_12" }, "geometry": { "type": "Point", "coordinates": [ 11.9424782, 51.45319495 ] } },
{ "type": "Feature", "properties": { "source": "hw=service_other", "target": "bicycle_road", "length_km": 0.38236048460186439, "osm_id": 173083998, "osm_version": 5, "valid_from": "2025-12-09T15:33:38Z", "feature_id": "173083998_5" }, "geometry": { "type": "Point", "coordinates": [ 14.379970134946445, 51.698489157767227 ] } },
{ "type": "Feature", "properties": { "source": "hw=residential_other", "target": "cw=lane", "length_km": 0.067440219363973319, "osm_id": 173147464, "osm_version": 6, "valid_from": "2026-01-01T09:51:00Z", "feature_id": "173147464_6" }, "geometry": { "type": "Point", "coordinates": [ 10.279147541026338, 47.513641106343222 ] } },
{ "type": "Feature", "properties": { "source": "hw=secondary_other", "target": "cw=track", "length_km": 0.02549233346185464, "osm_id": 174463112, "osm_version": 8, "valid_from": "2025-10-28T19:22:05Z", "feature_id": "174463112_8" }, "geometry": { "type": "Point", "coordinates": [ 8.609163681816005, 51.673533173754002 ] } },
{ "type": "Feature", "properties": { "source": "hw=primary_other", "target": "cw=track", "length_km": 0.068226824586768361, "osm_id": 174920291, "osm_version": 9, "valid_from": "2025-09-25T08:15:07Z", "feature_id": "174920291_9" }, "geometry": { "type": "Point", "coordinates": [ 8.828321341916277, 50.119854466079268 ] } },
{ "type": "Feature", "properties": { "source": "hw=primary_other", "target": "cw=track", "length_km": 0.034555499335631241, "osm_id": 174943876, "osm_version": 5, "valid_from": "2025-09-25T08:15:07Z", "feature_id": "174943876_5" }, "geometry": { "type": "Point", "coordinates": [ 8.827163841932956, 50.119833936029735 ] } },
{ "type": "Feature", "properties": { "source": "hw=track_other", "target": "hw=path_bicycle=designated", "length_km": 0.35708231255507211, "osm_id": 175716360, "osm_version": 6, "valid_from": "2025-12-07T10:55:02Z", "feature_id": "175716360_6" }, "geometry": { "type": "Point", "coordinates": [ 14.414030753292479, 51.128215749090948 ] } },
{ "type": "Feature", "properties": { "source": "hw=footway_other", "target": "hw=path_bicycle=designated", "length_km": 0.12474737135007709, "osm_id": 176804497, "osm_version": 11, "valid_from": "2025-09-27T12:15:53Z", "feature_id": "176804497_11" }, "geometry": { "type": "Point", "coordinates": [ 7.564030722669885, 51.356875377341268 ] } },
{ "type": "Feature", "properties": { "source": "hw=track_bicycle=designated", "target": "hw=path_bicycle=designated", "length_km": 1.2483019686250387, "osm_id": 176885740, "osm_version": 8, "valid_from": "2025-11-02T08:59:14Z", "feature_id": "176885740_8" }, "geometry": { "type": "Point", "coordinates": [ 9.156924698776951, 49.438871274518519 ] } },
{ "type": "Feature", "properties": { "source": "hw=path_other", "target": "hw=path_bicycle=designated", "length_km": 0.86105531023196258, "osm_id": 177099970, "osm_version": 11, "valid_from": "2025-08-17T09:15:12Z", "feature_id": "177099970_11" }, "geometry": { "type": "Point", "coordinates": [ 12.131010376787671, 51.248236951027543 ] } },
{ "type": "Feature", "properties": { "source": "hw=cycleway", "target": "hw=path_bicycle=designated", "length_km": 0.0068680223618439564, "osm_id": 178171974, "osm_version": 4, "valid_from": "2025-11-25T09:21:58Z", "feature_id": "178171974_4" }, "geometry": { "type": "Point", "coordinates": [ 10.634962, 50.606981 ] } },
{ "type": "Feature", "properties": { "source": "hw=path_other", "target": "hw=path_bicycle=designated", "length_km": 0.21566036324093152, "osm_id": 178328114, "osm_version": 5, "valid_from": "2025-10-20T15:25:52Z", "feature_id": "178328114_5" }, "geometry": { "type": "Point", "coordinates": [ 6.926239023637511, 51.527924625587268 ] } },
{ "type": "Feature", "properties": { "source": "hw=residential_other", "target": "bicycle_road", "length_km": 0.025592560691439004, "osm_id": 178331257, "osm_version": 5, "valid_from": "2025-08-23T06:09:10Z", "feature_id": "178331257_5" }, "geometry": { "type": "Point", "coordinates": [ 6.9234144, 51.53299505 ] } },
{ "type": "Feature", "properties": { "source": "hw=footway_bicycle=yes", "target": "hw=path_bicycle=designated", "length_km": 0.12075656182086565, "osm_id": 179136296, "osm_version": 7, "valid_from": "2025-11-03T10:45:27Z", "feature_id": "179136296_7" }, "geometry": { "type": "Point", "coordinates": [ 8.043978487380821, 48.33461656648462 ] } },
{ "type": "Feature", "properties": { "source": "hw=unclassified_other", "target": "hw=path_bicycle=designated", "length_km": 1.3315795091147882, "osm_id": 179418313, "osm_version": 7, "valid_from": "2025-10-31T15:04:13Z", "feature_id": "179418313_7" }, "geometry": { "type": "Point", "coordinates": [ 14.704153924177907, 52.009591857446843 ] } },
{ "type": "Feature", "properties": { "source": "hw=track_other", "target": "hw=track_bicycle=designated", "length_km": 0.17434520100373044, "osm_id": 181001806, "osm_version": 6, "valid_from": "2025-12-16T16:49:50Z", "feature_id": "181001806_6" }, "geometry": { "type": "Point", "coordinates": [ 10.730577994772524, 49.3247155533724 ] } },
{ "type": "Feature", "properties": { "source": "hw=footway_other", "target": "hw=path_bicycle=designated", "length_km": 0.62832181243169849, "osm_id": 182976849, "osm_version": 7, "valid_from": "2025-11-08T11:54:44Z", "feature_id": "182976849_7" }, "geometry": { "type": "Point", "coordinates": [ 10.844283566580923, 51.127070740725337 ] } },
{ "type": "Feature", "properties": { "source": "cw=lane", "target": "cw=track", "length_km": 0.16311300707357862, "osm_id": 183284478, "osm_version": 16, "valid_from": "2025-10-28T19:14:39Z", "feature_id": "183284478_16" }, "geometry": { "type": "Point", "coordinates": [ 8.605700471027047, 51.673489274584568 ] } },
{ "type": "Feature", "properties": { "source": "hw=track_other", "target": "hw=path_bicycle=designated", "length_km": 0.27638272506202249, "osm_id": 183869933, "osm_version": 6, "valid_from": "2025-11-16T14:45:31Z", "feature_id": "183869933_6" }, "geometry": { "type": "Point", "coordinates": [ 10.310440872958962, 49.206174499490452 ] } },
{ "type": "Feature", "properties": { "source": "hw=secondary_other", "target": "cw=lane", "length_km": 0.021194743139549457, "osm_id": 186703568, "osm_version": 14, "valid_from": "2025-09-15T16:23:19Z", "feature_id": "186703568_14" }, "geometry": { "type": "Point", "coordinates": [ 8.01670975, 50.8720283 ] } },
{ "type": "Feature", "properties": { "source": "hw=footway_bicycle=yes", "target": "hw=path_bicycle=designated", "length_km": 0.041422384252296059, "osm_id": 187675400, "osm_version": 6, "valid_from": "2025-09-20T07:39:24Z", "feature_id": "187675400_6" }, "geometry": { "type": "Point", "coordinates": [ 12.154437949552502, 50.506635874188014 ] } },
{ "type": "Feature", "properties": { "source": "hw=cycleway", "target": "hw=path_bicycle=designated", "length_km": 0.50971081685876973, "osm_id": 188827263, "osm_version": 13, "valid_from": "2026-01-02T12:42:05Z", "feature_id": "188827263_13" }, "geometry": { "type": "Point", "coordinates": [ 9.186640624005646, 49.231613644113196 ] } },
{ "type": "Feature", "properties": { "source": "hw=cycleway", "target": "hw=path_bicycle=designated", "length_km": 0.38502392959831666, "osm_id": 188827270, "osm_version": 17, "valid_from": "2026-01-02T12:42:05Z", "feature_id": "188827270_17" }, "geometry": { "type": "Point", "coordinates": [ 9.192281151466979, 49.230535797179662 ] } },
{ "type": "Feature", "properties": { "source": "hw=footway_bicycle=yes", "target": "hw=path_bicycle=designated", "length_km": 0.15930042520551041, "osm_id": 189025221, "osm_version": 12, "valid_from": "2025-09-06T10:03:16Z", "feature_id": "189025221_12" }, "geometry": { "type": "Point", "coordinates": [ 11.992365639957656, 51.355764080795687 ] } },
{ "type": "Feature", "properties": { "source": "hw=footway_other", "target": "hw=path_bicycle=designated", "length_km": 0.021967197714719382, "osm_id": 189025227, "osm_version": 7, "valid_from": "2025-09-06T10:03:16Z", "feature_id": "189025227_7" }, "geometry": { "type": "Point", "coordinates": [ 11.99291195, 51.3547886 ] } },
{ "type": "Feature", "properties": { "source": "hw=path_other", "target": "hw=path_bicycle=designated", "length_km": 0.30399737892426332, "osm_id": 190165281, "osm_version": 5, "valid_from": "2025-11-07T19:06:57Z", "feature_id": "190165281_5" }, "geometry": { "type": "Point", "coordinates": [ 11.430597871497488, 51.564516749226222 ] } },
{ "type": "Feature", "properties": { "source": "hw=path_other", "target": "hw=path_bicycle=designated", "length_km": 0.063770101591656178, "osm_id": 191508232, "osm_version": 7, "valid_from": "2025-10-31T22:54:10Z", "feature_id": "191508232_7" }, "geometry": { "type": "Point", "coordinates": [ 7.516950511182232, 50.775479393313994 ] } },
{ "type": "Feature", "properties": { "source": "hw=track_other", "target": "hw=path_bicycle=designated", "length_km": 0.92844991180604464, "osm_id": 192096138, "osm_version": 2, "valid_from": "2025-10-31T23:42:28Z", "feature_id": "192096138_2" }, "geometry": { "type": "Point", "coordinates": [ 10.223560989342097, 49.418839105050083 ] } },
{ "type": "Feature", "properties": { "source": "hw=residential_other", "target": "cw=track", "length_km": 0.16759661366293307, "osm_id": 192097172, "osm_version": 15, "valid_from": "2025-08-22T18:51:03Z", "feature_id": "192097172_15" }, "geometry": { "type": "Point", "coordinates": [ 7.159407059665401, 51.512829077719068 ] } },
{ "type": "Feature", "properties": { "source": "hw=service_other", "target": "hw=path_bicycle=designated", "length_km": 0.065567995228641124, "osm_id": 194706612, "osm_version": 6, "valid_from": "2025-11-18T19:08:21Z", "feature_id": "194706612_6" }, "geometry": { "type": "Point", "coordinates": [ 9.878551783319747, 48.227294568867975 ] } },
{ "type": "Feature", "properties": { "source": "hw=track_other", "target": "hw=path_bicycle=designated", "length_km": 0.42683750298660617, "osm_id": 194790786, "osm_version": 5, "valid_from": "2025-11-09T08:55:22Z", "feature_id": "194790786_5" }, "geometry": { "type": "Point", "coordinates": [ 10.555913320656273, 49.375457405750076 ] } },
{ "type": "Feature", "properties": { "source": "hw=footway_other", "target": "hw=path_bicycle=designated", "length_km": 0.18501261151511439, "osm_id": 195150305, "osm_version": 6, "valid_from": "2025-11-03T14:57:21Z", "feature_id": "195150305_6" }, "geometry": { "type": "Point", "coordinates": [ 12.072520409362131, 51.589827745395397 ] } },
{ "type": "Feature", "properties": { "source": "hw=track_other", "target": "hw=path_bicycle=designated", "length_km": 0.039490668743313986, "osm_id": 196116081, "osm_version": 6, "valid_from": "2025-12-08T20:33:07Z", "feature_id": "196116081_6" }, "geometry": { "type": "Point", "coordinates": [ 13.401565, 54.06127405 ] } },
{ "type": "Feature", "properties": { "source": "hw=track_other", "target": "hw=path_bicycle=designated", "length_km": 0.10398506221286601, "osm_id": 196116298, "osm_version": 7, "valid_from": "2025-12-08T20:33:07Z", "feature_id": "196116298_7" }, "geometry": { "type": "Point", "coordinates": [ 13.40091905756084, 54.061818207320719 ] } },
{ "type": "Feature", "properties": { "source": "hw=cycleway", "target": "hw=path_bicycle=designated", "length_km": 0.027286312869846931, "osm_id": 197501200, "osm_version": 3, "valid_from": "2025-11-03T10:45:27Z", "feature_id": "197501200_3" }, "geometry": { "type": "Point", "coordinates": [ 8.0446364, 48.3343212 ] } },
{ "type": "Feature", "properties": { "source": "hw=footway_other", "target": "hw=path_bicycle=designated", "length_km": 0.87283989119508631, "osm_id": 198834928, "osm_version": 7, "valid_from": "2025-10-31T15:19:31Z", "feature_id": "198834928_7" }, "geometry": { "type": "Point", "coordinates": [ 14.504833329460228, 52.567178000169079 ] } },
{ "type": "Feature", "properties": { "source": "hw=track_other", "target": "hw=path_bicycle=designated", "length_km": 0.36043880227853226, "osm_id": 199614196, "osm_version": 7, "valid_from": "2025-11-16T13:01:27Z", "feature_id": "199614196_7" }, "geometry": { "type": "Point", "coordinates": [ 8.554907924034053, 47.84026256817809 ] } },
{ "type": "Feature", "properties": { "source": "hw=path_other", "target": "hw=path_bicycle=designated", "length_km": 0.017195691957570602, "osm_id": 201936186, "osm_version": 2, "valid_from": "2025-09-07T12:15:35Z", "feature_id": "201936186_2" }, "geometry": { "type": "Point", "coordinates": [ 12.29671205, 49.25651675 ] } },
{ "type": "Feature", "properties": { "source": "hw=residential_other", "target": "cw=track", "length_km": 0.013477415729603053, "osm_id": 203314440, "osm_version": 9, "valid_from": "2025-09-21T11:40:27Z", "feature_id": "203314440_9" }, "geometry": { "type": "Point", "coordinates": [ 6.622364181565806, 51.655823447275488 ] } },
{ "type": "Feature", "properties": { "source": "hw=footway_bicycle=yes", "target": "hw=path_bicycle=designated", "length_km": 0.041137021696375731, "osm_id": 205080133, "osm_version": 8, "valid_from": "2025-09-15T06:47:25Z", "feature_id": "205080133_8" }, "geometry": { "type": "Point", "coordinates": [ 11.85084635, 50.90079595 ] } },
{ "type": "Feature", "properties": { "source": "hw=path_other", "target": "hw=path_bicycle=designated", "length_km": 0.040849399662027802, "osm_id": 205080134, "osm_version": 5, "valid_from": "2025-09-15T06:47:25Z", "feature_id": "205080134_5" }, "geometry": { "type": "Point", "coordinates": [ 11.8509659, 50.90084305 ] } },
{ "type": "Feature", "properties": { "source": "hw=footway_bicycle=yes", "target": "hw=path_bicycle=designated", "length_km": 0.16551711340102906, "osm_id": 205080137, "osm_version": 6, "valid_from": "2025-09-15T06:47:25Z", "feature_id": "205080137_6" }, "geometry": { "type": "Point", "coordinates": [ 11.852112571819646, 50.900272106987245 ] } },
{ "type": "Feature", "properties": { "source": "hw=footway_bicycle=yes", "target": "hw=path_bicycle=designated", "length_km": 0.16574118990084383, "osm_id": 205080143, "osm_version": 9, "valid_from": "2025-09-15T06:47:25Z", "feature_id": "205080143_9" }, "geometry": { "type": "Point", "coordinates": [ 11.851984332292599, 50.900225874082146 ] } },
{ "type": "Feature", "properties": { "source": "hw=footway_bicycle=yes", "target": "hw=path_bicycle=designated", "length_km": 0.26713964716118138, "osm_id": 205080148, "osm_version": 9, "valid_from": "2025-09-15T06:47:25Z", "feature_id": "205080148_9" }, "geometry": { "type": "Point", "coordinates": [ 11.849136681425465, 50.901630981515204 ] } },
{ "type": "Feature", "properties": { "source": "hw=unclassified_other", "target": "cw=lane", "length_km": 0.018427163436194448, "osm_id": 205888140, "osm_version": 2, "valid_from": "2025-11-20T18:52:16Z", "feature_id": "205888140_2" }, "geometry": { "type": "Point", "coordinates": [ 6.153532, 51.0556017 ] } },
{ "type": "Feature", "properties": { "source": "hw=unclassified_other", "target": "cw=lane", "length_km": 0.14610707281675528, "osm_id": 205888141, "osm_version": 4, "valid_from": "2025-11-20T18:52:16Z", "feature_id": "205888141_4" }, "geometry": { "type": "Point", "coordinates": [ 6.152566667393203, 51.056016821017636 ] } },
{ "type": "Feature", "properties": { "source": "hw=unclassified_other", "target": "cw=lane", "length_km": 0.41025099398349507, "osm_id": 206580244, "osm_version": 5, "valid_from": "2025-11-20T18:52:16Z", "feature_id": "206580244_5" }, "geometry": { "type": "Point", "coordinates": [ 6.155919095053552, 51.054429037233632 ] } },
{ "type": "Feature", "properties": { "source": "hw=path_other", "target": "hw=path_bicycle=designated", "length_km": 0.21424929528564476, "osm_id": 207365891, "osm_version": 3, "valid_from": "2025-11-22T15:51:07Z", "feature_id": "207365891_3" }, "geometry": { "type": "Point", "coordinates": [ 12.022695604033023, 51.270837909691572 ] } },
{ "type": "Feature", "properties": { "source": "hw=path_other", "target": "hw=footway_bicycle=yes", "length_km": 0.30574873351087523, "osm_id": 208059457, "osm_version": 3, "valid_from": "2025-12-18T09:33:26Z", "feature_id": "208059457_3" }, "geometry": { "type": "Point", "coordinates": [ 10.507020827723094, 49.232730274762801 ] } },
{ "type": "Feature", "properties": { "source": "hw=path_other", "target": "hw=path_bicycle=designated", "length_km": 0.11375384978218671, "osm_id": 208059458, "osm_version": 3, "valid_from": "2025-12-18T09:33:26Z", "feature_id": "208059458_3" }, "geometry": { "type": "Point", "coordinates": [ 10.509499354028755, 49.233097646731238 ] } },
{ "type": "Feature", "properties": { "source": "hw=path_other", "target": "hw=path_bicycle=designated", "length_km": 1.815240272275358, "osm_id": 209050460, "osm_version": 13, "valid_from": "2025-12-04T14:12:44Z", "feature_id": "209050460_13" }, "geometry": { "type": "Point", "coordinates": [ 9.915108744618285, 48.229324286096421 ] } },
{ "type": "Feature", "properties": { "source": "hw=secondary_other", "target": "cw=lane", "length_km": 0.057160311233334558, "osm_id": 210039431, "osm_version": 5, "valid_from": "2025-08-22T07:54:44Z", "feature_id": "210039431_5" }, "geometry": { "type": "Point", "coordinates": [ 6.9484188, 51.55859285 ] } },
{ "type": "Feature", "properties": { "source": "hw=secondary_other", "target": "cw=lane", "length_km": 0.058412385002374931, "osm_id": 210039434, "osm_version": 7, "valid_from": "2025-08-22T07:54:44Z", "feature_id": "210039434_7" }, "geometry": { "type": "Point", "coordinates": [ 6.947384346537703, 51.557836944676666 ] } },
{ "type": "Feature", "properties": { "source": "hw=primary_other", "target": "cw=lane", "length_km": 0.092819637626345111, "osm_id": 215870076, "osm_version": 13, "valid_from": "2025-12-29T17:25:11Z", "feature_id": "215870076_13" }, "geometry": { "type": "Point", "coordinates": [ 7.111224542951602, 51.162211752596377 ] } },
{ "type": "Feature", "properties": { "source": "hw=path_other", "target": "hw=path_bicycle=designated", "length_km": 0.22298774987056558, "osm_id": 216112610, "osm_version": 5, "valid_from": "2025-12-13T21:09:40Z", "feature_id": "216112610_5" }, "geometry": { "type": "Point", "coordinates": [ 8.449535513608902, 53.415964795242687 ] } },
{ "type": "Feature", "properties": { "source": "hw=secondary_other", "target": "cw=track", "length_km": 0.018742751112695469, "osm_id": 217468840, "osm_version": 8, "valid_from": "2025-09-21T09:18:07Z", "feature_id": "217468840_8" }, "geometry": { "type": "Point", "coordinates": [ 8.24893295, 51.5958515 ] } },
{ "type": "Feature", "properties": { "source": "hw=secondary_other", "target": "cw=track", "length_km": 0.10328335127417083, "osm_id": 217468841, "osm_version": 10, "valid_from": "2025-09-21T09:18:07Z", "feature_id": "217468841_10" }, "geometry": { "type": "Point", "coordinates": [ 8.249772968991376, 51.5960134888741 ] } },
{ "type": "Feature", "properties": { "source": "hw=track_other", "target": "hw=track_bicycle=designated", "length_km": 0.031137060051981653, "osm_id": 217978116, "osm_version": 3, "valid_from": "2025-11-04T16:19:17Z", "feature_id": "217978116_3" }, "geometry": { "type": "Point", "coordinates": [ 9.519525486618646, 48.014302244450086 ] } },
{ "type": "Feature", "properties": { "source": "hw=path_other", "target": "hw=path_bicycle=designated", "length_km": 0.70970227634688665, "osm_id": 218321599, "osm_version": 6, "valid_from": "2025-12-13T21:09:40Z", "feature_id": "218321599_6" }, "geometry": { "type": "Point", "coordinates": [ 8.454566624409335, 53.415423019684397 ] } },
{ "type": "Feature", "properties": { "source": "hw=path_other", "target": "hw=path_bicycle=designated", "length_km": 0.067551662327960088, "osm_id": 218321613, "osm_version": 4, "valid_from": "2025-12-13T21:09:40Z", "feature_id": "218321613_4" }, "geometry": { "type": "Point", "coordinates": [ 8.449883269827922, 53.416356349192476 ] } },
{ "type": "Feature", "properties": { "source": "hw=residential_other", "target": "cw=track", "length_km": 0.050309741894520206, "osm_id": 219112231, "osm_version": 8, "valid_from": "2025-08-22T18:51:03Z", "feature_id": "219112231_8" }, "geometry": { "type": "Point", "coordinates": [ 7.153132912912039, 51.513179514890489 ] } },
{ "type": "Feature", "properties": { "source": "hw=residential_other", "target": "cw=track", "length_km": 0.050317418216619003, "osm_id": 219112235, "osm_version": 12, "valid_from": "2025-08-22T18:51:03Z", "feature_id": "219112235_12" }, "geometry": { "type": "Point", "coordinates": [ 7.153851648103053, 51.513124366902716 ] } },
{ "type": "Feature", "properties": { "source": "hw=secondary_other", "target": "cw=lane", "length_km": 0.19515466070696172, "osm_id": 219114754, "osm_version": 14, "valid_from": "2025-08-22T17:05:59Z", "feature_id": "219114754_14" }, "geometry": { "type": "Point", "coordinates": [ 7.17123787203401, 51.510623364960942 ] } },
{ "type": "Feature", "properties": { "source": "hw=secondary_other", "target": "cw=track", "length_km": 0.063384145345433809, "osm_id": 219114755, "osm_version": 12, "valid_from": "2025-08-22T17:05:59Z", "feature_id": "219114755_12" }, "geometry": { "type": "Point", "coordinates": [ 7.16555523266744, 51.511397248106263 ] } },
{ "type": "Feature", "properties": { "source": "hw=secondary_other", "target": "cw=track", "length_km": 0.13095315228758869, "osm_id": 219114757, "osm_version": 9, "valid_from": "2025-08-22T17:05:59Z", "feature_id": "219114757_9" }, "geometry": { "type": "Point", "coordinates": [ 7.16599818021286, 51.51114274348074 ] } },
{ "type": "Feature", "properties": { "source": "hw=secondary_other", "target": "cw=track", "length_km": 0.0086837801218248786, "osm_id": 219114758, "osm_version": 8, "valid_from": "2025-08-22T17:05:59Z", "feature_id": "219114758_8" }, "geometry": { "type": "Point", "coordinates": [ 7.16512555, 51.5116388 ] } },
{ "type": "Feature", "properties": { "source": "hw=secondary_other", "target": "cw=track", "length_km": 0.025955598261286829, "osm_id": 219114762, "osm_version": 7, "valid_from": "2025-08-22T17:05:59Z", "feature_id": "219114762_7" }, "geometry": { "type": "Point", "coordinates": [ 7.167133225668978, 51.510819494929123 ] } },
{ "type": "Feature", "properties": { "source": "hw=secondary_other", "target": "cw=track", "length_km": 0.007356555876546632, "osm_id": 219114763, "osm_version": 8, "valid_from": "2025-08-22T17:05:59Z", "feature_id": "219114763_8" }, "geometry": { "type": "Point", "coordinates": [ 7.1673574, 51.51077095 ] } },
{ "type": "Feature", "properties": { "source": "hw=secondary_other", "target": "cw=lane", "length_km": 0.024225067729131983, "osm_id": 219114764, "osm_version": 10, "valid_from": "2025-08-22T17:05:59Z", "feature_id": "219114764_10" }, "geometry": { "type": "Point", "coordinates": [ 7.168455582126106, 51.510790205586211 ] } },
{ "type": "Feature", "properties": { "source": "hw=secondary_other", "target": "cw=lane", "length_km": 0.046179951762219035, "osm_id": 219114767, "osm_version": 10, "valid_from": "2025-08-22T17:05:59Z", "feature_id": "219114767_10" }, "geometry": { "type": "Point", "coordinates": [ 7.16774139442233, 51.510762994032341 ] } },
{ "type": "Feature", "properties": { "source": "hw=secondary_other", "target": "cw=track", "length_km": 0.007991632188968794, "osm_id": 219114771, "osm_version": 9, "valid_from": "2025-08-22T17:05:59Z", "feature_id": "219114771_9" }, "geometry": { "type": "Point", "coordinates": [ 7.1652469, 51.5116779 ] } },
{ "type": "Feature", "properties": { "source": "hw=secondary_other", "target": "cw=track", "length_km": 0.19796960307160802, "osm_id": 219114773, "osm_version": 9, "valid_from": "2025-08-22T17:05:59Z", "feature_id": "219114773_9" }, "geometry": { "type": "Point", "coordinates": [ 7.164653122309761, 51.512521868754128 ] } },
{ "type": "Feature", "properties": { "source": "hw=footway_other", "target": "hw=path_bicycle=designated", "length_km": 0.090429679333021429, "osm_id": 219327638, "osm_version": 5, "valid_from": "2025-11-16T12:50:24Z", "feature_id": "219327638_5" }, "geometry": { "type": "Point", "coordinates": [ 8.812186262340932, 50.147883803999754 ] } },
{ "type": "Feature", "properties": { "source": "hw=primary_other", "target": "cw=track", "length_km": 0.060719765586285668, "osm_id": 220071451, "osm_version": 12, "valid_from": "2025-10-28T19:22:05Z", "feature_id": "220071451_12" }, "geometry": { "type": "Point", "coordinates": [ 8.608265311170509, 51.674033771187972 ] } },
{ "type": "Feature", "properties": { "source": "hw=track_other", "target": "hw=track_bicycle=designated", "length_km": 0.016733223076512985, "osm_id": 220169806, "osm_version": 4, "valid_from": "2025-11-23T10:39:47Z", "feature_id": "220169806_4" }, "geometry": { "type": "Point", "coordinates": [ 9.67902025, 50.0773201 ] } },
{ "type": "Feature", "properties": { "source": "hw=residential_other", "target": "bicycle_road", "length_km": 0.014627802503430203, "osm_id": 220175752, "osm_version": 6, "valid_from": "2026-01-01T09:51:00Z", "feature_id": "220175752_6" }, "geometry": { "type": "Point", "coordinates": [ 10.279136343790853, 47.516992180773428 ] } },
{ "type": "Feature", "properties": { "source": "hw=residential_other", "target": "bicycle_road", "length_km": 0.01598613018709015, "osm_id": 220175761, "osm_version": 4, "valid_from": "2026-01-01T09:51:00Z", "feature_id": "220175761_4" }, "geometry": { "type": "Point", "coordinates": [ 10.27892295, 47.51851805 ] } },
{ "type": "Feature", "properties": { "source": "hw=track_other", "target": "hw=path_bicycle=designated", "length_km": 0.11714005341993443, "osm_id": 220476194, "osm_version": 4, "valid_from": "2025-11-02T08:36:02Z", "feature_id": "220476194_4" }, "geometry": { "type": "Point", "coordinates": [ 10.37165475, 49.06331955 ] } },
{ "type": "Feature", "properties": { "source": "hw=service_other", "target": "hw=path_bicycle=designated", "length_km": 0.020587345476342635, "osm_id": 221599496, "osm_version": 5, "valid_from": "2025-11-28T13:14:46Z", "feature_id": "221599496_5" }, "geometry": { "type": "Point", "coordinates": [ 10.084761224515715, 50.839701776495488 ] } },
{ "type": "Feature", "properties": { "source": "hw=footway_other", "target": "hw=path_bicycle=designated", "length_km": 0.064947309948661269, "osm_id": 221609418, "osm_version": 3, "valid_from": "2025-09-08T14:07:58Z", "feature_id": "221609418_3" }, "geometry": { "type": "Point", "coordinates": [ 12.305138439362448, 50.618690939249731 ] } },
{ "type": "Feature", "properties": { "source": "hw=track_other", "target": "hw=path_bicycle=designated", "length_km": 0.73442551898360831, "osm_id": 221894082, "osm_version": 9, "valid_from": "2025-11-16T13:01:27Z", "feature_id": "221894082_9" }, "geometry": { "type": "Point", "coordinates": [ 8.554810367368706, 47.845195990526982 ] } },
{ "type": "Feature", "properties": { "source": "hw=secondary_other", "target": "cw=lane", "length_km": 0.15978739442688991, "osm_id": 222372693, "osm_version": 11, "valid_from": "2025-09-20T08:57:58Z", "feature_id": "222372693_11" }, "geometry": { "type": "Point", "coordinates": [ 7.127771948447648, 51.479328309992809 ] } },
{ "type": "Feature", "properties": { "source": "hw=footway_bicycle=yes", "target": "hw=path_bicycle=designated", "length_km": 0.37289996991634444, "osm_id": 223870536, "osm_version": 11, "valid_from": "2025-11-03T10:45:27Z", "feature_id": "223870536_11" }, "geometry": { "type": "Point", "coordinates": [ 8.04111182823365, 48.335114961566781 ] } },
{ "type": "Feature", "properties": { "source": "hw=tertiary_other", "target": "cw=track", "length_km": 0.024054199448804613, "osm_id": 224266460, "osm_version": 5, "valid_from": "2025-08-22T07:54:44Z", "feature_id": "224266460_5" }, "geometry": { "type": "Point", "coordinates": [ 6.947345018854262, 51.55832028128426 ] } },
{ "type": "Feature", "properties": { "source": "hw=cycleway", "target": "hw=path_bicycle=designated", "length_km": 0.39675081745734664, "osm_id": 224944604, "osm_version": 6, "valid_from": "2025-10-20T13:09:00Z", "feature_id": "224944604_6" }, "geometry": { "type": "Point", "coordinates": [ 9.855198242321924, 47.680732814429795 ] } },
{ "type": "Feature", "properties": { "source": "hw=footway_bicycle=yes", "target": "hw=path_bicycle=designated", "length_km": 0.10413900957532277, "osm_id": 225513248, "osm_version": 7, "valid_from": "2025-09-06T17:40:20Z", "feature_id": "225513248_7" }, "geometry": { "type": "Point", "coordinates": [ 10.201381262276023, 49.289232569327545 ] } },
{ "type": "Feature", "properties": { "source": "hw=footway_bicycle=yes", "target": "hw=path_bicycle=designated", "length_km": 0.0064079960610208672, "osm_id": 225513255, "osm_version": 4, "valid_from": "2025-09-06T17:40:20Z", "feature_id": "225513255_4" }, "geometry": { "type": "Point", "coordinates": [ 10.20113125, 49.28968955 ] } },
{ "type": "Feature", "properties": { "source": "hw=footway_other", "target": "hw=path_bicycle=designated", "length_km": 0.055185529777785201, "osm_id": 226077357, "osm_version": 4, "valid_from": "2025-09-08T14:07:58Z", "feature_id": "226077357_4" }, "geometry": { "type": "Point", "coordinates": [ 12.3013895497013, 50.618702991519392 ] } },
{ "type": "Feature", "properties": { "source": "hw=footway_other", "target": "hw=path_bicycle=designated", "length_km": 0.12453063571161489, "osm_id": 226077358, "osm_version": 3, "valid_from": "2025-09-08T14:07:58Z", "feature_id": "226077358_3" }, "geometry": { "type": "Point", "coordinates": [ 12.30150404388935, 50.618370295672598 ] } },
{ "type": "Feature", "properties": { "source": "hw=cycleway", "target": "hw=path_bicycle=designated", "length_km": 0.2012271239157577, "osm_id": 226297004, "osm_version": 7, "valid_from": "2025-11-16T16:21:47Z", "feature_id": "226297004_7" }, "geometry": { "type": "Point", "coordinates": [ 10.482621212097513, 54.000359952686622 ] } },
{ "type": "Feature", "properties": { "source": "hw=path_other", "target": "hw=path_bicycle=designated", "length_km": 1.7576292501708268, "osm_id": 228166743, "osm_version": 19, "valid_from": "2025-11-20T18:52:16Z", "feature_id": "228166743_19" }, "geometry": { "type": "Point", "coordinates": [ 6.163455608063601, 51.044956410664795 ] } },
{ "type": "Feature", "properties": { "source": "hw=cycleway", "target": "hw=path_bicycle=designated", "length_km": 0.24025594251332938, "osm_id": 229546555, "osm_version": 12, "valid_from": "2025-11-16T16:21:47Z", "feature_id": "229546555_12" }, "geometry": { "type": "Point", "coordinates": [ 10.484057762957248, 54.002917458459677 ] } },
{ "type": "Feature", "properties": { "source": "hw=cycleway", "target": "hw=path_bicycle=designated", "length_km": 0.0092776995735867757, "osm_id": 229546557, "osm_version": 4, "valid_from": "2025-11-16T16:21:47Z", "feature_id": "229546557_4" }, "geometry": { "type": "Point", "coordinates": [ 10.48317415, 54.00113125 ] } },
{ "type": "Feature", "properties": { "source": "hw=footway_other", "target": "hw=path_bicycle=designated", "length_km": 0.063776108686358551, "osm_id": 230551888, "osm_version": 5, "valid_from": "2025-11-03T19:40:16Z", "feature_id": "230551888_5" }, "geometry": { "type": "Point", "coordinates": [ 12.217402206544254, 51.37523288211316 ] } },
{ "type": "Feature", "properties": { "source": "hw=path_other", "target": "hw=path_bicycle=designated", "length_km": 0.048904143749541246, "osm_id": 232130616, "osm_version": 5, "valid_from": "2025-08-17T15:30:02Z", "feature_id": "232130616_5" }, "geometry": { "type": "Point", "coordinates": [ 10.4649649, 52.65740875 ] } },
{ "type": "Feature", "properties": { "source": "hw=unclassified_other", "target": "hw=path_bicycle=designated", "length_km": 0.12828682136695552, "osm_id": 232565901, "osm_version": 12, "valid_from": "2025-11-08T16:36:02Z", "feature_id": "232565901_12" }, "geometry": { "type": "Point", "coordinates": [ 11.969292475090324, 51.198225647888236 ] } },
{ "type": "Feature", "properties": { "source": "hw=secondary_other", "target": "cw=lane", "length_km": 0.054055910790413823, "osm_id": 232582669, "osm_version": 11, "valid_from": "2025-09-15T16:23:19Z", "feature_id": "232582669_11" }, "geometry": { "type": "Point", "coordinates": [ 8.017307, 50.8724714 ] } },
{ "type": "Feature", "properties": { "source": "hw=secondary_other", "target": "cw=lane", "length_km": 0.03015907026799975, "osm_id": 232582670, "osm_version": 12, "valid_from": "2025-09-15T16:23:19Z", "feature_id": "232582670_12" }, "geometry": { "type": "Point", "coordinates": [ 8.0177115, 50.8727501 ] } },
{ "type": "Feature", "properties": { "source": "hw=path_other", "target": "hw=path_bicycle=designated", "length_km": 0.13740802878429728, "osm_id": 235372734, "osm_version": 6, "valid_from": "2025-10-20T12:55:15Z", "feature_id": "235372734_6" }, "geometry": { "type": "Point", "coordinates": [ 9.043265424508764, 54.476553397480757 ] } },
{ "type": "Feature", "properties": { "source": "hw=cycleway", "target": "hw=path_bicycle=designated", "length_km": 0.19034943062528878, "osm_id": 236112554, "osm_version": 3, "valid_from": "2025-12-29T09:34:31Z", "feature_id": "236112554_3" }, "geometry": { "type": "Point", "coordinates": [ 14.516410634617586, 51.494454142280127 ] } },
{ "type": "Feature", "properties": { "source": "hw=track_other", "target": "hw=path_bicycle=designated", "length_km": 0.32633827923359537, "osm_id": 237018339, "osm_version": 7, "valid_from": "2025-10-31T09:46:54Z", "feature_id": "237018339_7" }, "geometry": { "type": "Point", "coordinates": [ 11.817680136699531, 49.782033673431322 ] } },
{ "type": "Feature", "properties": { "source": "hw=footway_bicycle=yes", "target": "hw=path_bicycle=designated", "length_km": 0.01116911020445592, "osm_id": 237129129, "osm_version": 5, "valid_from": "2025-08-23T10:44:13Z", "feature_id": "237129129_5" }, "geometry": { "type": "Point", "coordinates": [ 12.4803315, 47.839915 ] } },
{ "type": "Feature", "properties": { "source": "hw=track_other", "target": "hw=path_bicycle=designated", "length_km": 0.19113746360320971, "osm_id": 238761183, "osm_version": 4, "valid_from": "2025-11-04T15:55:35Z", "feature_id": "238761183_4" }, "geometry": { "type": "Point", "coordinates": [ 8.031911981721631, 48.555902348084452 ] } },
{ "type": "Feature", "properties": { "source": "hw=path_bicycle=designated", "target": "hw=footway_bicycle=yes", "length_km": 0.20579809241141553, "osm_id": 238791039, "osm_version": 12, "valid_from": "2025-08-23T10:44:13Z", "feature_id": "238791039_12" }, "geometry": { "type": "Point", "coordinates": [ 12.477454284778364, 47.842501147511769 ] } },
{ "type": "Feature", "properties": { "source": "hw=path_bicycle=designated", "target": "hw=footway_bicycle=yes", "length_km": 0.26397746282272422, "osm_id": 238791040, "osm_version": 10, "valid_from": "2025-08-23T10:44:13Z", "feature_id": "238791040_10" }, "geometry": { "type": "Point", "coordinates": [ 12.479262920066189, 47.840878294734168 ] } },
{ "type": "Feature", "properties": { "source": "hw=path_other", "target": "hw=path_bicycle=designated", "length_km": 0.37911855922626247, "osm_id": 239811352, "osm_version": 6, "valid_from": "2025-09-16T10:21:50Z", "feature_id": "239811352_6" }, "geometry": { "type": "Point", "coordinates": [ 6.73168728695834, 51.548651067355578 ] } },
{ "type": "Feature", "properties": { "source": "hw=path_other", "target": "hw=path_bicycle=designated", "length_km": 0.39134901915054054, "osm_id": 239812844, "osm_version": 7, "valid_from": "2025-09-16T10:21:50Z", "feature_id": "239812844_7" }, "geometry": { "type": "Point", "coordinates": [ 6.730561875859955, 51.546181678404146 ] } },
{ "type": "Feature", "properties": { "source": "hw=path_other", "target": "hw=path_bicycle=designated", "length_km": 0.32333711868663373, "osm_id": 239843515, "osm_version": 5, "valid_from": "2025-09-16T09:50:57Z", "feature_id": "239843515_5" }, "geometry": { "type": "Point", "coordinates": [ 6.729150198806465, 51.549541949358179 ] } },
{ "type": "Feature", "properties": { "source": "hw=path_other", "target": "hw=path_bicycle=designated", "length_km": 0.035611363101234833, "osm_id": 239844022, "osm_version": 2, "valid_from": "2025-09-16T09:50:57Z", "feature_id": "239844022_2" }, "geometry": { "type": "Point", "coordinates": [ 6.729307756521535, 51.552334157621999 ] } },
{ "type": "Feature", "properties": { "source": "hw=tertiary_other", "target": "cw=track", "length_km": 0.094200695182732094, "osm_id": 240448083, "osm_version": 3, "valid_from": "2025-10-28T20:16:24Z", "feature_id": "240448083_3" }, "geometry": { "type": "Point", "coordinates": [ 9.39060849011412, 53.295206296018272 ] } },
{ "type": "Feature", "properties": { "source": "hw=path_other", "target": "hw=path_bicycle=designated", "length_km": 0.040055696318785625, "osm_id": 241236373, "osm_version": 5, "valid_from": "2025-11-18T14:40:23Z", "feature_id": "241236373_5" }, "geometry": { "type": "Point", "coordinates": [ 12.21161055, 49.32904725 ] } },
{ "type": "Feature", "properties": { "source": "hw=tertiary_other", "target": "cw=track", "length_km": 0.15259047462747649, "osm_id": 242102187, "osm_version": 5, "valid_from": "2025-09-07T16:30:27Z", "feature_id": "242102187_5" }, "geometry": { "type": "Point", "coordinates": [ 7.010144949799609, 52.078516310913351 ] } },
{ "type": "Feature", "properties": { "source": "hw=footway_other", "target": "hw=path_bicycle=designated", "length_km": 0.2768932630222749, "osm_id": 242107165, "osm_version": 6, "valid_from": "2025-10-20T16:11:57Z", "feature_id": "242107165_6" }, "geometry": { "type": "Point", "coordinates": [ 12.315884495391177, 51.529385197183522 ] } },
{ "type": "Feature", "properties": { "source": "hw=primary_other", "target": "cw=track", "length_km": 0.097524141367638095, "osm_id": 242533800, "osm_version": 5, "valid_from": "2025-08-22T15:38:55Z", "feature_id": "242533800_5" }, "geometry": { "type": "Point", "coordinates": [ 7.063348707175676, 51.586356340325423 ] } },
{ "type": "Feature", "properties": { "source": "hw=path_other", "target": "hw=path_bicycle=designated", "length_km": 0.041096048213964093, "osm_id": 242533808, "osm_version": 4, "valid_from": "2025-08-22T20:20:12Z", "feature_id": "242533808_4" }, "geometry": { "type": "Point", "coordinates": [ 7.062668696582739, 51.586749630852403 ] } },
{ "type": "Feature", "properties": { "source": "hw=path_other", "target": "hw=path_bicycle=designated", "length_km": 1.6865154893290364, "osm_id": 244894007, "osm_version": 8, "valid_from": "2026-01-18T13:01:45Z", "feature_id": "244894007_8" }, "geometry": { "type": "Point", "coordinates": [ 11.529501774895378, 53.348389001883298 ] } },
{ "type": "Feature", "properties": { "source": "hw=footway_other", "target": "hw=path_bicycle=designated", "length_km": 0.055958304807353372, "osm_id": 244895558, "osm_version": 2, "valid_from": "2025-12-09T07:37:20Z", "feature_id": "244895558_2" }, "geometry": { "type": "Point", "coordinates": [ 12.451882353138361, 50.983929208562365 ] } },
{ "type": "Feature", "properties": { "source": "hw=footway_other", "target": "hw=footway_bicycle=yes", "length_km": 0.018526516047166569, "osm_id": 246495035, "osm_version": 4, "valid_from": "2025-10-15T13:36:53Z", "feature_id": "246495035_4" }, "geometry": { "type": "Point", "coordinates": [ 8.567503896654204, 50.007344440283134 ] } },
{ "type": "Feature", "properties": { "source": "hw=path_other", "target": "hw=path_bicycle=designated", "length_km": 0.090679975720468292, "osm_id": 249099101, "osm_version": 7, "valid_from": "2025-09-07T09:31:30Z", "feature_id": "249099101_7" }, "geometry": { "type": "Point", "coordinates": [ 11.766452039292984, 51.601976638335238 ] } },
{ "type": "Feature", "properties": { "source": "hw=tertiary_other", "target": "cw=track", "length_km": 0.6182278361005854, "osm_id": 249104842, "osm_version": 12, "valid_from": "2025-11-07T11:48:52Z", "feature_id": "249104842_12" }, "geometry": { "type": "Point", "coordinates": [ 11.739589046377233, 52.889106958325705 ] } },
{ "type": "Feature", "properties": { "source": "hw=track_other", "target": "hw=track_bicycle=designated", "length_km": 0.23116921886384162, "osm_id": 249376393, "osm_version": 6, "valid_from": "2025-10-11T09:57:16Z", "feature_id": "249376393_6" }, "geometry": { "type": "Point", "coordinates": [ 14.842769878823683, 50.902998151480581 ] } },
{ "type": "Feature", "properties": { "source": "hw=cycleway", "target": "hw=path_bicycle=designated", "length_km": 0.63024862534617998, "osm_id": 250042436, "osm_version": 5, "valid_from": "2025-10-23T19:16:31Z", "feature_id": "250042436_5" }, "geometry": { "type": "Point", "coordinates": [ 7.198240468056968, 52.498427969549873 ] } },
{ "type": "Feature", "properties": { "source": "hw=cycleway", "target": "hw=path_bicycle=designated", "length_km": 0.070475043888224606, "osm_id": 250042437, "osm_version": 5, "valid_from": "2025-10-23T19:16:31Z", "feature_id": "250042437_5" }, "geometry": { "type": "Point", "coordinates": [ 7.20279825, 52.4969106 ] } },
{ "type": "Feature", "properties": { "source": "hw=cycleway", "target": "hw=path_bicycle=designated", "length_km": 0.72377562877745805, "osm_id": 250042438, "osm_version": 7, "valid_from": "2025-10-23T19:16:31Z", "feature_id": "250042438_7" }, "geometry": { "type": "Point", "coordinates": [ 7.208204984001615, 52.495663987986433 ] } },
{ "type": "Feature", "properties": { "source": "hw=footway_bicycle=yes", "target": "hw=path_bicycle=designated", "length_km": 0.054303633901099671, "osm_id": 252260991, "osm_version": 6, "valid_from": "2025-10-26T11:57:25Z", "feature_id": "252260991_6" }, "geometry": { "type": "Point", "coordinates": [ 8.575231074109714, 49.977836950533643 ] } },
{ "type": "Feature", "properties": { "source": "hw=cycleway", "target": "hw=path_bicycle=designated", "length_km": 0.034999833160808042, "osm_id": 252385803, "osm_version": 8, "valid_from": "2025-10-23T12:04:46Z", "feature_id": "252385803_8" }, "geometry": { "type": "Point", "coordinates": [ 6.86321534581659, 51.846122840472347 ] } },
{ "type": "Feature", "properties": { "source": "hw=path_bicycle=designated", "target": "hw=footway_bicycle=yes", "length_km": 0.017502578347104256, "osm_id": 252440576, "osm_version": 3, "valid_from": "2025-10-15T13:36:53Z", "feature_id": "252440576_3" }, "geometry": { "type": "Point", "coordinates": [ 8.567566734350741, 50.006363948348287 ] } },
{ "type": "Feature", "properties": { "source": "hw=path_bicycle=designated", "target": "hw=footway_bicycle=yes", "length_km": 0.17984499912300048, "osm_id": 252440577, "osm_version": 6, "valid_from": "2025-10-15T13:36:53Z", "feature_id": "252440577_6" }, "geometry": { "type": "Point", "coordinates": [ 8.567712220923628, 50.005484649751068 ] } },
{ "type": "Feature", "properties": { "source": "hw=path_bicycle=designated", "target": "hw=footway_bicycle=yes", "length_km": 0.046373825424328247, "osm_id": 252440578, "osm_version": 4, "valid_from": "2025-10-15T13:36:53Z", "feature_id": "252440578_4" }, "geometry": { "type": "Point", "coordinates": [ 8.567371652119727, 50.007551933952186 ] } },
{ "type": "Feature", "properties": { "source": "hw=footway_bicycle=yes", "target": "hw=path_bicycle=designated", "length_km": 0.019372635436529527, "osm_id": 252440580, "osm_version": 4, "valid_from": "2025-10-15T13:36:53Z", "feature_id": "252440580_4" }, "geometry": { "type": "Point", "coordinates": [ 8.567622809787421, 50.007794415865057 ] } },
{ "type": "Feature", "properties": { "source": "hw=track_other", "target": "hw=path_bicycle=designated", "length_km": 0.16418758948800471, "osm_id": 254315021, "osm_version": 5, "valid_from": "2025-12-05T18:30:17Z", "feature_id": "254315021_5" }, "geometry": { "type": "Point", "coordinates": [ 10.450948109346818, 49.501277585245198 ] } },
{ "type": "Feature", "properties": { "source": "hw=residential_other", "target": "cw=lane", "length_km": 0.06246117476922658, "osm_id": 255424740, "osm_version": 13, "valid_from": "2025-09-25T07:52:02Z", "feature_id": "255424740_13" }, "geometry": { "type": "Point", "coordinates": [ 8.614198997169018, 50.221797995776882 ] } },
{ "type": "Feature", "properties": { "source": "hw=footway_other", "target": "hw=footway_bicycle=yes", "length_km": 0.0034640396748079737, "osm_id": 255909281, "osm_version": 5, "valid_from": "2025-09-15T06:47:25Z", "feature_id": "255909281_5" }, "geometry": { "type": "Point", "coordinates": [ 11.84783615, 50.902513 ] } },
{ "type": "Feature", "properties": { "source": "hw=path_other", "target": "hw=path_bicycle=designated", "length_km": 0.15177938988295661, "osm_id": 257039227, "osm_version": 5, "valid_from": "2025-10-18T17:39:04Z", "feature_id": "257039227_5" }, "geometry": { "type": "Point", "coordinates": [ 6.683673141516891, 50.900452615395437 ] } },
{ "type": "Feature", "properties": { "source": "hw=track_other", "target": "hw=path_bicycle=designated", "length_km": 0.038343641385127789, "osm_id": 257453395, "osm_version": 6, "valid_from": "2025-12-16T16:49:50Z", "feature_id": "257453395_6" }, "geometry": { "type": "Point", "coordinates": [ 10.731418288655933, 49.324942775073353 ] } },
{ "type": "Feature", "properties": { "source": "hw=tertiary_other", "target": "cw=track", "length_km": 0.047696593582245803, "osm_id": 257976033, "osm_version": 7, "valid_from": "2025-09-06T14:18:45Z", "feature_id": "257976033_7" }, "geometry": { "type": "Point", "coordinates": [ 12.0987287, 50.0045318 ] } },
{ "type": "Feature", "properties": { "source": "hw=tertiary_other", "target": "cw=track", "length_km": 0.030671899315068574, "osm_id": 257976034, "osm_version": 6, "valid_from": "2025-09-06T14:18:45Z", "feature_id": "257976034_6" }, "geometry": { "type": "Point", "coordinates": [ 12.09927343482514, 50.00456057600789 ] } },
{ "type": "Feature", "properties": { "source": "hw=tertiary_other", "target": "cw=track", "length_km": 0.072585378361588807, "osm_id": 257976035, "osm_version": 7, "valid_from": "2025-09-06T14:18:45Z", "feature_id": "257976035_7" }, "geometry": { "type": "Point", "coordinates": [ 12.099990085366986, 50.004603824421267 ] } },
{ "type": "Feature", "properties": { "source": "hw=tertiary_other", "target": "cw=track", "length_km": 0.34253578898487425, "osm_id": 257976036, "osm_version": 8, "valid_from": "2025-09-06T14:18:45Z", "feature_id": "257976036_8" }, "geometry": { "type": "Point", "coordinates": [ 12.10287207892242, 50.004789918540204 ] } },
{ "type": "Feature", "properties": { "source": "hw=primary_other", "target": "cw=track", "length_km": 0.055899061048442021, "osm_id": 258181258, "osm_version": 6, "valid_from": "2025-11-03T15:29:57Z", "feature_id": "258181258_6" }, "geometry": { "type": "Point", "coordinates": [ 11.440862852724946, 51.757050337926465 ] } },
{ "type": "Feature", "properties": { "source": "hw=primary_other", "target": "cw=track", "length_km": 0.012030045356482558, "osm_id": 258181260, "osm_version": 6, "valid_from": "2025-11-03T15:29:57Z", "feature_id": "258181260_6" }, "geometry": { "type": "Point", "coordinates": [ 11.4420185, 51.75735535 ] } },
{ "type": "Feature", "properties": { "source": "hw=path_other", "target": "hw=path_bicycle=designated", "length_km": 0.16070278513151928, "osm_id": 259456162, "osm_version": 9, "valid_from": "2025-10-28T20:31:42Z", "feature_id": "259456162_9" }, "geometry": { "type": "Point", "coordinates": [ 9.012423299581499, 53.168946838424347 ] } },
{ "type": "Feature", "properties": { "source": "hw=secondary_other", "target": "cw=lane", "length_km": 0.049062251506529576, "osm_id": 260082616, "osm_version": 8, "valid_from": "2025-11-24T11:36:17Z", "feature_id": "260082616_8" }, "geometry": { "type": "Point", "coordinates": [ 10.46404335, 51.2021483 ] } },
{ "type": "Feature", "properties": { "source": "hw=secondary_other", "target": "cw=lane", "length_km": 0.11389409326137384, "osm_id": 260082617, "osm_version": 11, "valid_from": "2025-11-24T11:36:17Z", "feature_id": "260082617_11" }, "geometry": { "type": "Point", "coordinates": [ 10.464965698434945, 51.202592171507121 ] } },
{ "type": "Feature", "properties": { "source": "hw=secondary_other", "target": "cw=lane", "length_km": 0.012235203594962808, "osm_id": 260094672, "osm_version": 8, "valid_from": "2025-11-24T11:36:17Z", "feature_id": "260094672_8" }, "geometry": { "type": "Point", "coordinates": [ 10.463556815592781, 51.201915666983147 ] } },
{ "type": "Feature", "properties": { "source": "hw=secondary_other", "target": "cw=lane", "length_km": 0.018461685731771354, "osm_id": 260094673, "osm_version": 8, "valid_from": "2025-11-24T11:36:17Z", "feature_id": "260094673_8" }, "geometry": { "type": "Point", "coordinates": [ 10.4633824, 51.2018319 ] } },
{ "type": "Feature", "properties": { "source": "hw=secondary_other", "target": "cw=lane", "length_km": 0.012090859542251222, "osm_id": 260094674, "osm_version": 7, "valid_from": "2025-11-24T11:36:17Z", "feature_id": "260094674_7" }, "geometry": { "type": "Point", "coordinates": [ 10.46369495, 51.20198215 ] } },
{ "type": "Feature", "properties": { "source": "hw=tertiary_other", "target": "cw=lane", "length_km": 0.028481231675218929, "osm_id": 260114831, "osm_version": 14, "valid_from": "2025-10-28T11:56:03Z", "feature_id": "260114831_14" }, "geometry": { "type": "Point", "coordinates": [ 8.409510671215301, 48.996076710111431 ] } },
{ "type": "Feature", "properties": { "source": "hw=path_other", "target": "hw=path_bicycle=designated", "length_km": 0.12043973064502998, "osm_id": 260301491, "osm_version": 4, "valid_from": "2025-10-11T10:33:16Z", "feature_id": "260301491_4" }, "geometry": { "type": "Point", "coordinates": [ 8.588769112672781, 51.666106466900459 ] } },
{ "type": "Feature", "properties": { "source": "cw=track", "target": "cw=lane", "length_km": 0.032373470973610929, "osm_id": 260749468, "osm_version": 8, "valid_from": "2025-09-21T11:40:27Z", "feature_id": "260749468_8" }, "geometry": { "type": "Point", "coordinates": [ 6.62564895, 51.65919035 ] } },
{ "type": "Feature", "properties": { "source": "hw=secondary_other", "target": "cw=lane", "length_km": 0.033597170376293131, "osm_id": 261112027, "osm_version": 8, "valid_from": "2025-11-24T11:36:17Z", "feature_id": "261112027_8" }, "geometry": { "type": "Point", "coordinates": [ 10.465788048924168, 51.203011052105921 ] } },
{ "type": "Feature", "properties": { "source": "hw=track_other", "target": "hw=path_bicycle=designated", "length_km": 0.8282785842600433, "osm_id": 261758804, "osm_version": 8, "valid_from": "2025-10-31T20:41:38Z", "feature_id": "261758804_8" }, "geometry": { "type": "Point", "coordinates": [ 10.372123008852894, 48.678699344243448 ] } },
{ "type": "Feature", "properties": { "source": "hw=path_other", "target": "hw=footway_bicycle=yes", "length_km": 0.58670008763211212, "osm_id": 261826790, "osm_version": 6, "valid_from": "2025-11-22T15:31:40Z", "feature_id": "261826790_6" }, "geometry": { "type": "Point", "coordinates": [ 9.208271263773952, 50.852459517418886 ] } },
{ "type": "Feature", "properties": { "source": "hw=track_other", "target": "hw=track_bicycle=designated", "length_km": 0.049976705277478162, "osm_id": 264466544, "osm_version": 3, "valid_from": "2025-11-23T10:39:47Z", "feature_id": "264466544_3" }, "geometry": { "type": "Point", "coordinates": [ 9.679454411367072, 50.077390204782155 ] } },
{ "type": "Feature", "properties": { "source": "hw=primary_other", "target": "cw=track", "length_km": 0.13596008582653932, "osm_id": 269624637, "osm_version": 15, "valid_from": "2025-10-08T10:34:06Z", "feature_id": "269624637_15" }, "geometry": { "type": "Point", "coordinates": [ 6.647780822069833, 51.660209117387595 ] } },
{ "type": "Feature", "properties": { "source": "hw=service_other", "target": "hw=path_bicycle=designated", "length_km": 0.13056117157858524, "osm_id": 273186456, "osm_version": 6, "valid_from": "2025-11-28T13:14:46Z", "feature_id": "273186456_6" }, "geometry": { "type": "Point", "coordinates": [ 10.085315865851998, 50.840250188024065 ] } },
{ "type": "Feature", "properties": { "source": "cw=track", "target": "hw=track_bicycle=designated", "length_km": 0.024949706156501307, "osm_id": 274799369, "osm_version": 2, "valid_from": "2025-12-11T08:40:50Z", "feature_id": "274799369_2" }, "geometry": { "type": "Point", "coordinates": [ 10.60462235, 53.73918095 ] } },
{ "type": "Feature", "properties": { "source": "hw=residential_other", "target": "cw=lane", "length_km": 0.39566378083304654, "osm_id": 277674211, "osm_version": 11, "valid_from": "2025-12-13T20:48:46Z", "feature_id": "277674211_11" }, "geometry": { "type": "Point", "coordinates": [ 10.333315809351845, 49.173302029909067 ] } },
{ "type": "Feature", "properties": { "source": "hw=track_other", "target": "hw=path_bicycle=designated", "length_km": 0.2088348848615503, "osm_id": 278665483, "osm_version": 20, "valid_from": "2025-11-16T18:45:26Z", "feature_id": "278665483_20" }, "geometry": { "type": "Point", "coordinates": [ 8.660327020716194, 50.23568258820481 ] } },
{ "type": "Feature", "properties": { "source": "hw=cycleway", "target": "hw=path_bicycle=designated", "length_km": 0.61917811151111923, "osm_id": 279766541, "osm_version": 3, "valid_from": "2025-12-11T08:19:11Z", "feature_id": "279766541_3" }, "geometry": { "type": "Point", "coordinates": [ 10.491160817151931, 53.784414115385772 ] } },
{ "type": "Feature", "properties": { "source": "hw=cycleway", "target": "hw=path_bicycle=designated", "length_km": 2.0724235834035505, "osm_id": 279766544, "osm_version": 2, "valid_from": "2025-12-11T08:19:11Z", "feature_id": "279766544_2" }, "geometry": { "type": "Point", "coordinates": [ 10.491848743764303, 53.795863533225614 ] } },
{ "type": "Feature", "properties": { "source": "hw=residential_other", "target": "cw=track", "length_km": 0.015462558529411743, "osm_id": 280374198, "osm_version": 8, "valid_from": "2025-09-21T11:40:27Z", "feature_id": "280374198_8" }, "geometry": { "type": "Point", "coordinates": [ 6.622642147814431, 51.655868996052348 ] } },
{ "type": "Feature", "properties": { "source": "hw=track_other", "target": "hw=path_bicycle=designated", "length_km": 0.13173145136727746, "osm_id": 282097011, "osm_version": 3, "valid_from": "2025-12-08T20:15:09Z", "feature_id": "282097011_3" }, "geometry": { "type": "Point", "coordinates": [ 11.167188219641149, 53.964845907293899 ] } },
{ "type": "Feature", "properties": { "source": "hw=path_other", "target": "hw=path_bicycle=designated", "length_km": 0.029623942104134153, "osm_id": 282950212, "osm_version": 3, "valid_from": "2025-10-11T09:07:43Z", "feature_id": "282950212_3" }, "geometry": { "type": "Point", "coordinates": [ 6.624156305617992, 50.863138148999717 ] } },
{ "type": "Feature", "properties": { "source": "hw=track_other", "target": "hw=path_bicycle=designated", "length_km": 0.17036704769877889, "osm_id": 284610754, "osm_version": 3, "valid_from": "2025-11-02T08:36:02Z", "feature_id": "284610754_3" }, "geometry": { "type": "Point", "coordinates": [ 10.366518458576158, 49.064259813117452 ] } },
{ "type": "Feature", "properties": { "source": "hw=track_other", "target": "hw=track_bicycle=designated", "length_km": 0.095075201123516653, "osm_id": 285945017, "osm_version": 2, "valid_from": "2025-12-29T09:42:46Z", "feature_id": "285945017_2" }, "geometry": { "type": "Point", "coordinates": [ 13.67453629141637, 51.509005055312564 ] } },
{ "type": "Feature", "properties": { "source": "hw=footway_other", "target": "hw=path_bicycle=designated", "length_km": 0.053554748211366777, "osm_id": 287389459, "osm_version": 3, "valid_from": "2025-12-31T11:55:08Z", "feature_id": "287389459_3" }, "geometry": { "type": "Point", "coordinates": [ 7.064028200750432, 49.386361853905584 ] } },
{ "type": "Feature", "properties": { "source": "hw=path_bicycle=designated", "target": "hw=footway_bicycle=yes", "length_km": 1.5498784452326846, "osm_id": 289527505, "osm_version": 11, "valid_from": "2026-01-18T13:22:35Z", "feature_id": "289527505_11" }, "geometry": { "type": "Point", "coordinates": [ 12.085289543727136, 52.911434454083526 ] } },
{ "type": "Feature", "properties": { "source": "hw=track_other", "target": "hw=track_bicycle=designated", "length_km": 0.20823546629864545, "osm_id": 292138631, "osm_version": 3, "valid_from": "2025-12-16T17:10:18Z", "feature_id": "292138631_3" }, "geometry": { "type": "Point", "coordinates": [ 11.30108365776354, 50.754482597225454 ] } },
{ "type": "Feature", "properties": { "source": "hw=residential_other", "target": "cw=lane", "length_km": 0.022793810101059929, "osm_id": 293180273, "osm_version": 8, "valid_from": "2025-10-19T14:34:40Z", "feature_id": "293180273_8" }, "geometry": { "type": "Point", "coordinates": [ 7.62104519598333, 51.958039804448724 ] } },
{ "type": "Feature", "properties": { "source": "hw=footway_other", "target": "hw=path_bicycle=designated", "length_km": 0.21770945614493181, "osm_id": 293883141, "osm_version": 4, "valid_from": "2025-12-05T18:57:50Z", "feature_id": "293883141_4" }, "geometry": { "type": "Point", "coordinates": [ 10.653303931617682, 49.17288495446747 ] } },
{ "type": "Feature", "properties": { "source": "cw=lane", "target": "cw=track", "length_km": 0.010313898381576293, "osm_id": 298194945, "osm_version": 9, "valid_from": "2025-10-28T19:22:05Z", "feature_id": "298194945_9" }, "geometry": { "type": "Point", "coordinates": [ 8.60920455, 51.67361345 ] } },
{ "type": "Feature", "properties": { "source": "hw=residential_other", "target": "cw=lane", "length_km": 0.0031796282817126943, "osm_id": 298579466, "osm_version": 6, "valid_from": "2025-09-21T08:47:21Z", "feature_id": "298579466_6" }, "geometry": { "type": "Point", "coordinates": [ 9.21334225, 48.08893505 ] } },
{ "type": "Feature", "properties": { "source": "hw=footway_other", "target": "hw=path_bicycle=designated", "length_km": 0.11240577350865062, "osm_id": 299464805, "osm_version": 3, "valid_from": "2025-09-17T14:08:21Z", "feature_id": "299464805_3" }, "geometry": { "type": "Point", "coordinates": [ 9.106230867207792, 51.171922109280857 ] } },
{ "type": "Feature", "properties": { "source": "hw=cycleway", "target": "hw=path_bicycle=designated", "length_km": 3.2957303603324539, "osm_id": 299645926, "osm_version": 7, "valid_from": "2025-09-06T12:48:15Z", "feature_id": "299645926_7" }, "geometry": { "type": "Point", "coordinates": [ 12.408191400265151, 51.101753261832656 ] } },
{ "type": "Feature", "properties": { "source": "hw=primary_other", "target": "cw=track", "length_km": 0.14498298400657161, "osm_id": 300941836, "osm_version": 6, "valid_from": "2025-09-17T13:31:56Z", "feature_id": "300941836_6" }, "geometry": { "type": "Point", "coordinates": [ 8.425108623484132, 51.626629152125084 ] } },
{ "type": "Feature", "properties": { "source": "hw=cycleway", "target": "hw=path_bicycle=designated", "length_km": 0.011245866659491186, "osm_id": 302743350, "osm_version": 2, "valid_from": "2025-12-29T09:34:31Z", "feature_id": "302743350_2" }, "geometry": { "type": "Point", "coordinates": [ 14.5169775, 51.4952931 ] } },
{ "type": "Feature", "properties": { "source": "hw=tertiary_other", "target": "cw=track", "length_km": 0.042264198181461564, "osm_id": 302922597, "osm_version": 4, "valid_from": "2025-08-23T05:27:53Z", "feature_id": "302922597_4" }, "geometry": { "type": "Point", "coordinates": [ 7.073099972781391, 51.565319895008578 ] } },
{ "type": "Feature", "properties": { "source": "hw=tertiary_other", "target": "cw=track", "length_km": 0.14191490479981175, "osm_id": 302922598, "osm_version": 5, "valid_from": "2025-08-23T05:27:53Z", "feature_id": "302922598_5" }, "geometry": { "type": "Point", "coordinates": [ 7.074190170317239, 51.564855535400433 ] } },
{ "type": "Feature", "properties": { "source": "hw=secondary_other", "target": "cw=track", "length_km": 0.017824532711220729, "osm_id": 303644953, "osm_version": 4, "valid_from": "2025-08-22T15:38:55Z", "feature_id": "303644953_4" }, "geometry": { "type": "Point", "coordinates": [ 7.0672779, 51.5801021 ] } },
{ "type": "Feature", "properties": { "source": "hw=cycleway", "target": "hw=path_bicycle=designated", "length_km": 0.16280946327909548, "osm_id": 306268184, "osm_version": 3, "valid_from": "2025-08-22T19:34:44Z", "feature_id": "306268184_3" }, "geometry": { "type": "Point", "coordinates": [ 7.821375881881496, 51.197106982918456 ] } },
{ "type": "Feature", "properties": { "source": "hw=cycleway", "target": "hw=path_bicycle=designated", "length_km": 0.028629679228429461, "osm_id": 306268187, "osm_version": 3, "valid_from": "2025-08-22T19:34:44Z", "feature_id": "306268187_3" }, "geometry": { "type": "Point", "coordinates": [ 7.821286118921574, 51.197588773984194 ] } },
{ "type": "Feature", "properties": { "source": "hw=tertiary_other", "target": "cw=lane", "length_km": 0.047658255408479532, "osm_id": 306519189, "osm_version": 6, "valid_from": "2025-09-16T09:50:57Z", "feature_id": "306519189_6" }, "geometry": { "type": "Point", "coordinates": [ 6.718877520554597, 51.543185178776483 ] } },
{ "type": "Feature", "properties": { "source": "hw=footway_other", "target": "hw=path_bicycle=designated", "length_km": 0.043681601712131209, "osm_id": 307244753, "osm_version": 3, "valid_from": "2025-10-20T16:11:57Z", "feature_id": "307244753_3" }, "geometry": { "type": "Point", "coordinates": [ 12.3166545, 51.530667 ] } },
{ "type": "Feature", "properties": { "source": "hw=track_other", "target": "hw=path_bicycle=designated", "length_km": 0.12920899962558707, "osm_id": 307244761, "osm_version": 3, "valid_from": "2025-10-20T16:11:57Z", "feature_id": "307244761_3" }, "geometry": { "type": "Point", "coordinates": [ 12.31662044931536, 51.531975353821117 ] } },
{ "type": "Feature", "properties": { "source": "hw=footway_other", "target": "hw=path_bicycle=designated", "length_km": 0.57108366613221873, "osm_id": 307244771, "osm_version": 3, "valid_from": "2025-10-20T16:11:57Z", "feature_id": "307244771_3" }, "geometry": { "type": "Point", "coordinates": [ 12.314848518580861, 51.525558923138497 ] } },
{ "type": "Feature", "properties": { "source": "hw=path_other", "target": "hw=path_bicycle=designated", "length_km": 2.2164415516334262, "osm_id": 309958819, "osm_version": 11, "valid_from": "2025-12-13T21:09:40Z", "feature_id": "309958819_11" }, "geometry": { "type": "Point", "coordinates": [ 8.442867234522705, 53.429510743578021 ] } },
{ "type": "Feature", "properties": { "source": "hw=path_other", "target": "hw=path_bicycle=designated", "length_km": 0.12816713372647681, "osm_id": 312218595, "osm_version": 5, "valid_from": "2025-08-22T20:20:12Z", "feature_id": "312218595_5" }, "geometry": { "type": "Point", "coordinates": [ 7.050232362855164, 51.585031664538498 ] } },
{ "type": "Feature", "properties": { "source": "hw=residential_other", "target": "cw=lane", "length_km": 0.026360402164067362, "osm_id": 312448421, "osm_version": 7, "valid_from": "2025-09-21T11:40:27Z", "feature_id": "312448421_7" }, "geometry": { "type": "Point", "coordinates": [ 6.62498165, 51.65902495 ] } },
{ "type": "Feature", "properties": { "source": "hw=path_other", "target": "hw=path_bicycle=designated", "length_km": 0.49837645770250449, "osm_id": 313125020, "osm_version": 8, "valid_from": "2025-10-29T15:25:12Z", "feature_id": "313125020_8" }, "geometry": { "type": "Point", "coordinates": [ 9.552964203172813, 52.976432884028725 ] } },
{ "type": "Feature", "properties": { "source": "hw=secondary_other", "target": "cw=lane", "length_km": 0.14971099515195513, "osm_id": 314330643, "osm_version": 6, "valid_from": "2025-10-15T17:11:27Z", "feature_id": "314330643_6" }, "geometry": { "type": "Point", "coordinates": [ 6.778876737460828, 51.328300623128236 ] } },
{ "type": "Feature", "properties": { "source": "hw=secondary_other", "target": "cw=lane", "length_km": 0.29802128482932494, "osm_id": 314330644, "osm_version": 8, "valid_from": "2025-10-15T17:11:27Z", "feature_id": "314330644_8" }, "geometry": { "type": "Point", "coordinates": [ 6.784252666579022, 51.331205368170245 ] } },
{ "type": "Feature", "properties": { "source": "hw=primary_other", "target": "cw=lane", "length_km": 0.21562642799916903, "osm_id": 314810653, "osm_version": 13, "valid_from": "2025-12-29T17:25:11Z", "feature_id": "314810653_13" }, "geometry": { "type": "Point", "coordinates": [ 7.108746767598145, 51.161757317558319 ] } },
{ "type": "Feature", "properties": { "source": "hw=tertiary_other", "target": "cw=track", "length_km": 0.10442632679854515, "osm_id": 315765349, "osm_version": 3, "valid_from": "2025-08-22T14:32:00Z", "feature_id": "315765349_3" }, "geometry": { "type": "Point", "coordinates": [ 7.0154899, 51.59928485 ] } },
{ "type": "Feature", "properties": { "source": "hw=tertiary_other", "target": "cw=track", "length_km": 0.023812829644838929, "osm_id": 315765350, "osm_version": 3, "valid_from": "2025-08-22T14:32:00Z", "feature_id": "315765350_3" }, "geometry": { "type": "Point", "coordinates": [ 7.015875, 51.5987611 ] } },
{ "type": "Feature", "properties": { "source": "hw=footway_bicycle=yes", "target": "hw=path_bicycle=designated", "length_km": 0.097670002223052943, "osm_id": 316671456, "osm_version": 5, "valid_from": "2025-09-29T07:22:37Z", "feature_id": "316671456_5" }, "geometry": { "type": "Point", "coordinates": [ 6.998809082379523, 51.592277901653496 ] } },
{ "type": "Feature", "properties": { "source": "hw=service_other", "target": "hw=path_bicycle=designated", "length_km": 0.10651990965850869, "osm_id": 318352601, "osm_version": 5, "valid_from": "2025-11-10T00:54:15Z", "feature_id": "318352601_5" }, "geometry": { "type": "Point", "coordinates": [ 9.361036060994691, 48.648958497728451 ] } },
{ "type": "Feature", "properties": { "source": "hw=path_other", "target": "hw=path_bicycle=designated", "length_km": 0.10187737856104305, "osm_id": 319102806, "osm_version": 4, "valid_from": "2025-09-20T07:39:24Z", "feature_id": "319102806_4" }, "geometry": { "type": "Point", "coordinates": [ 12.15531975, 50.5069567 ] } },
{ "type": "Feature", "properties": { "source": "hw=footway_bicycle=yes", "target": "hw=path_bicycle=designated", "length_km": 0.2707887448779116, "osm_id": 319102807, "osm_version": 6, "valid_from": "2025-09-20T07:39:24Z", "feature_id": "319102807_6" }, "geometry": { "type": "Point", "coordinates": [ 12.157295616482081, 50.5080011788924 ] } },
{ "type": "Feature", "properties": { "source": "hw=residential_other", "target": "cw=lane", "length_km": 0.094944597096453462, "osm_id": 319384836, "osm_version": 11, "valid_from": "2025-09-25T07:52:02Z", "feature_id": "319384836_11" }, "geometry": { "type": "Point", "coordinates": [ 8.614519361852066, 50.222990945698001 ] } },
{ "type": "Feature", "properties": { "source": "hw=tertiary_other", "target": "cw=lane", "length_km": 0.028660185267565023, "osm_id": 319951915, "osm_version": 8, "valid_from": "2025-12-04T14:04:53Z", "feature_id": "319951915_8" }, "geometry": { "type": "Point", "coordinates": [ 7.696043374954684, 47.967872032131979 ] } },
{ "type": "Feature", "properties": { "source": "hw=footway_bicycle=yes", "target": "hw=path_bicycle=designated", "length_km": 0.58258853331396998, "osm_id": 321534352, "osm_version": 8, "valid_from": "2025-08-06T16:51:14Z", "feature_id": "321534352_8" }, "geometry": { "type": "Point", "coordinates": [ 7.39751101664352, 52.742015377480143 ] } },
{ "type": "Feature", "properties": { "source": "hw=secondary_other", "target": "cw=lane", "length_km": 0.0095034031268034485, "osm_id": 323832402, "osm_version": 4, "valid_from": "2025-08-22T07:54:44Z", "feature_id": "323832402_4" }, "geometry": { "type": "Point", "coordinates": [ 6.94779205, 51.558132 ] } },
{ "type": "Feature", "properties": { "source": "hw=cycleway", "target": "hw=path_bicycle=designated", "length_km": 0.034076944645301907, "osm_id": 324051872, "osm_version": 3, "valid_from": "2025-10-19T09:51:21Z", "feature_id": "324051872_3" }, "geometry": { "type": "Point", "coordinates": [ 12.492936376756557, 51.125097718147636 ] } },
{ "type": "Feature", "properties": { "source": "hw=secondary_other", "target": "cw=track", "length_km": 0.087536774559572345, "osm_id": 327173119, "osm_version": 5, "valid_from": "2025-08-22T07:54:44Z", "feature_id": "327173119_5" }, "geometry": { "type": "Point", "coordinates": [ 6.942783891813057, 51.553670607538741 ] } },
{ "type": "Feature", "properties": { "source": "hw=secondary_other", "target": "cw=track", "length_km": 0.12317699020270997, "osm_id": 327173121, "osm_version": 4, "valid_from": "2025-08-22T07:54:44Z", "feature_id": "327173121_4" }, "geometry": { "type": "Point", "coordinates": [ 6.943636064514158, 51.554442012331251 ] } },
{ "type": "Feature", "properties": { "source": "hw=secondary_other", "target": "cw=lane", "length_km": 0.17960168696069728, "osm_id": 327342010, "osm_version": 4, "valid_from": "2025-11-15T19:31:12Z", "feature_id": "327342010_4" }, "geometry": { "type": "Point", "coordinates": [ 7.103247603723537, 51.517162351587508 ] } },
{ "type": "Feature", "properties": { "source": "hw=tertiary_other", "target": "cw=lane", "length_km": 0.047801298819456044, "osm_id": 327342011, "osm_version": 7, "valid_from": "2025-11-15T19:31:12Z", "feature_id": "327342011_7" }, "geometry": { "type": "Point", "coordinates": [ 7.102928752739644, 51.515217503892536 ] } },
{ "type": "Feature", "properties": { "source": "hw=tertiary_other", "target": "cw=track", "length_km": 0.07354928467681271, "osm_id": 327511655, "osm_version": 4, "valid_from": "2025-08-23T09:28:15Z", "feature_id": "327511655_4" }, "geometry": { "type": "Point", "coordinates": [ 7.077229, 51.50744955 ] } },
{ "type": "Feature", "properties": { "source": "hw=tertiary_other", "target": "cw=track", "length_km": 0.018787531630624816, "osm_id": 327511658, "osm_version": 6, "valid_from": "2025-08-23T09:28:15Z", "feature_id": "327511658_6" }, "geometry": { "type": "Point", "coordinates": [ 7.076677329570225, 51.508032882572834 ] } },
{ "type": "Feature", "properties": { "source": "hw=tertiary_other", "target": "cw=track", "length_km": 0.016631108066476035, "osm_id": 327511659, "osm_version": 6, "valid_from": "2025-08-23T09:28:15Z", "feature_id": "327511659_6" }, "geometry": { "type": "Point", "coordinates": [ 7.076526345885109, 51.508006746228958 ] } },
{ "type": "Feature", "properties": { "source": "hw=secondary_other", "target": "cw=lane", "length_km": 0.080040508206377092, "osm_id": 327802384, "osm_version": 3, "valid_from": "2025-08-22T20:20:12Z", "feature_id": "327802384_3" }, "geometry": { "type": "Point", "coordinates": [ 7.05502425, 51.5796664 ] } },
{ "type": "Feature", "properties": { "source": "hw=secondary_other", "target": "cw=lane", "length_km": 0.048155089427711344, "osm_id": 327802385, "osm_version": 3, "valid_from": "2025-08-22T20:20:12Z", "feature_id": "327802385_3" }, "geometry": { "type": "Point", "coordinates": [ 7.05460305, 51.58017895 ] } },
{ "type": "Feature", "properties": { "source": "hw=secondary_other", "target": "cw=lane", "length_km": 0.10282204709915951, "osm_id": 327802386, "osm_version": 3, "valid_from": "2025-08-22T20:20:12Z", "feature_id": "327802386_3" }, "geometry": { "type": "Point", "coordinates": [ 7.052970910056246, 51.581617607511099 ] } },
{ "type": "Feature", "properties": { "source": "hw=secondary_other", "target": "cw=lane", "length_km": 0.091880410422765971, "osm_id": 327802387, "osm_version": 3, "valid_from": "2025-08-22T20:20:12Z", "feature_id": "327802387_3" }, "geometry": { "type": "Point", "coordinates": [ 7.053697978717336, 51.580775615969117 ] } },
{ "type": "Feature", "properties": { "source": "hw=secondary_other", "target": "cw=lane", "length_km": 0.12118513988987149, "osm_id": 327802389, "osm_version": 4, "valid_from": "2025-08-22T20:20:12Z", "feature_id": "327802389_4" }, "geometry": { "type": "Point", "coordinates": [ 7.053965116590305, 51.580837237239926 ] } },
{ "type": "Feature", "properties": { "source": "hw=secondary_other", "target": "cw=lane", "length_km": 0.01240406363204271, "osm_id": 327802400, "osm_version": 3, "valid_from": "2025-08-22T20:20:12Z", "feature_id": "327802400_3" }, "geometry": { "type": "Point", "coordinates": [ 7.0520977, 51.58186125 ] } },
{ "type": "Feature", "properties": { "source": "hw=secondary_other", "target": "cw=track", "length_km": 0.011352691168801526, "osm_id": 328886257, "osm_version": 6, "valid_from": "2025-08-22T15:22:14Z", "feature_id": "328886257_6" }, "geometry": { "type": "Point", "coordinates": [ 7.0514793, 51.5911405 ] } },
{ "type": "Feature", "properties": { "source": "hw=secondary_other", "target": "cw=track", "length_km": 0.041501603403969078, "osm_id": 328886258, "osm_version": 5, "valid_from": "2025-08-22T15:22:14Z", "feature_id": "328886258_5" }, "geometry": { "type": "Point", "coordinates": [ 7.051473183281383, 51.591964242140612 ] } },
{ "type": "Feature", "properties": { "source": "hw=unclassified_other", "target": "cw=track", "length_km": 0.3603829855076795, "osm_id": 329038735, "osm_version": 7, "valid_from": "2026-01-18T16:24:38Z", "feature_id": "329038735_7" }, "geometry": { "type": "Point", "coordinates": [ 12.892842723397273, 52.60060001623286 ] } },
{ "type": "Feature", "properties": { "source": "hw=unclassified_other", "target": "cw=track", "length_km": 0.056172680766020312, "osm_id": 329038736, "osm_version": 4, "valid_from": "2026-01-18T16:24:38Z", "feature_id": "329038736_4" }, "geometry": { "type": "Point", "coordinates": [ 12.8918014, 52.5991076 ] } },
{ "type": "Feature", "properties": { "source": "hw=unclassified_other", "target": "cw=track", "length_km": 0.089709628403498456, "osm_id": 329038739, "osm_version": 6, "valid_from": "2026-01-18T16:24:38Z", "feature_id": "329038739_6" }, "geometry": { "type": "Point", "coordinates": [ 12.891034074790806, 52.599318799486916 ] } },
{ "type": "Feature", "properties": { "source": "hw=secondary_other", "target": "cw=track", "length_km": 0.19113901513954359, "osm_id": 330370236, "osm_version": 10, "valid_from": "2025-08-19T16:33:28Z", "feature_id": "330370236_10" }, "geometry": { "type": "Point", "coordinates": [ 8.440048006944, 51.689300209050089 ] } },
{ "type": "Feature", "properties": { "source": "hw=residential_other", "target": "bicycle_road", "length_km": 0.18645820530925966, "osm_id": 330848762, "osm_version": 6, "valid_from": "2026-01-01T09:51:00Z", "feature_id": "330848762_6" }, "geometry": { "type": "Point", "coordinates": [ 10.27916568859337, 47.514974795326566 ] } },
{ "type": "Feature", "properties": { "source": "hw=secondary_other", "target": "cw=track", "length_km": 0.098915537049749258, "osm_id": 331710395, "osm_version": 5, "valid_from": "2025-09-21T09:18:07Z", "feature_id": "331710395_5" }, "geometry": { "type": "Point", "coordinates": [ 8.251508237959957, 51.595831459500594 ] } },
{ "type": "Feature", "properties": { "source": "hw=footway_bicycle=yes", "target": "hw=path_bicycle=designated", "length_km": 0.50882330647676377, "osm_id": 332573420, "osm_version": 3, "valid_from": "2025-08-06T16:51:14Z", "feature_id": "332573420_3" }, "geometry": { "type": "Point", "coordinates": [ 7.397637367919494, 52.742239297477546 ] } },
{ "type": "Feature", "properties": { "source": "hw=footway_other", "target": "hw=path_bicycle=designated", "length_km": 0.054252514717422214, "osm_id": 334104907, "osm_version": 4, "valid_from": "2025-09-13T09:16:30Z", "feature_id": "334104907_4" }, "geometry": { "type": "Point", "coordinates": [ 8.376350805307251, 51.692364673787417 ] } },
{ "type": "Feature", "properties": { "source": "hw=path_other", "target": "hw=path_bicycle=designated", "length_km": 0.80728977875710439, "osm_id": 337168231, "osm_version": 2, "valid_from": "2025-10-29T15:25:12Z", "feature_id": "337168231_2" }, "geometry": { "type": "Point", "coordinates": [ 9.535371372829362, 52.971968297868465 ] } },
{ "type": "Feature", "properties": { "source": "hw=path_other", "target": "hw=path_bicycle=designated", "length_km": 0.6343146022496573, "osm_id": 337245689, "osm_version": 3, "valid_from": "2025-08-17T15:30:02Z", "feature_id": "337245689_3" }, "geometry": { "type": "Point", "coordinates": [ 10.46397356102077, 52.654351751851017 ] } },
{ "type": "Feature", "properties": { "source": "hw=path_other", "target": "hw=path_bicycle=designated", "length_km": 0.0075232535907710906, "osm_id": 337245690, "osm_version": 3, "valid_from": "2025-08-17T15:30:02Z", "feature_id": "337245690_3" }, "geometry": { "type": "Point", "coordinates": [ 10.4648947, 52.657159 ] } },
{ "type": "Feature", "properties": { "source": "hw=tertiary_other", "target": "cw=track", "length_km": 0.043615011150397773, "osm_id": 338481597, "osm_version": 10, "valid_from": "2025-10-08T12:28:51Z", "feature_id": "338481597_10" }, "geometry": { "type": "Point", "coordinates": [ 9.453346943505629, 54.806203677297958 ] } },
{ "type": "Feature", "properties": { "source": "hw=track_other", "target": "hw=track_bicycle=designated", "length_km": 1.0641847701625418, "osm_id": 339414547, "osm_version": 6, "valid_from": "2025-12-18T13:57:54Z", "feature_id": "339414547_6" }, "geometry": { "type": "Point", "coordinates": [ 10.53591123025377, 49.228357495857367 ] } },
{ "type": "Feature", "properties": { "source": "hw=path_other", "target": "hw=path_bicycle=designated", "length_km": 0.37043031774551427, "osm_id": 342353448, "osm_version": 7, "valid_from": "2025-08-17T10:16:16Z", "feature_id": "342353448_7" }, "geometry": { "type": "Point", "coordinates": [ 10.493937155761566, 52.76772544946035 ] } },
{ "type": "Feature", "properties": { "source": "hw=track_other", "target": "hw=path_bicycle=designated", "length_km": 1.1609081586195753, "osm_id": 342603303, "osm_version": 4, "valid_from": "2025-11-09T08:55:22Z", "feature_id": "342603303_4" }, "geometry": { "type": "Point", "coordinates": [ 10.551131684848924, 49.369643313504511 ] } },
{ "type": "Feature", "properties": { "source": "hw=secondary_other", "target": "cw=track", "length_km": 1.0704591191455257, "osm_id": 342745829, "osm_version": 9, "valid_from": "2026-01-04T14:45:03Z", "feature_id": "342745829_9" }, "geometry": { "type": "Point", "coordinates": [ 6.771076011000857, 51.579825838912228 ] } },
{ "type": "Feature", "properties": { "source": "hw=residential_other", "target": "cw=track", "length_km": 0.0096526434774363429, "osm_id": 342818699, "osm_version": 7, "valid_from": "2025-11-21T18:30:58Z", "feature_id": "342818699_7" }, "geometry": { "type": "Point", "coordinates": [ 7.4525152, 52.2867766 ] } },
{ "type": "Feature", "properties": { "source": "hw=residential_other", "target": "cw=track", "length_km": 0.17846423594376915, "osm_id": 342818700, "osm_version": 8, "valid_from": "2025-11-21T18:30:58Z", "feature_id": "342818700_8" }, "geometry": { "type": "Point", "coordinates": [ 7.453054587977494, 52.285630874738686 ] } },
{ "type": "Feature", "properties": { "source": "hw=secondary_other", "target": "cw=track", "length_km": 0.079917369925222789, "osm_id": 342818703, "osm_version": 8, "valid_from": "2025-11-21T18:30:58Z", "feature_id": "342818703_8" }, "geometry": { "type": "Point", "coordinates": [ 7.451931187385555, 52.283620707537501 ] } },
{ "type": "Feature", "properties": { "source": "hw=tertiary_other", "target": "cw=lane", "length_km": 0.0056902223151376365, "osm_id": 343333903, "osm_version": 6, "valid_from": "2025-10-14T18:48:12Z", "feature_id": "343333903_6" }, "geometry": { "type": "Point", "coordinates": [ 6.5943196, 51.54181585 ] } },
{ "type": "Feature", "properties": { "source": "hw=tertiary_other", "target": "cw=lane", "length_km": 0.037536184466653431, "osm_id": 343333904, "osm_version": 8, "valid_from": "2025-10-14T18:48:12Z", "feature_id": "343333904_8" }, "geometry": { "type": "Point", "coordinates": [ 6.594140009027835, 51.541657881407829 ] } },
{ "type": "Feature", "properties": { "source": "hw=track_other", "target": "hw=path_bicycle=designated", "length_km": 0.013040795950952934, "osm_id": 343446996, "osm_version": 7, "valid_from": "2025-10-31T16:11:45Z", "feature_id": "343446996_7" }, "geometry": { "type": "Point", "coordinates": [ 13.28438985, 53.4127866 ] } },
{ "type": "Feature", "properties": { "source": "hw=track_other", "target": "hw=path_bicycle=designated", "length_km": 1.6193793018393841, "osm_id": 343446997, "osm_version": 6, "valid_from": "2025-10-31T16:11:45Z", "feature_id": "343446997_6" }, "geometry": { "type": "Point", "coordinates": [ 13.297658166893765, 53.413202833956419 ] } },
{ "type": "Feature", "properties": { "source": "hw=residential_other", "target": "cw=track", "length_km": 0.10509889272778075, "osm_id": 347633845, "osm_version": 10, "valid_from": "2025-08-22T18:51:03Z", "feature_id": "347633845_10" }, "geometry": { "type": "Point", "coordinates": [ 7.154960573484454, 51.513036268131728 ] } },
{ "type": "Feature", "properties": { "source": "hw=residential_other", "target": "cw=track", "length_km": 0.10625309883778068, "osm_id": 347633846, "osm_version": 8, "valid_from": "2025-08-22T18:51:03Z", "feature_id": "347633846_8" }, "geometry": { "type": "Point", "coordinates": [ 7.154965614617009, 51.513089108734384 ] } },
{ "type": "Feature", "properties": { "source": "hw=footway_other", "target": "hw=path_bicycle=designated", "length_km": 0.59125285097241465, "osm_id": 352149697, "osm_version": 4, "valid_from": "2025-10-15T17:44:31Z", "feature_id": "352149697_4" }, "geometry": { "type": "Point", "coordinates": [ 11.274268276474409, 53.736103097308096 ] } },
{ "type": "Feature", "properties": { "source": "hw=path_other", "target": "hw=path_bicycle=designated", "length_km": 0.12548304848350386, "osm_id": 354079133, "osm_version": 3, "valid_from": "2025-10-31T20:29:16Z", "feature_id": "354079133_3" }, "geometry": { "type": "Point", "coordinates": [ 7.773403793058035, 51.174157350502085 ] } },
{ "type": "Feature", "properties": { "source": "hw=path_other", "target": "hw=path_bicycle=designated", "length_km": 0.067094611081103595, "osm_id": 354079135, "osm_version": 3, "valid_from": "2025-10-31T20:29:16Z", "feature_id": "354079135_3" }, "geometry": { "type": "Point", "coordinates": [ 7.775337024780468, 51.173940697860267 ] } },
{ "type": "Feature", "properties": { "source": "hw=path_other", "target": "hw=path_bicycle=designated", "length_km": 0.09801118873644718, "osm_id": 354673702, "osm_version": 4, "valid_from": "2025-09-08T14:17:43Z", "feature_id": "354673702_4" }, "geometry": { "type": "Point", "coordinates": [ 12.242275959826653, 50.343417651915644 ] } },
{ "type": "Feature", "properties": { "source": "hw=secondary_other", "target": "cw=lane", "length_km": 0.027203502647005908, "osm_id": 356789520, "osm_version": 11, "valid_from": "2025-09-15T16:23:19Z", "feature_id": "356789520_11" }, "geometry": { "type": "Point", "coordinates": [ 8.016925853468823, 50.872198024521531 ] } },
{ "type": "Feature", "properties": { "source": "hw=residential_other", "target": "cw=lane", "length_km": 0.046742191026477149, "osm_id": 356978106, "osm_version": 7, "valid_from": "2025-10-23T12:04:46Z", "feature_id": "356978106_7" }, "geometry": { "type": "Point", "coordinates": [ 6.861365130618213, 51.845459721445671 ] } },
{ "type": "Feature", "properties": { "source": "hw=service_other", "target": "hw=path_bicycle=designated", "length_km": 0.15060876904592727, "osm_id": 358299091, "osm_version": 3, "valid_from": "2025-09-08T14:24:08Z", "feature_id": "358299091_3" }, "geometry": { "type": "Point", "coordinates": [ 11.93475671088226, 50.017506765530285 ] } },
{ "type": "Feature", "properties": { "source": "hw=track_other", "target": "hw=path_bicycle=designated", "length_km": 0.091306384990178194, "osm_id": 358399093, "osm_version": 5, "valid_from": "2025-11-03T17:53:51Z", "feature_id": "358399093_5" }, "geometry": { "type": "Point", "coordinates": [ 10.174550388680222, 49.584345181204547 ] } },
{ "type": "Feature", "properties": { "source": "hw=track_other", "target": "hw=path_bicycle=designated", "length_km": 0.64324120115678396, "osm_id": 361046209, "osm_version": 4, "valid_from": "2025-10-31T20:41:38Z", "feature_id": "361046209_4" }, "geometry": { "type": "Point", "coordinates": [ 10.366319985214103, 48.683762594034071 ] } },
{ "type": "Feature", "properties": { "source": "hw=path_other", "target": "hw=path_bicycle=designated", "length_km": 1.8153210357899641, "osm_id": 361964609, "osm_version": 6, "valid_from": "2025-11-05T19:23:09Z", "feature_id": "361964609_6" }, "geometry": { "type": "Point", "coordinates": [ 6.437971801224086, 50.886187006889728 ] } },
{ "type": "Feature", "properties": { "source": "hw=footway_other", "target": "hw=footway_bicycle=yes", "length_km": 0.77975658515923785, "osm_id": 362021538, "osm_version": 8, "valid_from": "2025-08-07T13:18:10Z", "feature_id": "362021538_8" }, "geometry": { "type": "Point", "coordinates": [ 8.834808527390482, 47.727806151856029 ] } },
{ "type": "Feature", "properties": { "source": "hw=primary_other", "target": "cw=track", "length_km": 0.33046539772203198, "osm_id": 362220043, "osm_version": 8, "valid_from": "2025-08-22T15:38:55Z", "feature_id": "362220043_8" }, "geometry": { "type": "Point", "coordinates": [ 7.064104712066323, 51.58518805157842 ] } },
{ "type": "Feature", "properties": { "source": "hw=tertiary_other", "target": "cw=track", "length_km": 0.042100571076887403, "osm_id": 362273016, "osm_version": 4, "valid_from": "2025-08-22T15:22:14Z", "feature_id": "362273016_4" }, "geometry": { "type": "Point", "coordinates": [ 7.060349492415929, 51.592831093156072 ] } },
{ "type": "Feature", "properties": { "source": "hw=cycleway", "target": "hw=path_bicycle=designated", "length_km": 1.539379078360303, "osm_id": 363193836, "osm_version": 5, "valid_from": "2025-10-23T19:05:50Z", "feature_id": "363193836_5" }, "geometry": { "type": "Point", "coordinates": [ 11.350214876505552, 53.795735150858036 ] } },
{ "type": "Feature", "properties": { "source": "hw=tertiary_other", "target": "cw=lane", "length_km": 0.23302259602295666, "osm_id": 366019433, "osm_version": 12, "valid_from": "2025-09-06T10:26:42Z", "feature_id": "366019433_12" }, "geometry": { "type": "Point", "coordinates": [ 11.942482100512731, 51.45389950347586 ] } },
{ "type": "Feature", "properties": { "source": "hw=footway_bicycle=yes", "target": "hw=path_bicycle=designated", "length_km": 0.038083896630918837, "osm_id": 366030001, "osm_version": 5, "valid_from": "2025-09-19T18:08:35Z", "feature_id": "366030001_5" }, "geometry": { "type": "Point", "coordinates": [ 10.9552483, 54.3786978 ] } },
{ "type": "Feature", "properties": { "source": "hw=footway_bicycle=yes", "target": "hw=path_bicycle=designated", "length_km": 0.018680086602986694, "osm_id": 366030003, "osm_version": 6, "valid_from": "2025-09-19T18:08:35Z", "feature_id": "366030003_6" }, "geometry": { "type": "Point", "coordinates": [ 10.955309438915348, 54.378471409306101 ] } },
{ "type": "Feature", "properties": { "source": "hw=footway_other", "target": "hw=footway_bicycle=yes", "length_km": 0.0016939249863093182, "osm_id": 366111857, "osm_version": 7, "valid_from": "2025-09-15T06:47:25Z", "feature_id": "366111857_7" }, "geometry": { "type": "Point", "coordinates": [ 11.84783205, 50.90249055 ] } },
{ "type": "Feature", "properties": { "source": "hw=residential_other", "target": "cw=lane", "length_km": 0.020241290526172746, "osm_id": 366613606, "osm_version": 13, "valid_from": "2025-09-25T07:52:02Z", "feature_id": "366613606_13" }, "geometry": { "type": "Point", "coordinates": [ 8.614731336224482, 50.221209834923258 ] } },
{ "type": "Feature", "properties": { "source": "hw=residential_other", "target": "cw=track", "length_km": 0.081216130610969522, "osm_id": 370771251, "osm_version": 8, "valid_from": "2025-11-24T15:08:26Z", "feature_id": "370771251_8" }, "geometry": { "type": "Point", "coordinates": [ 12.113916467939525, 50.902890291058654 ] } },
{ "type": "Feature", "properties": { "source": "hw=cycleway", "target": "hw=path_bicycle=designated", "length_km": 1.2495375227539278, "osm_id": 372525181, "osm_version": 8, "valid_from": "2025-10-19T16:06:54Z", "feature_id": "372525181_8" }, "geometry": { "type": "Point", "coordinates": [ 10.605417059294235, 53.945594406278545 ] } },
{ "type": "Feature", "properties": { "source": "hw=track_bicycle=designated", "target": "hw=path_bicycle=designated", "length_km": 0.1251492555284924, "osm_id": 372702069, "osm_version": 2, "valid_from": "2025-12-05T18:57:50Z", "feature_id": "372702069_2" }, "geometry": { "type": "Point", "coordinates": [ 10.650770686028597, 49.171487991719523 ] } },
{ "type": "Feature", "properties": { "source": "hw=track_bicycle=designated", "target": "hw=path_bicycle=designated", "length_km": 0.11879007115664192, "osm_id": 372702072, "osm_version": 2, "valid_from": "2025-12-05T18:57:50Z", "feature_id": "372702072_2" }, "geometry": { "type": "Point", "coordinates": [ 10.649111992452983, 49.170184466929236 ] } },
{ "type": "Feature", "properties": { "source": "hw=footway_other", "target": "hw=path_bicycle=designated", "length_km": 0.045256471406335499, "osm_id": 374826156, "osm_version": 3, "valid_from": "2025-10-31T09:36:11Z", "feature_id": "374826156_3" }, "geometry": { "type": "Point", "coordinates": [ 11.377934098607936, 50.247241881704589 ] } },
{ "type": "Feature", "properties": { "source": "hw=track_other", "target": "hw=track_bicycle=designated", "length_km": 0.41906127612089855, "osm_id": 377666907, "osm_version": 5, "valid_from": "2025-11-23T11:16:35Z", "feature_id": "377666907_5" }, "geometry": { "type": "Point", "coordinates": [ 9.541986500804081, 50.020620420246637 ] } },
{ "type": "Feature", "properties": { "source": "hw=secondary_other", "target": "cw=track", "length_km": 0.043185766756397855, "osm_id": 377904678, "osm_version": 4, "valid_from": "2025-08-22T15:38:55Z", "feature_id": "377904678_4" }, "geometry": { "type": "Point", "coordinates": [ 7.062331972526304, 51.575344906999746 ] } },
{ "type": "Feature", "properties": { "source": "hw=primary_other", "target": "cw=track", "length_km": 0.023621478908722213, "osm_id": 379325710, "osm_version": 2, "valid_from": "2025-09-25T08:15:07Z", "feature_id": "379325710_2" }, "geometry": { "type": "Point", "coordinates": [ 8.83085275, 50.1199294 ] } },
{ "type": "Feature", "properties": { "source": "hw=residential_other", "target": "cw=track", "length_km": 0.15856689416834058, "osm_id": 379676509, "osm_version": 6, "valid_from": "2025-10-08T10:34:06Z", "feature_id": "379676509_6" }, "geometry": { "type": "Point", "coordinates": [ 6.640500210972763, 51.661875618777962 ] } },
{ "type": "Feature", "properties": { "source": "hw=secondary_other", "target": "cw=lane", "length_km": 0.11040065339617749, "osm_id": 380158512, "osm_version": 10, "valid_from": "2025-09-20T08:57:58Z", "feature_id": "380158512_10" }, "geometry": { "type": "Point", "coordinates": [ 7.126566928442776, 51.478412024340088 ] } },
{ "type": "Feature", "properties": { "source": "hw=secondary_other", "target": "cw=lane", "length_km": 0.68318153458647468, "osm_id": 383285249, "osm_version": 11, "valid_from": "2025-10-15T17:11:27Z", "feature_id": "383285249_11" }, "geometry": { "type": "Point", "coordinates": [ 6.774884297035029, 51.325361175393532 ] } },
{ "type": "Feature", "properties": { "source": "hw=track_other", "target": "hw=path_bicycle=designated", "length_km": 0.27426311756391375, "osm_id": 384738236, "osm_version": 4, "valid_from": "2025-11-02T08:36:02Z", "feature_id": "384738236_4" }, "geometry": { "type": "Point", "coordinates": [ 10.369003120970385, 49.063486696545681 ] } },
{ "type": "Feature", "properties": { "source": "hw=footway_other", "target": "hw=footway_bicycle=yes", "length_km": 0.78344099647489474, "osm_id": 388003931, "osm_version": 7, "valid_from": "2025-08-07T13:18:10Z", "feature_id": "388003931_7" }, "geometry": { "type": "Point", "coordinates": [ 8.834716817219348, 47.727872991799806 ] } },
{ "type": "Feature", "properties": { "source": "hw=residential_other", "target": "bicycle_road", "length_km": 0.14468413342003603, "osm_id": 391767214, "osm_version": 9, "valid_from": "2025-10-08T10:34:06Z", "feature_id": "391767214_9" }, "geometry": { "type": "Point", "coordinates": [ 6.633031959064559, 51.674179844072142 ] } },
{ "type": "Feature", "properties": { "source": "hw=path_other", "target": "hw=footway_bicycle=yes", "length_km": 0.11799346054349155, "osm_id": 391767215, "osm_version": 3, "valid_from": "2025-10-08T10:34:06Z", "feature_id": "391767215_3" }, "geometry": { "type": "Point", "coordinates": [ 6.636668953343999, 51.67054277202336 ] } },
{ "type": "Feature", "properties": { "source": "hw=footway_other", "target": "hw=footway_bicycle=yes", "length_km": 0.20919725301998626, "osm_id": 391873267, "osm_version": 6, "valid_from": "2025-09-19T18:08:35Z", "feature_id": "391873267_6" }, "geometry": { "type": "Point", "coordinates": [ 10.955684387987629, 54.377528363548699 ] } },
{ "type": "Feature", "properties": { "source": "hw=cycleway", "target": "hw=path_bicycle=designated", "length_km": 0.070116271832041346, "osm_id": 393236441, "osm_version": 8, "valid_from": "2025-10-26T10:20:45Z", "feature_id": "393236441_8" }, "geometry": { "type": "Point", "coordinates": [ 10.5288544, 52.24559955 ] } },
{ "type": "Feature", "properties": { "source": "hw=cycleway", "target": "hw=path_bicycle=designated", "length_km": 0.024475792214821501, "osm_id": 393236443, "osm_version": 8, "valid_from": "2025-10-26T10:20:45Z", "feature_id": "393236443_8" }, "geometry": { "type": "Point", "coordinates": [ 10.5287169, 52.2451832 ] } },
{ "type": "Feature", "properties": { "source": "hw=cycleway", "target": "hw=path_bicycle=designated", "length_km": 0.07084878675070902, "osm_id": 393236445, "osm_version": 8, "valid_from": "2025-10-26T10:20:45Z", "feature_id": "393236445_8" }, "geometry": { "type": "Point", "coordinates": [ 10.5285735, 52.24476425 ] } },
{ "type": "Feature", "properties": { "source": "hw=secondary_other", "target": "cw=track", "length_km": 0.27088775480389438, "osm_id": 394384086, "osm_version": 3, "valid_from": "2025-09-21T09:18:07Z", "feature_id": "394384086_3" }, "geometry": { "type": "Point", "coordinates": [ 8.253866780880333, 51.593465080469493 ] } },
{ "type": "Feature", "properties": { "source": "hw=secondary_other", "target": "cw=track", "length_km": 0.055549632168217622, "osm_id": 396413991, "osm_version": 7, "valid_from": "2025-11-21T18:30:58Z", "feature_id": "396413991_7" }, "geometry": { "type": "Point", "coordinates": [ 7.451142332407826, 52.283240270333913 ] } },
{ "type": "Feature", "properties": { "source": "hw=secondary_other", "target": "cw=track", "length_km": 0.13651484725805244, "osm_id": 396413992, "osm_version": 5, "valid_from": "2025-11-21T18:30:58Z", "feature_id": "396413992_5" }, "geometry": { "type": "Point", "coordinates": [ 7.450007312263787, 52.282732299706623 ] } },
{ "type": "Feature", "properties": { "source": "hw=path_other", "target": "hw=path_bicycle=designated", "length_km": 0.011057280079309204, "osm_id": 400330134, "osm_version": 2, "valid_from": "2025-09-15T16:14:39Z", "feature_id": "400330134_2" }, "geometry": { "type": "Point", "coordinates": [ 8.59204095, 50.8705602 ] } },
{ "type": "Feature", "properties": { "source": "hw=path_other", "target": "hw=path_bicycle=designated", "length_km": 0.17000978137784725, "osm_id": 400330136, "osm_version": 2, "valid_from": "2025-09-15T16:14:39Z", "feature_id": "400330136_2" }, "geometry": { "type": "Point", "coordinates": [ 8.591305325199675, 50.869889285532587 ] } },
{ "type": "Feature", "properties": { "source": "hw=path_other", "target": "hw=path_bicycle=designated", "length_km": 0.77419735285276448, "osm_id": 401582051, "osm_version": 10, "valid_from": "2025-12-18T09:33:26Z", "feature_id": "401582051_10" }, "geometry": { "type": "Point", "coordinates": [ 10.523651148487604, 49.228760542156778 ] } },
{ "type": "Feature", "properties": { "source": "hw=track_other", "target": "hw=path_bicycle=designated", "length_km": 0.4472839342504652, "osm_id": 403489330, "osm_version": 6, "valid_from": "2025-11-20T18:16:06Z", "feature_id": "403489330_6" }, "geometry": { "type": "Point", "coordinates": [ 7.606151859667492, 50.591269760623554 ] } },
{ "type": "Feature", "properties": { "source": "hw=footway_other", "target": "hw=path_bicycle=designated", "length_km": 0.0099611734667486729, "osm_id": 403499425, "osm_version": 5, "valid_from": "2025-12-20T10:33:02Z", "feature_id": "403499425_5" }, "geometry": { "type": "Point", "coordinates": [ 12.42037805, 50.99389905 ] } },
{ "type": "Feature", "properties": { "source": "hw=footway_other", "target": "hw=path_bicycle=designated", "length_km": 0.050840056963119884, "osm_id": 405001261, "osm_version": 5, "valid_from": "2025-11-03T18:06:50Z", "feature_id": "405001261_5" }, "geometry": { "type": "Point", "coordinates": [ 11.942985019444224, 50.322262374749883 ] } },
{ "type": "Feature", "properties": { "source": "hw=footway_other", "target": "hw=path_bicycle=designated", "length_km": 0.052931511757059985, "osm_id": 405001263, "osm_version": 4, "valid_from": "2025-11-03T18:06:50Z", "feature_id": "405001263_4" }, "geometry": { "type": "Point", "coordinates": [ 11.943035678803993, 50.322148695067249 ] } },
{ "type": "Feature", "properties": { "source": "hw=footway_other", "target": "hw=path_bicycle=designated", "length_km": 0.25409216320424083, "osm_id": 405001264, "osm_version": 7, "valid_from": "2025-11-03T18:06:50Z", "feature_id": "405001264_7" }, "geometry": { "type": "Point", "coordinates": [ 11.944938898888658, 50.322803956537427 ] } },
{ "type": "Feature", "properties": { "source": "hw=residential_other", "target": "cw=track", "length_km": 0.096889333049368434, "osm_id": 414476301, "osm_version": 7, "valid_from": "2025-11-21T18:30:58Z", "feature_id": "414476301_7" }, "geometry": { "type": "Point", "coordinates": [ 7.453547804281529, 52.284423885829682 ] } },
{ "type": "Feature", "properties": { "source": "hw=secondary_other", "target": "cw=track", "length_km": 0.062522110110544371, "osm_id": 414476302, "osm_version": 9, "valid_from": "2025-11-21T18:30:58Z", "feature_id": "414476302_9" }, "geometry": { "type": "Point", "coordinates": [ 7.453238809219349, 52.283958067037069 ] } },
{ "type": "Feature", "properties": { "source": "hw=pedestrian_other", "target": "hw=path_bicycle=designated", "length_km": 0.01880941326001468, "osm_id": 414867674, "osm_version": 6, "valid_from": "2025-09-06T10:15:58Z", "feature_id": "414867674_6" }, "geometry": { "type": "Point", "coordinates": [ 11.999312581557023, 51.351456665078082 ] } },
{ "type": "Feature", "properties": { "source": "hw=path_other", "target": "hw=path_bicycle=designated", "length_km": 0.2329713079204746, "osm_id": 416559686, "osm_version": 5, "valid_from": "2025-09-10T17:15:39Z", "feature_id": "416559686_5" }, "geometry": { "type": "Point", "coordinates": [ 11.719788329479563, 51.685832049328852 ] } },
{ "type": "Feature", "properties": { "source": "hw=unclassified_other", "target": "cw=track", "length_km": 0.045138583226682912, "osm_id": 417727235, "osm_version": 5, "valid_from": "2025-12-29T09:57:48Z", "feature_id": "417727235_5" }, "geometry": { "type": "Point", "coordinates": [ 12.653356075714727, 51.465448811739329 ] } },
{ "type": "Feature", "properties": { "source": "hw=tertiary_other", "target": "cw=track", "length_km": 0.06536150063105961, "osm_id": 419669933, "osm_version": 2, "valid_from": "2025-12-29T09:57:48Z", "feature_id": "419669933_2" }, "geometry": { "type": "Point", "coordinates": [ 12.666575507528872, 51.471800752531678 ] } },
{ "type": "Feature", "properties": { "source": "hw=path_other", "target": "hw=path_bicycle=designated", "length_km": 0.22502975027142744, "osm_id": 419786536, "osm_version": 2, "valid_from": "2025-12-29T09:57:48Z", "feature_id": "419786536_2" }, "geometry": { "type": "Point", "coordinates": [ 12.665816135346549, 51.472841331638932 ] } },
{ "type": "Feature", "properties": { "source": "hw=path_other", "target": "hw=path_bicycle=designated", "length_km": 0.054577072565691574, "osm_id": 419786538, "osm_version": 2, "valid_from": "2025-12-29T09:57:48Z", "feature_id": "419786538_2" }, "geometry": { "type": "Point", "coordinates": [ 12.66598413906498, 51.471734937108074 ] } },
{ "type": "Feature", "properties": { "source": "hw=path_other", "target": "hw=path_bicycle=designated", "length_km": 0.031770119299782108, "osm_id": 420754848, "osm_version": 2, "valid_from": "2025-12-04T14:38:51Z", "feature_id": "420754848_2" }, "geometry": { "type": "Point", "coordinates": [ 12.484151733649322, 47.816742337181495 ] } },
{ "type": "Feature", "properties": { "source": "hw=path_other", "target": "hw=path_bicycle=designated", "length_km": 0.24322201341526059, "osm_id": 422875875, "osm_version": 6, "valid_from": "2025-09-21T08:47:21Z", "feature_id": "422875875_6" }, "geometry": { "type": "Point", "coordinates": [ 9.212078284240983, 48.088198762523902 ] } },
{ "type": "Feature", "properties": { "source": "hw=footway_other", "target": "hw=path_bicycle=designated", "length_km": 0.15397104168709411, "osm_id": 422876088, "osm_version": 11, "valid_from": "2025-09-21T08:47:21Z", "feature_id": "422876088_11" }, "geometry": { "type": "Point", "coordinates": [ 9.212054453353295, 48.088812480064036 ] } },
{ "type": "Feature", "properties": { "source": "hw=primary_other", "target": "cw=lane", "length_km": 0.29434017779275062, "osm_id": 427764823, "osm_version": 10, "valid_from": "2025-09-15T07:22:39Z", "feature_id": "427764823_10" }, "geometry": { "type": "Point", "coordinates": [ 7.895654098460426, 49.494465519696909 ] } },
{ "type": "Feature", "properties": { "source": "hw=tertiary_other", "target": "cw=track", "length_km": 0.17680110409441055, "osm_id": 448135878, "osm_version": 6, "valid_from": "2025-11-07T11:48:52Z", "feature_id": "448135878_6" }, "geometry": { "type": "Point", "coordinates": [ 11.745455948229772, 52.889024759065258 ] } },
{ "type": "Feature", "properties": { "source": "hw=tertiary_other", "target": "cw=track", "length_km": 0.090564236839477355, "osm_id": 448206159, "osm_version": 3, "valid_from": "2025-08-22T15:22:14Z", "feature_id": "448206159_3" }, "geometry": { "type": "Point", "coordinates": [ 7.053416435270529, 51.591789657277424 ] } },
{ "type": "Feature", "properties": { "source": "hw=secondary_other", "target": "cw=lane", "length_km": 0.0093886760894238627, "osm_id": 455137650, "osm_version": 4, "valid_from": "2025-08-22T07:54:44Z", "feature_id": "455137650_4" }, "geometry": { "type": "Point", "coordinates": [ 6.9477043, 51.5580671 ] } },
{ "type": "Feature", "properties": { "source": "hw=secondary_other", "target": "cw=lane", "length_km": 0.0056593010172717347, "osm_id": 455137660, "osm_version": 5, "valid_from": "2025-10-20T15:36:10Z", "feature_id": "455137660_5" }, "geometry": { "type": "Point", "coordinates": [ 6.9372706, 51.54771335 ] } },
{ "type": "Feature", "properties": { "source": "hw=primary_other", "target": "cw=lane", "length_km": 0.10044783830559555, "osm_id": 458542232, "osm_version": 4, "valid_from": "2025-10-08T10:34:06Z", "feature_id": "458542232_4" }, "geometry": { "type": "Point", "coordinates": [ 6.647635478886539, 51.662743237335945 ] } },
{ "type": "Feature", "properties": { "source": "hw=path_other", "target": "hw=path_bicycle=designated", "length_km": 0.17184224773314313, "osm_id": 465977648, "osm_version": 4, "valid_from": "2025-10-15T10:39:22Z", "feature_id": "465977648_4" }, "geometry": { "type": "Point", "coordinates": [ 12.385136734870962, 51.206088201066905 ] } },
{ "type": "Feature", "properties": { "source": "hw=footway_bicycle=yes", "target": "hw=path_bicycle=designated", "length_km": 0.16451937186369722, "osm_id": 471836940, "osm_version": 2, "valid_from": "2025-11-03T16:18:58Z", "feature_id": "471836940_2" }, "geometry": { "type": "Point", "coordinates": [ 10.248068940933988, 49.277787152660693 ] } },
{ "type": "Feature", "properties": { "source": "hw=tertiary_other", "target": "cw=track", "length_km": 0.026571037721784482, "osm_id": 472825725, "osm_version": 5, "valid_from": "2025-09-07T16:30:27Z", "feature_id": "472825725_5" }, "geometry": { "type": "Point", "coordinates": [ 7.00882645, 52.0773036 ] } },
{ "type": "Feature", "properties": { "source": "hw=primary_other", "target": "cw=lane", "length_km": 0.15989380073840212, "osm_id": 476377579, "osm_version": 14, "valid_from": "2025-12-29T17:27:42Z", "feature_id": "476377579_14" }, "geometry": { "type": "Point", "coordinates": [ 7.076266209415429, 51.195368338316371 ] } },
{ "type": "Feature", "properties": { "source": "hw=secondary_other", "target": "cw=track", "length_km": 0.33879982779326423, "osm_id": 481241376, "osm_version": 10, "valid_from": "2026-01-04T14:45:03Z", "feature_id": "481241376_10" }, "geometry": { "type": "Point", "coordinates": [ 6.758286954143184, 51.573661731612795 ] } },
{ "type": "Feature", "properties": { "source": "hw=footway_other", "target": "hw=footway_bicycle=yes", "length_km": 0.0097561512627016497, "osm_id": 486747049, "osm_version": 2, "valid_from": "2025-11-24T08:23:40Z", "feature_id": "486747049_2" }, "geometry": { "type": "Point", "coordinates": [ 9.739628121433199, 51.664456504677986 ] } },
{ "type": "Feature", "properties": { "source": "hw=path_other", "target": "hw=path_bicycle=designated", "length_km": 0.025089513959120457, "osm_id": 486845219, "osm_version": 2, "valid_from": "2025-12-14T19:32:18Z", "feature_id": "486845219_2" }, "geometry": { "type": "Point", "coordinates": [ 10.698073313298446, 49.319632239281681 ] } },
{ "type": "Feature", "properties": { "source": "hw=track_other", "target": "hw=path_bicycle=designated", "length_km": 0.0092120691285438889, "osm_id": 490479415, "osm_version": 2, "valid_from": "2025-09-21T09:05:44Z", "feature_id": "490479415_2" }, "geometry": { "type": "Point", "coordinates": [ 7.7155684, 48.245411 ] } },
{ "type": "Feature", "properties": { "source": "hw=service_other", "target": "hw=path_bicycle=designated", "length_km": 0.066610556143959818, "osm_id": 492398309, "osm_version": 3, "valid_from": "2025-10-31T20:54:41Z", "feature_id": "492398309_3" }, "geometry": { "type": "Point", "coordinates": [ 10.3157702, 48.56620865 ] } },
{ "type": "Feature", "properties": { "source": "hw=track_other", "target": "hw=path_bicycle=designated", "length_km": 0.19540210038599418, "osm_id": 493760729, "osm_version": 5, "valid_from": "2025-09-10T17:15:39Z", "feature_id": "493760729_5" }, "geometry": { "type": "Point", "coordinates": [ 11.718112748420557, 51.688433696748426 ] } },
{ "type": "Feature", "properties": { "source": "hw=path_other", "target": "hw=path_bicycle=designated", "length_km": 0.10227896900316788, "osm_id": 495492265, "osm_version": 3, "valid_from": "2025-08-23T09:41:45Z", "feature_id": "495492265_3" }, "geometry": { "type": "Point", "coordinates": [ 10.576397485294635, 48.620972270272055 ] } },
{ "type": "Feature", "properties": { "source": "hw=cycleway", "target": "hw=path_bicycle=designated", "length_km": 0.020991500540785371, "osm_id": 496441404, "osm_version": 6, "valid_from": "2026-01-02T09:08:16Z", "feature_id": "496441404_6" }, "geometry": { "type": "Point", "coordinates": [ 7.060535231704494, 51.299428826211006 ] } },
{ "type": "Feature", "properties": { "source": "hw=unclassified_other", "target": "cw=track", "length_km": 0.033598004533127633, "osm_id": 497461963, "osm_version": 13, "valid_from": "2025-08-19T15:16:32Z", "feature_id": "497461963_13" }, "geometry": { "type": "Point", "coordinates": [ 9.55343953968694, 52.848093996869402 ] } },
{ "type": "Feature", "properties": { "source": "hw=path_other", "target": "hw=path_bicycle=designated", "length_km": 0.10911712594446688, "osm_id": 500378800, "osm_version": 6, "valid_from": "2025-09-10T17:24:17Z", "feature_id": "500378800_6" }, "geometry": { "type": "Point", "coordinates": [ 11.743252131612547, 51.670363344333005 ] } },
{ "type": "Feature", "properties": { "source": "hw=path_other", "target": "hw=path_bicycle=designated", "length_km": 0.013799897448657781, "osm_id": 500378801, "osm_version": 3, "valid_from": "2025-09-10T17:24:17Z", "feature_id": "500378801_3" }, "geometry": { "type": "Point", "coordinates": [ 11.7429968, 51.67089555 ] } },
{ "type": "Feature", "properties": { "source": "hw=secondary_other", "target": "cw=track", "length_km": 0.015564157340902357, "osm_id": 506010748, "osm_version": 3, "valid_from": "2025-10-23T12:04:46Z", "feature_id": "506010748_3" }, "geometry": { "type": "Point", "coordinates": [ 6.863146, 51.8488334 ] } },
{ "type": "Feature", "properties": { "source": "hw=secondary_other", "target": "cw=track", "length_km": 0.014495408373873824, "osm_id": 506010749, "osm_version": 6, "valid_from": "2025-10-23T12:04:46Z", "feature_id": "506010749_6" }, "geometry": { "type": "Point", "coordinates": [ 6.86314385, 51.8486984 ] } },
{ "type": "Feature", "properties": { "source": "hw=footway_other", "target": "hw=footway_bicycle=yes", "length_km": 0.15767570540555112, "osm_id": 506770444, "osm_version": 5, "valid_from": "2025-08-17T09:15:12Z", "feature_id": "506770444_5" }, "geometry": { "type": "Point", "coordinates": [ 12.138580257197328, 51.252518817217904 ] } },
{ "type": "Feature", "properties": { "source": "cw=track", "target": "cw=lane", "length_km": 0.019553504414092884, "osm_id": 508074440, "osm_version": 10, "valid_from": "2025-09-07T16:49:20Z", "feature_id": "508074440_10" }, "geometry": { "type": "Point", "coordinates": [ 6.550348433209188, 51.335177490580762 ] } },
{ "type": "Feature", "properties": { "source": "hw=secondary_other", "target": "cw=lane", "length_km": 0.3523067306970839, "osm_id": 511844455, "osm_version": 6, "valid_from": "2025-11-05T19:38:23Z", "feature_id": "511844455_6" }, "geometry": { "type": "Point", "coordinates": [ 7.097870046991538, 51.979594664312415 ] } },
{ "type": "Feature", "properties": { "source": "hw=path_other", "target": "hw=path_bicycle=designated", "length_km": 0.93977787200533935, "osm_id": 513156505, "osm_version": 4, "valid_from": "2025-09-10T17:15:39Z", "feature_id": "513156505_4" }, "geometry": { "type": "Point", "coordinates": [ 11.711318489236593, 51.690977159426559 ] } },
{ "type": "Feature", "properties": { "source": "hw=path_other", "target": "hw=path_bicycle=designated", "length_km": 0.032611595745155347, "osm_id": 516575850, "osm_version": 3, "valid_from": "2025-08-22T06:19:02Z", "feature_id": "516575850_3" }, "geometry": { "type": "Point", "coordinates": [ 7.07249830135174, 51.536409195986558 ] } },
{ "type": "Feature", "properties": { "source": "hw=primary_other", "target": "cw=track", "length_km": 0.091480468338201948, "osm_id": 525873148, "osm_version": 5, "valid_from": "2025-09-22T13:04:46Z", "feature_id": "525873148_5" }, "geometry": { "type": "Point", "coordinates": [ 10.378609359520039, 53.811722356500034 ] } },
{ "type": "Feature", "properties": { "source": "hw=unclassified_other", "target": "cw=track", "length_km": 0.048939993310216069, "osm_id": 525888283, "osm_version": 6, "valid_from": "2025-09-21T11:40:27Z", "feature_id": "525888283_6" }, "geometry": { "type": "Point", "coordinates": [ 6.62249355985086, 51.655260000969221 ] } },
{ "type": "Feature", "properties": { "source": "hw=secondary_link_other", "target": "cw=lane", "length_km": 0.035073943801332337, "osm_id": 525895569, "osm_version": 5, "valid_from": "2025-09-21T11:40:27Z", "feature_id": "525895569_5" }, "geometry": { "type": "Point", "coordinates": [ 6.62495955, 51.6591021 ] } },
{ "type": "Feature", "properties": { "source": "hw=residential_other", "target": "cw=track", "length_km": 0.035952866898177185, "osm_id": 526854054, "osm_version": 7, "valid_from": "2025-10-08T10:34:06Z", "feature_id": "526854054_7" }, "geometry": { "type": "Point", "coordinates": [ 6.640600846359221, 51.659553045615709 ] } },
{ "type": "Feature", "properties": { "source": "hw=primary_other", "target": "cw=track", "length_km": 0.092810668155998713, "osm_id": 526855253, "osm_version": 8, "valid_from": "2025-10-08T10:34:06Z", "feature_id": "526855253_8" }, "geometry": { "type": "Point", "coordinates": [ 6.643673299624147, 51.659855602331142 ] } },
{ "type": "Feature", "properties": { "source": "hw=primary_other", "target": "cw=track", "length_km": 0.17264386684369676, "osm_id": 526855254, "osm_version": 8, "valid_from": "2025-10-08T10:34:06Z", "feature_id": "526855254_8" }, "geometry": { "type": "Point", "coordinates": [ 6.645575880778646, 51.660001482339553 ] } },
{ "type": "Feature", "properties": { "source": "hw=cycleway", "target": "hw=path_bicycle=designated", "length_km": 0.20868512836702954, "osm_id": 527031619, "osm_version": 3, "valid_from": "2025-10-23T19:37:39Z", "feature_id": "527031619_3" }, "geometry": { "type": "Point", "coordinates": [ 7.073266175329812, 51.565668021877542 ] } },
{ "type": "Feature", "properties": { "source": "hw=secondary_other", "target": "cw=track", "length_km": 0.11478652743774964, "osm_id": 527070577, "osm_version": 2, "valid_from": "2025-09-07T16:30:27Z", "feature_id": "527070577_2" }, "geometry": { "type": "Point", "coordinates": [ 7.015475750990719, 52.082941926604363 ] } },
{ "type": "Feature", "properties": { "source": "hw=tertiary_other", "target": "cw=track", "length_km": 0.036962883181066546, "osm_id": 527070578, "osm_version": 2, "valid_from": "2025-09-07T16:30:27Z", "feature_id": "527070578_2" }, "geometry": { "type": "Point", "coordinates": [ 7.013766721069002, 52.081554475089625 ] } },
{ "type": "Feature", "properties": { "source": "hw=tertiary_other", "target": "cw=track", "length_km": 0.32514081263740319, "osm_id": 527070579, "osm_version": 2, "valid_from": "2025-09-07T16:30:27Z", "feature_id": "527070579_2" }, "geometry": { "type": "Point", "coordinates": [ 7.012200584743073, 52.080244608985971 ] } },
{ "type": "Feature", "properties": { "source": "hw=tertiary_other", "target": "cw=track", "length_km": 0.064109859210035522, "osm_id": 527070580, "osm_version": 2, "valid_from": "2025-09-07T16:30:27Z", "feature_id": "527070580_2" }, "geometry": { "type": "Point", "coordinates": [ 7.0092542, 52.077709 ] } },
{ "type": "Feature", "properties": { "source": "hw=tertiary_other", "target": "cw=track", "length_km": 0.045417006113453111, "osm_id": 527070582, "osm_version": 4, "valid_from": "2025-09-07T16:30:27Z", "feature_id": "527070582_4" }, "geometry": { "type": "Point", "coordinates": [ 7.005391917124348, 52.076235155270865 ] } },
{ "type": "Feature", "properties": { "source": "hw=track_other", "target": "hw=path_bicycle=designated", "length_km": 0.579792615027799, "osm_id": 527357836, "osm_version": 2, "valid_from": "2025-12-08T20:33:07Z", "feature_id": "527357836_2" }, "geometry": { "type": "Point", "coordinates": [ 13.398147298895051, 54.064215391508746 ] } },
{ "type": "Feature", "properties": { "source": "hw=path_other", "target": "hw=path_bicycle=designated", "length_km": 0.1231547035563982, "osm_id": 527478873, "osm_version": 3, "valid_from": "2025-12-08T20:27:25Z", "feature_id": "527478873_3" }, "geometry": { "type": "Point", "coordinates": [ 12.57156864501636, 54.409623579743126 ] } },
{ "type": "Feature", "properties": { "source": "hw=path_other", "target": "hw=path_bicycle=designated", "length_km": 0.030474547379854125, "osm_id": 527478874, "osm_version": 2, "valid_from": "2025-12-08T20:27:25Z", "feature_id": "527478874_2" }, "geometry": { "type": "Point", "coordinates": [ 12.571258951612791, 54.408965157576411 ] } },
{ "type": "Feature", "properties": { "source": "hw=secondary_other", "target": "cw=track", "length_km": 0.047737640856595473, "osm_id": 530609124, "osm_version": 5, "valid_from": "2025-10-23T12:04:46Z", "feature_id": "530609124_5" }, "geometry": { "type": "Point", "coordinates": [ 6.86314065, 51.8484189 ] } },
{ "type": "Feature", "properties": { "source": "hw=secondary_other", "target": "cw=track", "length_km": 0.056232184854428942, "osm_id": 531203215, "osm_version": 6, "valid_from": "2025-10-25T08:29:00Z", "feature_id": "531203215_6" }, "geometry": { "type": "Point", "coordinates": [ 12.487194288129883, 51.121210344749841 ] } },
{ "type": "Feature", "properties": { "source": "hw=path_other", "target": "hw=path_bicycle=designated", "length_km": 0.37786020824240729, "osm_id": 531702183, "osm_version": 8, "valid_from": "2025-09-27T12:15:53Z", "feature_id": "531702183_8" }, "geometry": { "type": "Point", "coordinates": [ 7.569717173413531, 51.351618443119079 ] } },
{ "type": "Feature", "properties": { "source": "hw=footway_bicycle=yes", "target": "hw=path_bicycle=designated", "length_km": 0.9930431793145692, "osm_id": 534095998, "osm_version": 5, "valid_from": "2025-08-17T15:30:02Z", "feature_id": "534095998_5" }, "geometry": { "type": "Point", "coordinates": [ 10.466179554009098, 52.661965715306593 ] } },
{ "type": "Feature", "properties": { "source": "hw=path_other", "target": "hw=path_bicycle=designated", "length_km": 0.08891084302439517, "osm_id": 541429206, "osm_version": 3, "valid_from": "2025-12-31T11:15:27Z", "feature_id": "541429206_3" }, "geometry": { "type": "Point", "coordinates": [ 6.526476261202881, 49.978602344268609 ] } },
{ "type": "Feature", "properties": { "source": "hw=secondary_other", "target": "cw=track", "length_km": 0.051770301045747938, "osm_id": 548505786, "osm_version": 4, "valid_from": "2025-10-28T19:29:11Z", "feature_id": "548505786_4" }, "geometry": { "type": "Point", "coordinates": [ 8.812777905910032, 51.955031561762688 ] } },
{ "type": "Feature", "properties": { "source": "hw=tertiary_other", "target": "cw=track", "length_km": 0.0084829531148093214, "osm_id": 548579504, "osm_version": 2, "valid_from": "2025-09-07T16:30:27Z", "feature_id": "548579504_2" }, "geometry": { "type": "Point", "coordinates": [ 7.00896665, 52.07743525 ] } },
{ "type": "Feature", "properties": { "source": "hw=path_other", "target": "hw=path_bicycle=designated", "length_km": 0.17125315119931833, "osm_id": 548713006, "osm_version": 3, "valid_from": "2025-12-16T17:02:08Z", "feature_id": "548713006_3" }, "geometry": { "type": "Point", "coordinates": [ 10.419201304076781, 49.29847180448575 ] } },
{ "type": "Feature", "properties": { "source": "hw=unclassified_other", "target": "cw=lane", "length_km": 0.28149619484560084, "osm_id": 549831234, "osm_version": 4, "valid_from": "2025-10-11T10:33:16Z", "feature_id": "549831234_4" }, "geometry": { "type": "Point", "coordinates": [ 8.58826830105267, 51.672976165717031 ] } },
{ "type": "Feature", "properties": { "source": "hw=path_other", "target": "hw=path_bicycle=designated", "length_km": 0.35660524122845333, "osm_id": 549831272, "osm_version": 3, "valid_from": "2025-10-11T10:33:16Z", "feature_id": "549831272_3" }, "geometry": { "type": "Point", "coordinates": [ 8.587734700175201, 51.671194301071417 ] } },
{ "type": "Feature", "properties": { "source": "hw=footway_other", "target": "hw=path_bicycle=designated", "length_km": 0.0043655436255262371, "osm_id": 551163697, "osm_version": 5, "valid_from": "2025-08-22T07:01:43Z", "feature_id": "551163697_5" }, "geometry": { "type": "Point", "coordinates": [ 7.0938319, 51.5518588 ] } },
{ "type": "Feature", "properties": { "source": "hw=service_other", "target": "hw=path_bicycle=designated", "length_km": 0.46779163584218236, "osm_id": 557131505, "osm_version": 3, "valid_from": "2025-11-18T16:42:25Z", "feature_id": "557131505_3" }, "geometry": { "type": "Point", "coordinates": [ 13.115319216107698, 48.698317415081149 ] } },
{ "type": "Feature", "properties": { "source": "hw=track_other", "target": "hw=path_bicycle=designated", "length_km": 0.2850275878428139, "osm_id": 564117881, "osm_version": 3, "valid_from": "2025-11-09T09:03:46Z", "feature_id": "564117881_3" }, "geometry": { "type": "Point", "coordinates": [ 10.557457108763856, 49.356112889409687 ] } },
{ "type": "Feature", "properties": { "source": "hw=track_other", "target": "hw=path_bicycle=designated", "length_km": 0.36812136869903267, "osm_id": 564118021, "osm_version": 3, "valid_from": "2025-11-09T09:03:46Z", "feature_id": "564118021_3" }, "geometry": { "type": "Point", "coordinates": [ 10.556053822019964, 49.358892993590239 ] } },
{ "type": "Feature", "properties": { "source": "hw=residential_other", "target": "cw=lane", "length_km": 0.046806694373494877, "osm_id": 566415298, "osm_version": 3, "valid_from": "2025-09-21T11:40:27Z", "feature_id": "566415298_3" }, "geometry": { "type": "Point", "coordinates": [ 6.623495316948969, 51.649767943052211 ] } },
{ "type": "Feature", "properties": { "source": "hw=footway_bicycle=yes", "target": "hw=path_bicycle=designated", "length_km": 0.066621266711912527, "osm_id": 568316215, "osm_version": 2, "valid_from": "2025-09-21T06:32:43Z", "feature_id": "568316215_2" }, "geometry": { "type": "Point", "coordinates": [ 7.025789348417729, 51.541418044523439 ] } },
{ "type": "Feature", "properties": { "source": "hw=footway_bicycle=yes", "target": "hw=path_bicycle=designated", "length_km": 0.038913678511639703, "osm_id": 568316216, "osm_version": 2, "valid_from": "2025-09-21T06:32:43Z", "feature_id": "568316216_2" }, "geometry": { "type": "Point", "coordinates": [ 7.02568085, 51.5418879 ] } },
{ "type": "Feature", "properties": { "source": "hw=footway_bicycle=yes", "target": "hw=path_bicycle=designated", "length_km": 0.10618582751155724, "osm_id": 568316217, "osm_version": 2, "valid_from": "2025-09-21T06:32:43Z", "feature_id": "568316217_2" }, "geometry": { "type": "Point", "coordinates": [ 7.024275732950948, 51.543263005835904 ] } },
{ "type": "Feature", "properties": { "source": "hw=footway_bicycle=yes", "target": "hw=path_bicycle=designated", "length_km": 0.2230607491168525, "osm_id": 568316219, "osm_version": 3, "valid_from": "2025-09-21T06:32:43Z", "feature_id": "568316219_3" }, "geometry": { "type": "Point", "coordinates": [ 7.027381950559469, 51.543565463635765 ] } },
{ "type": "Feature", "properties": { "source": "hw=footway_other", "target": "hw=footway_bicycle=yes", "length_km": 0.088226088332308827, "osm_id": 568316223, "osm_version": 2, "valid_from": "2025-09-21T06:32:43Z", "feature_id": "568316223_2" }, "geometry": { "type": "Point", "coordinates": [ 7.024555839886932, 51.543485934492367 ] } },
{ "type": "Feature", "properties": { "source": "hw=footway_other", "target": "hw=footway_bicycle=yes", "length_km": 0.2680387906564286, "osm_id": 574131521, "osm_version": 2, "valid_from": "2025-09-06T14:18:45Z", "feature_id": "574131521_2" }, "geometry": { "type": "Point", "coordinates": [ 12.104464067456975, 50.004986927048229 ] } },
{ "type": "Feature", "properties": { "source": "hw=footway_other", "target": "hw=path_bicycle=designated", "length_km": 0.26302475447499485, "osm_id": 574185404, "osm_version": 3, "valid_from": "2025-08-22T07:01:43Z", "feature_id": "574185404_3" }, "geometry": { "type": "Point", "coordinates": [ 7.09161843579979, 51.552302932967855 ] } },
{ "type": "Feature", "properties": { "source": "hw=footway_other", "target": "hw=path_bicycle=designated", "length_km": 0.02882107778728861, "osm_id": 574185405, "osm_version": 2, "valid_from": "2025-08-22T07:01:43Z", "feature_id": "574185405_2" }, "geometry": { "type": "Point", "coordinates": [ 7.09363041198045, 51.551930836045877 ] } },
{ "type": "Feature", "properties": { "source": "hw=footway_other", "target": "hw=path_bicycle=designated", "length_km": 0.31619699990660771, "osm_id": 574734745, "osm_version": 3, "valid_from": "2025-08-22T20:20:12Z", "feature_id": "574734745_3" }, "geometry": { "type": "Point", "coordinates": [ 7.052727371832552, 51.586014771658483 ] } },
{ "type": "Feature", "properties": { "source": "hw=path_other", "target": "hw=path_bicycle=designated", "length_km": 0.42201638470941405, "osm_id": 575063635, "osm_version": 3, "valid_from": "2025-10-19T09:03:04Z", "feature_id": "575063635_3" }, "geometry": { "type": "Point", "coordinates": [ 11.994530250823804, 50.573827110865082 ] } },
{ "type": "Feature", "properties": { "source": "hw=residential_other", "target": "cw=track", "length_km": 0.0053071692841782604, "osm_id": 576279385, "osm_version": 5, "valid_from": "2025-11-21T18:30:58Z", "feature_id": "576279385_5" }, "geometry": { "type": "Point", "coordinates": [ 7.4525352, 52.28671055 ] } },
{ "type": "Feature", "properties": { "source": "hw=primary_other", "target": "cw=track", "length_km": 0.0074511455472671068, "osm_id": 576697598, "osm_version": 6, "valid_from": "2025-10-28T19:14:39Z", "feature_id": "576697598_6" }, "geometry": { "type": "Point", "coordinates": [ 8.601161279997271, 51.671327782555032 ] } },
{ "type": "Feature", "properties": { "source": "hw=primary_other", "target": "cw=track", "length_km": 0.0077184746492367584, "osm_id": 576697599, "osm_version": 6, "valid_from": "2025-10-28T19:14:39Z", "feature_id": "576697599_6" }, "geometry": { "type": "Point", "coordinates": [ 8.601059488952638, 51.671312125502929 ] } },
{ "type": "Feature", "properties": { "source": "hw=primary_other", "target": "cw=track", "length_km": 0.010742249175079845, "osm_id": 576697601, "osm_version": 6, "valid_from": "2025-10-28T19:14:39Z", "feature_id": "576697601_6" }, "geometry": { "type": "Point", "coordinates": [ 8.600932572008878, 51.67146640276944 ] } },
{ "type": "Feature", "properties": { "source": "hw=primary_other", "target": "cw=track", "length_km": 0.0073704038789144145, "osm_id": 576697602, "osm_version": 6, "valid_from": "2025-10-28T19:14:39Z", "feature_id": "576697602_6" }, "geometry": { "type": "Point", "coordinates": [ 8.601181295853394, 51.671491820406793 ] } },
{ "type": "Feature", "properties": { "source": "hw=tertiary_other", "target": "cw=lane", "length_km": 0.30632583121647422, "osm_id": 576844102, "osm_version": 6, "valid_from": "2025-11-21T18:16:52Z", "feature_id": "576844102_6" }, "geometry": { "type": "Point", "coordinates": [ 7.115463256676083, 51.583607094549912 ] } },
{ "type": "Feature", "properties": { "source": "hw=path_other", "target": "hw=cycleway", "length_km": 0.04089093082208986, "osm_id": 577950518, "osm_version": 2, "valid_from": "2025-10-08T10:34:06Z", "feature_id": "577950518_2" }, "geometry": { "type": "Point", "coordinates": [ 6.635723980816184, 51.670134942665861 ] } },
{ "type": "Feature", "properties": { "source": "hw=path_other", "target": "hw=footway_bicycle=yes", "length_km": 0.29508548182141625, "osm_id": 577950520, "osm_version": 4, "valid_from": "2025-10-23T18:34:05Z", "feature_id": "577950520_4" }, "geometry": { "type": "Point", "coordinates": [ 6.641579113607274, 51.673591917402675 ] } },
{ "type": "Feature", "properties": { "source": "hw=track_other", "target": "hw=track_bicycle=designated", "length_km": 0.21287496869094114, "osm_id": 578060035, "osm_version": 3, "valid_from": "2025-11-23T11:16:35Z", "feature_id": "578060035_3" }, "geometry": { "type": "Point", "coordinates": [ 9.550623572029895, 50.012269693493145 ] } },
{ "type": "Feature", "properties": { "source": "hw=residential_other", "target": "cw=lane", "length_km": 0.023907699044271286, "osm_id": 578848809, "osm_version": 5, "valid_from": "2025-09-21T11:40:27Z", "feature_id": "578848809_5" }, "geometry": { "type": "Point", "coordinates": [ 6.624697528863086, 51.658901808033917 ] } },
{ "type": "Feature", "properties": { "source": "hw=unclassified_other", "target": "cw=track", "length_km": 0.070032116742977199, "osm_id": 578867516, "osm_version": 5, "valid_from": "2025-09-21T11:40:27Z", "feature_id": "578867516_5" }, "geometry": { "type": "Point", "coordinates": [ 6.622580309330723, 51.655362161521246 ] } },
{ "type": "Feature", "properties": { "source": "hw=residential_other", "target": "cw=lane", "length_km": 0.038295464674494642, "osm_id": 580241089, "osm_version": 7, "valid_from": "2025-09-25T07:52:02Z", "feature_id": "580241089_7" }, "geometry": { "type": "Point", "coordinates": [ 8.6147194, 50.22094695 ] } },
{ "type": "Feature", "properties": { "source": "hw=footway_other", "target": "hw=path_bicycle=designated", "length_km": 0.10295336290097581, "osm_id": 580636591, "osm_version": 4, "valid_from": "2025-11-15T20:01:45Z", "feature_id": "580636591_4" }, "geometry": { "type": "Point", "coordinates": [ 7.087744611160409, 51.515862940231074 ] } },
{ "type": "Feature", "properties": { "source": "hw=footway_other", "target": "hw=path_bicycle=designated", "length_km": 0.084670713360793209, "osm_id": 583487011, "osm_version": 3, "valid_from": "2025-10-15T16:25:42Z", "feature_id": "583487011_3" }, "geometry": { "type": "Point", "coordinates": [ 12.403057344811018, 50.530980670843611 ] } },
{ "type": "Feature", "properties": { "source": "hw=track_other", "target": "hw=path_bicycle=designated", "length_km": 0.010556867289806308, "osm_id": 583839865, "osm_version": 3, "valid_from": "2025-11-16T13:01:27Z", "feature_id": "583839865_3" }, "geometry": { "type": "Point", "coordinates": [ 8.55361785, 47.8483874 ] } },
{ "type": "Feature", "properties": { "source": "hw=track_other", "target": "hw=path_bicycle=designated", "length_km": 0.087884216600515527, "osm_id": 583839867, "osm_version": 5, "valid_from": "2025-11-16T13:01:27Z", "feature_id": "583839867_5" }, "geometry": { "type": "Point", "coordinates": [ 8.553609372072104, 47.848828079095725 ] } },
{ "type": "Feature", "properties": { "source": "hw=track_other", "target": "hw=path_bicycle=designated", "length_km": 0.16024232148955955, "osm_id": 584110939, "osm_version": 4, "valid_from": "2025-11-20T17:44:47Z", "feature_id": "584110939_4" }, "geometry": { "type": "Point", "coordinates": [ 9.218327422417717, 49.63778387817181 ] } },
{ "type": "Feature", "properties": { "source": "hw=secondary_other", "target": "cw=lane", "length_km": 0.10456690210078184, "osm_id": 584372318, "osm_version": 8, "valid_from": "2025-11-18T15:12:31Z", "feature_id": "584372318_8" }, "geometry": { "type": "Point", "coordinates": [ 12.177564084997671, 48.78657938042916 ] } },
{ "type": "Feature", "properties": { "source": "hw=path_other", "target": "hw=path_bicycle=designated", "length_km": 0.0302148887629748, "osm_id": 584464460, "osm_version": 8, "valid_from": "2026-01-02T07:19:03Z", "feature_id": "584464460_8" }, "geometry": { "type": "Point", "coordinates": [ 9.8286314, 47.6777653 ] } },
{ "type": "Feature", "properties": { "source": "hw=footway_bicycle=yes", "target": "hw=path_bicycle=designated", "length_km": 0.14091770145766946, "osm_id": 584747388, "osm_version": 3, "valid_from": "2025-10-20T15:25:52Z", "feature_id": "584747388_3" }, "geometry": { "type": "Point", "coordinates": [ 6.925011574366087, 51.529332094224266 ] } },
{ "type": "Feature", "properties": { "source": "hw=footway_other", "target": "hw=path_bicycle=designated", "length_km": 0.11843828695724587, "osm_id": 585156832, "osm_version": 3, "valid_from": "2025-10-15T16:25:42Z", "feature_id": "585156832_3" }, "geometry": { "type": "Point", "coordinates": [ 12.403842209746687, 50.532088064463998 ] } },
{ "type": "Feature", "properties": { "source": "hw=path_other", "target": "hw=path_bicycle=designated", "length_km": 0.016240946452879206, "osm_id": 588797026, "osm_version": 5, "valid_from": "2026-01-02T09:08:16Z", "feature_id": "588797026_5" }, "geometry": { "type": "Point", "coordinates": [ 7.06309477997982, 51.299624590471907 ] } },
{ "type": "Feature", "properties": { "source": "hw=path_other", "target": "hw=cycleway", "length_km": 0.012438019241724522, "osm_id": 589269366, "osm_version": 3, "valid_from": "2025-11-24T11:15:12Z", "feature_id": "589269366_3" }, "geometry": { "type": "Point", "coordinates": [ 10.441401159429603, 51.160108519015871 ] } },
{ "type": "Feature", "properties": { "source": "hw=path_other", "target": "hw=cycleway", "length_km": 0.16546562122298059, "osm_id": 589269369, "osm_version": 3, "valid_from": "2025-11-24T11:15:12Z", "feature_id": "589269369_3" }, "geometry": { "type": "Point", "coordinates": [ 10.442398495573217, 51.160592018399981 ] } },
{ "type": "Feature", "properties": { "source": "hw=path_other", "target": "hw=path_bicycle=designated", "length_km": 0.0070473293684306833, "osm_id": 589323978, "osm_version": 3, "valid_from": "2026-01-02T09:08:16Z", "feature_id": "589323978_3" }, "geometry": { "type": "Point", "coordinates": [ 7.0627696, 51.29993105 ] } },
{ "type": "Feature", "properties": { "source": "hw=footway_other", "target": "hw=path_bicycle=designated", "length_km": 0.17269957079135687, "osm_id": 601240436, "osm_version": 4, "valid_from": "2025-09-06T10:03:16Z", "feature_id": "601240436_4" }, "geometry": { "type": "Point", "coordinates": [ 11.99276679458581, 51.355657695939264 ] } },
{ "type": "Feature", "properties": { "source": "hw=track_other", "target": "hw=track_bicycle=designated", "length_km": 0.57586002680702364, "osm_id": 611985421, "osm_version": 2, "valid_from": "2025-11-02T08:45:09Z", "feature_id": "611985421_2" }, "geometry": { "type": "Point", "coordinates": [ 10.298031700370128, 49.076461521015055 ] } },
{ "type": "Feature", "properties": { "source": "hw=secondary_other", "target": "cw=track", "length_km": 0.16857116028987421, "osm_id": 612777782, "osm_version": 5, "valid_from": "2025-08-23T05:16:28Z", "feature_id": "612777782_5" }, "geometry": { "type": "Point", "coordinates": [ 7.049391762476709, 51.603245209307815 ] } },
{ "type": "Feature", "properties": { "source": "hw=tertiary_other", "target": "cw=track", "length_km": 0.08930824838214757, "osm_id": 612777789, "osm_version": 3, "valid_from": "2025-08-22T14:32:00Z", "feature_id": "612777789_3" }, "geometry": { "type": "Point", "coordinates": [ 7.0161857802531, 51.598299077574367 ] } },
{ "type": "Feature", "properties": { "source": "hw=secondary_other", "target": "cw=lane", "length_km": 0.018273344045012851, "osm_id": 613338067, "osm_version": 4, "valid_from": "2025-08-22T20:20:12Z", "feature_id": "613338067_4" }, "geometry": { "type": "Point", "coordinates": [ 7.056648495700046, 51.577805584199766 ] } },
{ "type": "Feature", "properties": { "source": "hw=footway_other", "target": "hw=path_bicycle=designated", "length_km": 0.77062679011859025, "osm_id": 614841178, "osm_version": 4, "valid_from": "2025-10-31T14:45:59Z", "feature_id": "614841178_4" }, "geometry": { "type": "Point", "coordinates": [ 14.616075303433483, 51.719217140075955 ] } },
{ "type": "Feature", "properties": { "source": "hw=footway_other", "target": "hw=path_bicycle=designated", "length_km": 0.09068222393264129, "osm_id": 615201966, "osm_version": 5, "valid_from": "2025-12-30T20:58:30Z", "feature_id": "615201966_5" }, "geometry": { "type": "Point", "coordinates": [ 6.694049819262446, 50.885248693447998 ] } },
{ "type": "Feature", "properties": { "source": "hw=path_other", "target": "hw=path_bicycle=designated", "length_km": 0.017747260393309486, "osm_id": 618628308, "osm_version": 2, "valid_from": "2025-10-18T17:39:04Z", "feature_id": "618628308_2" }, "geometry": { "type": "Point", "coordinates": [ 6.683732711166132, 50.900378252633992 ] } },
{ "type": "Feature", "properties": { "source": "hw=secondary_other", "target": "cw=track", "length_km": 0.052889435134742674, "osm_id": 623053596, "osm_version": 4, "valid_from": "2025-08-22T15:38:55Z", "feature_id": "623053596_4" }, "geometry": { "type": "Point", "coordinates": [ 7.06696195, 51.58092615 ] } },
{ "type": "Feature", "properties": { "source": "hw=secondary_other", "target": "cw=track", "length_km": 0.059013648924756246, "osm_id": 623053597, "osm_version": 4, "valid_from": "2025-08-22T15:38:55Z", "feature_id": "623053597_4" }, "geometry": { "type": "Point", "coordinates": [ 7.067166027906622, 51.580441214654307 ] } },
{ "type": "Feature", "properties": { "source": "hw=secondary_other", "target": "cw=track", "length_km": 0.06005195063709453, "osm_id": 623053598, "osm_version": 3, "valid_from": "2025-08-22T15:38:55Z", "feature_id": "623053598_3" }, "geometry": { "type": "Point", "coordinates": [ 7.065991730956001, 51.583031936161817 ] } },
{ "type": "Feature", "properties": { "source": "hw=secondary_other", "target": "cw=track", "length_km": 0.081680708183390141, "osm_id": 623084576, "osm_version": 2, "valid_from": "2025-08-22T14:11:22Z", "feature_id": "623084576_2" }, "geometry": { "type": "Point", "coordinates": [ 7.043779796666425, 51.583673801948798 ] } },
{ "type": "Feature", "properties": { "source": "hw=primary_other", "target": "cw=track", "length_km": 0.084082329488695096, "osm_id": 623084577, "osm_version": 4, "valid_from": "2025-08-22T20:20:12Z", "feature_id": "623084577_4" }, "geometry": { "type": "Point", "coordinates": [ 7.044817431422051, 51.583591906608731 ] } },
{ "type": "Feature", "properties": { "source": "hw=primary_other", "target": "cw=track", "length_km": 0.076015855001069541, "osm_id": 623084578, "osm_version": 3, "valid_from": "2025-08-22T20:20:12Z", "feature_id": "623084578_3" }, "geometry": { "type": "Point", "coordinates": [ 7.0463873, 51.5842377 ] } },
{ "type": "Feature", "properties": { "source": "hw=primary_other", "target": "cw=track", "length_km": 0.085356030503607627, "osm_id": 623084579, "osm_version": 3, "valid_from": "2025-08-22T20:20:12Z", "feature_id": "623084579_3" }, "geometry": { "type": "Point", "coordinates": [ 7.047250220197047, 51.584725825943593 ] } },
{ "type": "Feature", "properties": { "source": "hw=primary_other", "target": "cw=track", "length_km": 0.082898652268778544, "osm_id": 623084581, "osm_version": 3, "valid_from": "2025-08-22T20:20:12Z", "feature_id": "623084581_3" }, "geometry": { "type": "Point", "coordinates": [ 7.048251856091074, 51.585155367430737 ] } },
{ "type": "Feature", "properties": { "source": "hw=secondary_other", "target": "cw=track", "length_km": 0.090880028768043034, "osm_id": 623084585, "osm_version": 2, "valid_from": "2025-08-22T15:22:14Z", "feature_id": "623084585_2" }, "geometry": { "type": "Point", "coordinates": [ 7.050246128535828, 51.586279674295376 ] } },
{ "type": "Feature", "properties": { "source": "hw=secondary_other", "target": "cw=track", "length_km": 0.068743806388540926, "osm_id": 623084586, "osm_version": 2, "valid_from": "2025-08-22T15:22:14Z", "feature_id": "623084586_2" }, "geometry": { "type": "Point", "coordinates": [ 7.050026542752519, 51.58613584891885 ] } },
{ "type": "Feature", "properties": { "source": "hw=primary_other", "target": "cw=track", "length_km": 0.012014250017325562, "osm_id": 623084587, "osm_version": 3, "valid_from": "2025-08-22T20:20:12Z", "feature_id": "623084587_3" }, "geometry": { "type": "Point", "coordinates": [ 7.048867, 51.58532915 ] } },
{ "type": "Feature", "properties": { "source": "hw=primary_other", "target": "cw=track", "length_km": 0.039675853114596163, "osm_id": 623084607, "osm_version": 3, "valid_from": "2025-08-22T15:38:55Z", "feature_id": "623084607_3" }, "geometry": { "type": "Point", "coordinates": [ 7.06543685, 51.5837944 ] } },
{ "type": "Feature", "properties": { "source": "hw=primary_other", "target": "cw=track", "length_km": 0.2513466378190547, "osm_id": 623084609, "osm_version": 2, "valid_from": "2025-08-22T15:38:55Z", "feature_id": "623084609_2" }, "geometry": { "type": "Point", "coordinates": [ 7.06448546951955, 51.584961128843744 ] } },
{ "type": "Feature", "properties": { "source": "hw=primary_other", "target": "cw=track", "length_km": 0.077829373975797353, "osm_id": 623084611, "osm_version": 3, "valid_from": "2025-08-22T15:38:55Z", "feature_id": "623084611_3" }, "geometry": { "type": "Point", "coordinates": [ 7.065437245816098, 51.583560641467429 ] } },
{ "type": "Feature", "properties": { "source": "hw=primary_other", "target": "cw=lane", "length_km": 0.037794267898821614, "osm_id": 624388838, "osm_version": 6, "valid_from": "2025-09-20T09:16:47Z", "feature_id": "624388838_6" }, "geometry": { "type": "Point", "coordinates": [ 7.111907534341608, 51.51107524040313 ] } },
{ "type": "Feature", "properties": { "source": "hw=primary_other", "target": "cw=lane", "length_km": 0.17069409880256792, "osm_id": 624388843, "osm_version": 7, "valid_from": "2025-09-20T09:16:47Z", "feature_id": "624388843_7" }, "geometry": { "type": "Point", "coordinates": [ 7.112381063305292, 51.510191577826546 ] } },
{ "type": "Feature", "properties": { "source": "hw=path_other", "target": "hw=path_bicycle=designated", "length_km": 2.4462467337282265, "osm_id": 625888445, "osm_version": 3, "valid_from": "2025-09-07T09:59:34Z", "feature_id": "625888445_3" }, "geometry": { "type": "Point", "coordinates": [ 11.703786826784407, 51.737978273132839 ] } },
{ "type": "Feature", "properties": { "source": "hw=path_other", "target": "hw=path_bicycle=designated", "length_km": 0.012779807272267836, "osm_id": 627407301, "osm_version": 4, "valid_from": "2025-12-16T17:02:08Z", "feature_id": "627407301_4" }, "geometry": { "type": "Point", "coordinates": [ 10.4211639, 49.29834595 ] } },
{ "type": "Feature", "properties": { "source": "hw=path_other", "target": "hw=path_bicycle=designated", "length_km": 0.066770080056803585, "osm_id": 629187601, "osm_version": 2, "valid_from": "2025-09-19T18:46:37Z", "feature_id": "629187601_2" }, "geometry": { "type": "Point", "coordinates": [ 10.493392288151293, 54.197821331305761 ] } },
{ "type": "Feature", "properties": { "source": "hw=path_other", "target": "hw=path_bicycle=designated", "length_km": 0.18138398579515566, "osm_id": 633360202, "osm_version": 3, "valid_from": "2025-11-15T15:57:00Z", "feature_id": "633360202_3" }, "geometry": { "type": "Point", "coordinates": [ 6.964672077220256, 51.612167002535898 ] } },
{ "type": "Feature", "properties": { "source": "hw=secondary_other", "target": "cw=track", "length_km": 0.095403597956523076, "osm_id": 637915025, "osm_version": 2, "valid_from": "2025-08-22T14:11:22Z", "feature_id": "637915025_2" }, "geometry": { "type": "Point", "coordinates": [ 7.04116399789719, 51.585910950190168 ] } },
{ "type": "Feature", "properties": { "source": "hw=secondary_other", "target": "cw=track", "length_km": 0.035843562765729392, "osm_id": 637915028, "osm_version": 2, "valid_from": "2025-08-22T14:11:22Z", "feature_id": "637915028_2" }, "geometry": { "type": "Point", "coordinates": [ 7.03962175, 51.5865354 ] } },
{ "type": "Feature", "properties": { "source": "hw=secondary_other", "target": "cw=track", "length_km": 0.060100558835017914, "osm_id": 637915029, "osm_version": 2, "valid_from": "2025-08-22T14:11:22Z", "feature_id": "637915029_2" }, "geometry": { "type": "Point", "coordinates": [ 7.0401873, 51.58628705 ] } },
{ "type": "Feature", "properties": { "source": "hw=secondary_other", "target": "cw=track", "length_km": 0.068639653189802738, "osm_id": 637915030, "osm_version": 2, "valid_from": "2025-08-22T14:11:22Z", "feature_id": "637915030_2" }, "geometry": { "type": "Point", "coordinates": [ 7.03716991392011, 51.587335467549138 ] } },
{ "type": "Feature", "properties": { "source": "hw=secondary_other", "target": "cw=track", "length_km": 0.11977756975652008, "osm_id": 637915032, "osm_version": 2, "valid_from": "2025-08-22T14:11:22Z", "feature_id": "637915032_2" }, "geometry": { "type": "Point", "coordinates": [ 7.035837100244525, 51.587496174233131 ] } },
{ "type": "Feature", "properties": { "source": "hw=secondary_other", "target": "cw=track", "length_km": 0.06785034289796206, "osm_id": 637915033, "osm_version": 2, "valid_from": "2025-08-22T14:11:22Z", "feature_id": "637915033_2" }, "geometry": { "type": "Point", "coordinates": [ 7.036162829244436, 51.587366768658647 ] } },
{ "type": "Feature", "properties": { "source": "hw=secondary_other", "target": "cw=track", "length_km": 0.055581244362428464, "osm_id": 637915034, "osm_version": 2, "valid_from": "2025-08-22T14:11:22Z", "feature_id": "637915034_2" }, "geometry": { "type": "Point", "coordinates": [ 7.035279129217865, 51.58742201754432 ] } },
{ "type": "Feature", "properties": { "source": "hw=secondary_other", "target": "cw=track", "length_km": 0.068919840612547592, "osm_id": 637915035, "osm_version": 2, "valid_from": "2025-08-22T14:11:22Z", "feature_id": "637915035_2" }, "geometry": { "type": "Point", "coordinates": [ 7.034383077644756, 51.587425857579731 ] } },
{ "type": "Feature", "properties": { "source": "hw=secondary_other", "target": "cw=track", "length_km": 0.068615647149248463, "osm_id": 637915036, "osm_version": 2, "valid_from": "2025-08-22T14:11:22Z", "feature_id": "637915036_2" }, "geometry": { "type": "Point", "coordinates": [ 7.034483907888555, 51.587541161077354 ] } },
{ "type": "Feature", "properties": { "source": "hw=secondary_other", "target": "cw=track", "length_km": 0.13814246761175111, "osm_id": 637915037, "osm_version": 2, "valid_from": "2025-08-22T14:11:22Z", "feature_id": "637915037_2" }, "geometry": { "type": "Point", "coordinates": [ 7.032898022625338, 51.587360968326465 ] } },
{ "type": "Feature", "properties": { "source": "hw=secondary_other", "target": "cw=track", "length_km": 0.056829236998907511, "osm_id": 637915041, "osm_version": 2, "valid_from": "2025-08-22T14:11:22Z", "feature_id": "637915041_2" }, "geometry": { "type": "Point", "coordinates": [ 7.03149565, 51.58730375 ] } },
{ "type": "Feature", "properties": { "source": "hw=tertiary_other", "target": "cw=track", "length_km": 0.075409099488293538, "osm_id": 637915042, "osm_version": 2, "valid_from": "2025-08-22T14:11:22Z", "feature_id": "637915042_2" }, "geometry": { "type": "Point", "coordinates": [ 7.02785875, 51.5877562 ] } },
{ "type": "Feature", "properties": { "source": "hw=tertiary_other", "target": "cw=track", "length_km": 0.075915543116542847, "osm_id": 637915043, "osm_version": 2, "valid_from": "2025-08-22T14:11:22Z", "feature_id": "637915043_2" }, "geometry": { "type": "Point", "coordinates": [ 7.02649145, 51.58835085 ] } },
{ "type": "Feature", "properties": { "source": "hw=tertiary_other", "target": "cw=track", "length_km": 0.060171250907837814, "osm_id": 637915045, "osm_version": 2, "valid_from": "2025-08-22T14:11:22Z", "feature_id": "637915045_2" }, "geometry": { "type": "Point", "coordinates": [ 7.0257097, 51.5887192 ] } },
{ "type": "Feature", "properties": { "source": "hw=tertiary_other", "target": "cw=track", "length_km": 0.019135743065873907, "osm_id": 637915046, "osm_version": 2, "valid_from": "2025-08-22T14:11:22Z", "feature_id": "637915046_2" }, "geometry": { "type": "Point", "coordinates": [ 7.0252794, 51.5889539 ] } },
{ "type": "Feature", "properties": { "source": "hw=tertiary_other", "target": "cw=track", "length_km": 0.07112260151612608, "osm_id": 637915047, "osm_version": 2, "valid_from": "2025-08-22T14:11:22Z", "feature_id": "637915047_2" }, "geometry": { "type": "Point", "coordinates": [ 7.023987274515572, 51.589760544967206 ] } },
{ "type": "Feature", "properties": { "source": "hw=tertiary_other", "target": "cw=track", "length_km": 0.1138794302690746, "osm_id": 637915048, "osm_version": 2, "valid_from": "2025-08-22T14:11:22Z", "feature_id": "637915048_2" }, "geometry": { "type": "Point", "coordinates": [ 7.023873024048701, 51.5899555551959 ] } },
{ "type": "Feature", "properties": { "source": "hw=tertiary_other", "target": "cw=track", "length_km": 0.041377541830926935, "osm_id": 637915049, "osm_version": 2, "valid_from": "2025-08-22T14:11:22Z", "feature_id": "637915049_2" }, "geometry": { "type": "Point", "coordinates": [ 7.02348125, 51.5901557 ] } },
{ "type": "Feature", "properties": { "source": "hw=secondary_other", "target": "cw=track", "length_km": 0.025236073340146874, "osm_id": 637915054, "osm_version": 6, "valid_from": "2025-08-22T15:22:14Z", "feature_id": "637915054_6" }, "geometry": { "type": "Point", "coordinates": [ 7.05141605, 51.59098095 ] } },
{ "type": "Feature", "properties": { "source": "hw=secondary_other", "target": "cw=track", "length_km": 0.02492071390398826, "osm_id": 637915055, "osm_version": 2, "valid_from": "2025-08-22T15:22:14Z", "feature_id": "637915055_2" }, "geometry": { "type": "Point", "coordinates": [ 7.0499045, 51.587885 ] } },
{ "type": "Feature", "properties": { "source": "hw=secondary_other", "target": "cw=track", "length_km": 0.066865531325973476, "osm_id": 637915056, "osm_version": 4, "valid_from": "2025-08-22T15:22:14Z", "feature_id": "637915056_4" }, "geometry": { "type": "Point", "coordinates": [ 7.050034847002458, 51.588292502474879 ] } },
{ "type": "Feature", "properties": { "source": "hw=secondary_other", "target": "cw=track", "length_km": 0.039835302429133225, "osm_id": 637915061, "osm_version": 4, "valid_from": "2025-08-22T15:38:55Z", "feature_id": "637915061_4" }, "geometry": { "type": "Point", "coordinates": [ 7.060419102667122, 51.59228296649794 ] } },
{ "type": "Feature", "properties": { "source": "hw=tertiary_other", "target": "cw=track", "length_km": 0.076435729837417837, "osm_id": 637915063, "osm_version": 3, "valid_from": "2025-08-22T15:22:14Z", "feature_id": "637915063_3" }, "geometry": { "type": "Point", "coordinates": [ 7.060595015468826, 51.593033239458812 ] } },
{ "type": "Feature", "properties": { "source": "hw=secondary_other", "target": "cw=lane", "length_km": 0.018395752593560022, "osm_id": 639070631, "osm_version": 2, "valid_from": "2025-08-22T20:20:12Z", "feature_id": "639070631_2" }, "geometry": { "type": "Point", "coordinates": [ 7.0560929, 51.5784118 ] } },
{ "type": "Feature", "properties": { "source": "hw=secondary_other", "target": "cw=lane", "length_km": 0.05316154009732342, "osm_id": 639345472, "osm_version": 3, "valid_from": "2025-11-15T15:48:57Z", "feature_id": "639345472_3" }, "geometry": { "type": "Point", "coordinates": [ 7.102727336103714, 51.522239506804176 ] } },
{ "type": "Feature", "properties": { "source": "hw=secondary_other", "target": "cw=lane", "length_km": 0.16428468058513199, "osm_id": 639345521, "osm_version": 3, "valid_from": "2025-09-21T06:01:25Z", "feature_id": "639345521_3" }, "geometry": { "type": "Point", "coordinates": [ 7.048085400760861, 51.560417646494471 ] } },
{ "type": "Feature", "properties": { "source": "hw=tertiary_other", "target": "cw=lane", "length_km": 0.061656048818117488, "osm_id": 639448785, "osm_version": 5, "valid_from": "2025-08-23T09:28:15Z", "feature_id": "639448785_5" }, "geometry": { "type": "Point", "coordinates": [ 7.072600715802985, 51.512007443924709 ] } },
{ "type": "Feature", "properties": { "source": "cw=track", "target": "cw=lane", "length_km": 0.11733211408214406, "osm_id": 639448787, "osm_version": 6, "valid_from": "2025-08-23T09:28:15Z", "feature_id": "639448787_6" }, "geometry": { "type": "Point", "coordinates": [ 7.070575045665367, 51.513351443381673 ] } },
{ "type": "Feature", "properties": { "source": "hw=tertiary_other", "target": "cw=track", "length_km": 0.09959831224312618, "osm_id": 639448788, "osm_version": 4, "valid_from": "2025-08-23T09:28:15Z", "feature_id": "639448788_4" }, "geometry": { "type": "Point", "coordinates": [ 7.06929248729312, 51.514560354971486 ] } },
{ "type": "Feature", "properties": { "source": "hw=tertiary_other", "target": "cw=track", "length_km": 0.015054884441442963, "osm_id": 639448789, "osm_version": 6, "valid_from": "2025-08-23T09:28:15Z", "feature_id": "639448789_6" }, "geometry": { "type": "Point", "coordinates": [ 7.0688484, 51.51493725 ] } },
{ "type": "Feature", "properties": { "source": "hw=tertiary_other", "target": "cw=track", "length_km": 0.072101428787333804, "osm_id": 639448790, "osm_version": 5, "valid_from": "2025-08-23T09:28:15Z", "feature_id": "639448790_5" }, "geometry": { "type": "Point", "coordinates": [ 7.068611886652184, 51.515295126348974 ] } },
{ "type": "Feature", "properties": { "source": "hw=tertiary_other", "target": "cw=track", "length_km": 0.099161428807532648, "osm_id": 639448791, "osm_version": 5, "valid_from": "2025-08-23T09:28:15Z", "feature_id": "639448791_5" }, "geometry": { "type": "Point", "coordinates": [ 7.068195636908213, 51.517122561468966 ] } },
{ "type": "Feature", "properties": { "source": "hw=tertiary_other", "target": "cw=track", "length_km": 0.12846046983065895, "osm_id": 639448792, "osm_version": 6, "valid_from": "2025-08-23T09:28:15Z", "feature_id": "639448792_6" }, "geometry": { "type": "Point", "coordinates": [ 7.067489506361948, 51.518095047322639 ] } },
{ "type": "Feature", "properties": { "source": "hw=tertiary_other", "target": "cw=track", "length_km": 0.19546130273425449, "osm_id": 639448793, "osm_version": 4, "valid_from": "2025-08-23T09:28:15Z", "feature_id": "639448793_4" }, "geometry": { "type": "Point", "coordinates": [ 7.068632577810533, 51.515818510097283 ] } },
{ "type": "Feature", "properties": { "source": "hw=tertiary_other", "target": "cw=track", "length_km": 0.41851775888243581, "osm_id": 639448794, "osm_version": 6, "valid_from": "2025-08-23T09:28:15Z", "feature_id": "639448794_6" }, "geometry": { "type": "Point", "coordinates": [ 7.065781488578587, 51.520302999868207 ] } },
{ "type": "Feature", "properties": { "source": "hw=tertiary_other", "target": "cw=track", "length_km": 0.085494425951352357, "osm_id": 639448797, "osm_version": 4, "valid_from": "2025-08-23T09:28:15Z", "feature_id": "639448797_4" }, "geometry": { "type": "Point", "coordinates": [ 7.06490545, 51.52170595 ] } },
{ "type": "Feature", "properties": { "source": "hw=tertiary_other", "target": "cw=track", "length_km": 0.067355214803816482, "osm_id": 639448829, "osm_version": 7, "valid_from": "2025-08-23T09:28:15Z", "feature_id": "639448829_7" }, "geometry": { "type": "Point", "coordinates": [ 7.06417055, 51.5223462 ] } },
{ "type": "Feature", "properties": { "source": "hw=tertiary_other", "target": "cw=track", "length_km": 0.089534379629600272, "osm_id": 639448830, "osm_version": 6, "valid_from": "2025-08-23T09:28:15Z", "feature_id": "639448830_6" }, "geometry": { "type": "Point", "coordinates": [ 7.063488241044196, 51.523684119260153 ] } },
{ "type": "Feature", "properties": { "source": "cw=lane", "target": "cw=track", "length_km": 0.071615472132973451, "osm_id": 640678478, "osm_version": 7, "valid_from": "2025-10-08T12:28:51Z", "feature_id": "640678478_7" }, "geometry": { "type": "Point", "coordinates": [ 9.452530149005172, 54.805986803504489 ] } },
{ "type": "Feature", "properties": { "source": "hw=tertiary_other", "target": "cw=track", "length_km": 0.049532479688984041, "osm_id": 642261193, "osm_version": 5, "valid_from": "2025-08-22T16:03:48Z", "feature_id": "642261193_5" }, "geometry": { "type": "Point", "coordinates": [ 6.552508084462394, 51.506746602678859 ] } },
{ "type": "Feature", "properties": { "source": "hw=primary_other", "target": "cw=track", "length_km": 0.023775265424555627, "osm_id": 642261201, "osm_version": 5, "valid_from": "2025-08-22T16:03:48Z", "feature_id": "642261201_5" }, "geometry": { "type": "Point", "coordinates": [ 6.54546865, 51.50736565 ] } },
{ "type": "Feature", "properties": { "source": "hw=secondary_other", "target": "cw=track", "length_km": 0.055502445576205546, "osm_id": 643051078, "osm_version": 2, "valid_from": "2025-08-21T20:18:28Z", "feature_id": "643051078_2" }, "geometry": { "type": "Point", "coordinates": [ 7.587311165303937, 51.449777348836328 ] } },
{ "type": "Feature", "properties": { "source": "hw=secondary_other", "target": "cw=track", "length_km": 0.084938278281803212, "osm_id": 650601423, "osm_version": 7, "valid_from": "2025-08-22T17:05:59Z", "feature_id": "650601423_7" }, "geometry": { "type": "Point", "coordinates": [ 7.166432006196106, 51.511061074945019 ] } },
{ "type": "Feature", "properties": { "source": "hw=secondary_other", "target": "cw=lane", "length_km": 0.014849141251231806, "osm_id": 650601424, "osm_version": 6, "valid_from": "2025-08-22T17:05:59Z", "feature_id": "650601424_6" }, "geometry": { "type": "Point", "coordinates": [ 7.16817935, 51.5107878 ] } },
{ "type": "Feature", "properties": { "source": "hw=cycleway", "target": "hw=path_bicycle=designated", "length_km": 2.8955467173448128, "osm_id": 651792950, "osm_version": 5, "valid_from": "2025-10-23T19:16:31Z", "feature_id": "651792950_5" }, "geometry": { "type": "Point", "coordinates": [ 7.174733934260114, 52.505059866905896 ] } },
{ "type": "Feature", "properties": { "source": "hw=secondary_other", "target": "cw=track", "length_km": 0.075814556829492535, "osm_id": 653141708, "osm_version": 3, "valid_from": "2025-08-23T06:09:10Z", "feature_id": "653141708_3" }, "geometry": { "type": "Point", "coordinates": [ 6.9291119, 51.52849225 ] } },
{ "type": "Feature", "properties": { "source": "hw=secondary_other", "target": "cw=track", "length_km": 0.078453615633107349, "osm_id": 653141712, "osm_version": 5, "valid_from": "2025-08-23T06:09:10Z", "feature_id": "653141712_5" }, "geometry": { "type": "Point", "coordinates": [ 6.929222001975162, 51.529181809645081 ] } },
{ "type": "Feature", "properties": { "source": "hw=secondary_other", "target": "cw=track", "length_km": 0.072920876349989616, "osm_id": 653141720, "osm_version": 4, "valid_from": "2025-08-23T06:09:10Z", "feature_id": "653141720_4" }, "geometry": { "type": "Point", "coordinates": [ 6.930246981005739, 51.53261531752063 ] } },
{ "type": "Feature", "properties": { "source": "hw=secondary_other", "target": "cw=track", "length_km": 0.045779579692947416, "osm_id": 653141724, "osm_version": 3, "valid_from": "2025-08-23T06:09:10Z", "feature_id": "653141724_3" }, "geometry": { "type": "Point", "coordinates": [ 6.9299115, 51.53173415 ] } },
{ "type": "Feature", "properties": { "source": "hw=secondary_other", "target": "cw=track", "length_km": 0.056202882486612447, "osm_id": 653141728, "osm_version": 5, "valid_from": "2025-08-23T06:09:10Z", "feature_id": "653141728_5" }, "geometry": { "type": "Point", "coordinates": [ 6.931193566405344, 51.535061974670441 ] } },
{ "type": "Feature", "properties": { "source": "hw=secondary_other", "target": "cw=track", "length_km": 0.16786207016857771, "osm_id": 653141734, "osm_version": 5, "valid_from": "2025-08-23T06:09:10Z", "feature_id": "653141734_5" }, "geometry": { "type": "Point", "coordinates": [ 6.9317030201498, 51.536018306863326 ] } },
{ "type": "Feature", "properties": { "source": "hw=secondary_other", "target": "cw=track", "length_km": 0.061042478324362139, "osm_id": 653141739, "osm_version": 5, "valid_from": "2025-08-23T06:09:10Z", "feature_id": "653141739_5" }, "geometry": { "type": "Point", "coordinates": [ 6.932238830512592, 51.536989078397056 ] } },
{ "type": "Feature", "properties": { "source": "hw=secondary_other", "target": "cw=track", "length_km": 0.0069008185090002174, "osm_id": 653141743, "osm_version": 3, "valid_from": "2025-08-23T06:09:10Z", "feature_id": "653141743_3" }, "geometry": { "type": "Point", "coordinates": [ 6.93239715, 51.5372779 ] } },
{ "type": "Feature", "properties": { "source": "hw=secondary_other", "target": "cw=track", "length_km": 0.050348621640732207, "osm_id": 653141751, "osm_version": 4, "valid_from": "2025-08-23T06:09:10Z", "feature_id": "653141751_4" }, "geometry": { "type": "Point", "coordinates": [ 6.932513119196217, 51.537524641135235 ] } },
{ "type": "Feature", "properties": { "source": "hw=secondary_other", "target": "cw=track", "length_km": 0.11710774991198047, "osm_id": 653141752, "osm_version": 4, "valid_from": "2025-08-23T06:09:10Z", "feature_id": "653141752_4" }, "geometry": { "type": "Point", "coordinates": [ 6.933133521955682, 51.53948329370931 ] } },
{ "type": "Feature", "properties": { "source": "hw=footway_bicycle=yes", "target": "hw=path_bicycle=designated", "length_km": 0.16487539034896553, "osm_id": 655398807, "osm_version": 3, "valid_from": "2025-09-15T06:47:25Z", "feature_id": "655398807_3" }, "geometry": { "type": "Point", "coordinates": [ 11.84983179203638, 50.901409265055904 ] } },
{ "type": "Feature", "properties": { "source": "hw=path_other", "target": "hw=path_bicycle=designated", "length_km": 0.0045461735463638887, "osm_id": 656480649, "osm_version": 4, "valid_from": "2025-09-29T07:39:54Z", "feature_id": "656480649_4" }, "geometry": { "type": "Point", "coordinates": [ 7.1041817, 51.50639585 ] } },
{ "type": "Feature", "properties": { "source": "hw=service_other", "target": "cw=lane", "length_km": 0.045881698089546466, "osm_id": 661881401, "osm_version": 3, "valid_from": "2025-10-23T12:04:46Z", "feature_id": "661881401_3" }, "geometry": { "type": "Point", "coordinates": [ 6.8620149, 51.84579415 ] } },
{ "type": "Feature", "properties": { "source": "hw=residential_other", "target": "cw=lane", "length_km": 0.11073714441706134, "osm_id": 664084239, "osm_version": 3, "valid_from": "2025-09-21T11:40:27Z", "feature_id": "664084239_3" }, "geometry": { "type": "Point", "coordinates": [ 6.61697988407172, 51.654741568073476 ] } },
{ "type": "Feature", "properties": { "source": "hw=footway_other", "target": "hw=path_bicycle=designated", "length_km": 0.015100777514054997, "osm_id": 666607083, "osm_version": 4, "valid_from": "2025-11-03T16:33:27Z", "feature_id": "666607083_4" }, "geometry": { "type": "Point", "coordinates": [ 10.200865321464244, 49.354874701764047 ] } },
{ "type": "Feature", "properties": { "source": "hw=footway_other", "target": "hw=path_bicycle=designated", "length_km": 0.28766973941424256, "osm_id": 666607084, "osm_version": 6, "valid_from": "2025-11-03T16:33:27Z", "feature_id": "666607084_6" }, "geometry": { "type": "Point", "coordinates": [ 10.202199315168141, 49.352378587674664 ] } },
{ "type": "Feature", "properties": { "source": "hw=residential_other", "target": "cw=lane", "length_km": 0.0094813475493040478, "osm_id": 666725126, "osm_version": 9, "valid_from": "2025-10-19T14:34:40Z", "feature_id": "666725126_9" }, "geometry": { "type": "Point", "coordinates": [ 7.62045165, 51.957534 ] } },
{ "type": "Feature", "properties": { "source": "hw=secondary_other", "target": "cw=track", "length_km": 0.027662137535205203, "osm_id": 670301583, "osm_version": 3, "valid_from": "2025-11-21T18:30:58Z", "feature_id": "670301583_3" }, "geometry": { "type": "Point", "coordinates": [ 7.4526002, 52.28385305 ] } },
{ "type": "Feature", "properties": { "source": "hw=path_other", "target": "hw=cycleway", "length_km": 0.012309731699118306, "osm_id": 671422320, "osm_version": 2, "valid_from": "2025-11-24T11:15:12Z", "feature_id": "671422320_2" }, "geometry": { "type": "Point", "coordinates": [ 10.44139905, 51.16018695 ] } },
{ "type": "Feature", "properties": { "source": "hw=residential_other", "target": "cw=track", "length_km": 0.0057053966667019139, "osm_id": 672421380, "osm_version": 5, "valid_from": "2025-09-21T11:40:27Z", "feature_id": "672421380_5" }, "geometry": { "type": "Point", "coordinates": [ 6.62254115, 51.65567655 ] } },
{ "type": "Feature", "properties": { "source": "hw=track_other", "target": "hw=path_bicycle=designated", "length_km": 0.28991908162012014, "osm_id": 677408261, "osm_version": 4, "valid_from": "2025-11-24T12:28:14Z", "feature_id": "677408261_4" }, "geometry": { "type": "Point", "coordinates": [ 9.81023350002263, 49.759406345602031 ] } },
{ "type": "Feature", "properties": { "source": "hw=primary_other", "target": "cw=track", "length_km": 0.072452725430274922, "osm_id": 680710372, "osm_version": 8, "valid_from": "2025-10-19T09:51:21Z", "feature_id": "680710372_8" }, "geometry": { "type": "Point", "coordinates": [ 12.498536628436074, 51.126128401669263 ] } },
{ "type": "Feature", "properties": { "source": "hw=primary_other", "target": "cw=track", "length_km": 0.097628132640145221, "osm_id": 680710373, "osm_version": 9, "valid_from": "2025-10-19T09:51:21Z", "feature_id": "680710373_9" }, "geometry": { "type": "Point", "coordinates": [ 12.499713292055873, 51.12628906690373 ] } },
{ "type": "Feature", "properties": { "source": "hw=primary_other", "target": "cw=track", "length_km": 0.11605525714654599, "osm_id": 680710394, "osm_version": 8, "valid_from": "2025-10-19T09:51:21Z", "feature_id": "680710394_8" }, "geometry": { "type": "Point", "coordinates": [ 12.497205792335416, 51.12601562579583 ] } },
{ "type": "Feature", "properties": { "source": "hw=primary_other", "target": "cw=track", "length_km": 0.056370858922096624, "osm_id": 680710396, "osm_version": 8, "valid_from": "2025-10-19T09:51:21Z", "feature_id": "680710396_8" }, "geometry": { "type": "Point", "coordinates": [ 12.49528622228936, 51.125658609358496 ] } },
{ "type": "Feature", "properties": { "source": "hw=primary_other", "target": "cw=lane", "length_km": 0.10191561157164365, "osm_id": 681484311, "osm_version": 3, "valid_from": "2025-09-20T09:16:47Z", "feature_id": "681484311_3" }, "geometry": { "type": "Point", "coordinates": [ 7.11080625, 51.5131408 ] } },
{ "type": "Feature", "properties": { "source": "hw=track_other", "target": "hw=path_bicycle=designated", "length_km": 0.068268181184477417, "osm_id": 683649317, "osm_version": 2, "valid_from": "2025-12-04T14:08:23Z", "feature_id": "683649317_2" }, "geometry": { "type": "Point", "coordinates": [ 9.360678059045199, 48.870346296677432 ] } },
{ "type": "Feature", "properties": { "source": "hw=footway_bicycle=yes", "target": "hw=path_bicycle=designated", "length_km": 0.15141818206600047, "osm_id": 685622719, "osm_version": 8, "valid_from": "2025-12-04T14:06:52Z", "feature_id": "685622719_8" }, "geometry": { "type": "Point", "coordinates": [ 9.207970007556197, 49.146888803782701 ] } },
{ "type": "Feature", "properties": { "source": "hw=path_other", "target": "hw=path_bicycle=designated", "length_km": 1.9925163414872504, "osm_id": 686481906, "osm_version": 6, "valid_from": "2025-09-10T17:24:17Z", "feature_id": "686481906_6" }, "geometry": { "type": "Point", "coordinates": [ 11.733265971447391, 51.677465188639424 ] } },
{ "type": "Feature", "properties": { "source": "hw=footway_other", "target": "hw=path_bicycle=designated", "length_km": 0.35203198734511504, "osm_id": 687664690, "osm_version": 3, "valid_from": "2025-09-19T18:23:38Z", "feature_id": "687664690_3" }, "geometry": { "type": "Point", "coordinates": [ 10.559657482251898, 54.203058514968831 ] } },
{ "type": "Feature", "properties": { "source": "hw=path_other", "target": "hw=path_bicycle=designated", "length_km": 0.088819174948970556, "osm_id": 692270780, "osm_version": 2, "valid_from": "2025-12-29T16:52:57Z", "feature_id": "692270780_2" }, "geometry": { "type": "Point", "coordinates": [ 6.796597399634408, 51.557272773656941 ] } },
{ "type": "Feature", "properties": { "source": "hw=footway_other", "target": "hw=footway_bicycle=yes", "length_km": 0.28934944242422744, "osm_id": 694643034, "osm_version": 2, "valid_from": "2025-11-24T11:36:17Z", "feature_id": "694643034_2" }, "geometry": { "type": "Point", "coordinates": [ 10.4586157, 51.19895375 ] } },
{ "type": "Feature", "properties": { "source": "hw=footway_other", "target": "hw=footway_bicycle=yes", "length_km": 0.054766832517213968, "osm_id": 694643035, "osm_version": 3, "valid_from": "2025-11-24T11:36:17Z", "feature_id": "694643035_3" }, "geometry": { "type": "Point", "coordinates": [ 10.457198906438363, 51.197690093503333 ] } },
{ "type": "Feature", "properties": { "source": "hw=footway_other", "target": "hw=footway_bicycle=yes", "length_km": 0.12120028594643542, "osm_id": 694643041, "osm_version": 2, "valid_from": "2025-11-24T11:36:17Z", "feature_id": "694643041_2" }, "geometry": { "type": "Point", "coordinates": [ 10.460418065908266, 51.200405592769002 ] } },
{ "type": "Feature", "properties": { "source": "hw=footway_bicycle=yes", "target": "hw=path_bicycle=designated", "length_km": 0.027975233459406678, "osm_id": 696114633, "osm_version": 6, "valid_from": "2025-12-04T14:06:52Z", "feature_id": "696114633_6" }, "geometry": { "type": "Point", "coordinates": [ 9.20717001470137, 49.146601531333388 ] } },
{ "type": "Feature", "properties": { "source": "cw=lane", "target": "cw=track", "length_km": 0.027210108154663657, "osm_id": 696531540, "osm_version": 4, "valid_from": "2025-10-28T19:14:39Z", "feature_id": "696531540_4" }, "geometry": { "type": "Point", "coordinates": [ 8.602796883955126, 51.671607349883793 ] } },
{ "type": "Feature", "properties": { "source": "hw=footway_other", "target": "hw=path_bicycle=designated", "length_km": 0.10310943667543244, "osm_id": 697643307, "osm_version": 2, "valid_from": "2025-09-15T06:47:25Z", "feature_id": "697643307_2" }, "geometry": { "type": "Point", "coordinates": [ 11.848357156709255, 50.902156177077892 ] } },
{ "type": "Feature", "properties": { "source": "hw=footway_other", "target": "hw=footway_bicycle=yes", "length_km": 0.0096319252669708859, "osm_id": 697643308, "osm_version": 2, "valid_from": "2025-09-15T06:47:25Z", "feature_id": "697643308_2" }, "geometry": { "type": "Point", "coordinates": [ 11.84781355, 50.90256715 ] } },
{ "type": "Feature", "properties": { "source": "hw=track_other", "target": "hw=path_bicycle=designated", "length_km": 0.25705923086923704, "osm_id": 699109806, "osm_version": 2, "valid_from": "2025-09-10T17:24:17Z", "feature_id": "699109806_2" }, "geometry": { "type": "Point", "coordinates": [ 11.741987402249327, 51.669473631150531 ] } },
{ "type": "Feature", "properties": { "source": "hw=track_other", "target": "hw=path_bicycle=designated", "length_km": 1.083896272143154, "osm_id": 699163844, "osm_version": 2, "valid_from": "2025-09-07T09:59:34Z", "feature_id": "699163844_2" }, "geometry": { "type": "Point", "coordinates": [ 11.67124048460715, 51.723525680615815 ] } },
{ "type": "Feature", "properties": { "source": "hw=residential_other", "target": "cw=lane", "length_km": 0.070627572485633935, "osm_id": 702689515, "osm_version": 6, "valid_from": "2025-10-20T15:25:52Z", "feature_id": "702689515_6" }, "geometry": { "type": "Point", "coordinates": [ 6.928429241579602, 51.52740057203426 ] } },
{ "type": "Feature", "properties": { "source": "hw=service_other", "target": "cw=track", "length_km": 0.059847035641339821, "osm_id": 704071148, "osm_version": 5, "valid_from": "2026-01-18T16:24:38Z", "feature_id": "704071148_5" }, "geometry": { "type": "Point", "coordinates": [ 12.892856563665156, 52.601137445906673 ] } },
{ "type": "Feature", "properties": { "source": "hw=path_other", "target": "hw=path_bicycle=designated", "length_km": 0.85161070339552181, "osm_id": 705399795, "osm_version": 10, "valid_from": "2025-12-18T09:33:26Z", "feature_id": "705399795_10" }, "geometry": { "type": "Point", "coordinates": [ 10.514762736322247, 49.232101005861246 ] } },
{ "type": "Feature", "properties": { "source": "hw=tertiary_other", "target": "cw=lane", "length_km": 0.017147043873008597, "osm_id": 710439245, "osm_version": 7, "valid_from": "2025-09-06T10:26:42Z", "feature_id": "710439245_7" }, "geometry": { "type": "Point", "coordinates": [ 11.94272765, 51.4550064 ] } },
{ "type": "Feature", "properties": { "source": "hw=footway_other", "target": "hw=path_bicycle=designated", "length_km": 0.40297400959972873, "osm_id": 711021682, "osm_version": 2, "valid_from": "2025-12-10T08:50:43Z", "feature_id": "711021682_2" }, "geometry": { "type": "Point", "coordinates": [ 14.572213320274097, 51.580784923491031 ] } },
{ "type": "Feature", "properties": { "source": "hw=footway_other", "target": "hw=path_bicycle=designated", "length_km": 0.011864253292541161, "osm_id": 711091786, "osm_version": 2, "valid_from": "2025-09-19T18:23:38Z", "feature_id": "711091786_2" }, "geometry": { "type": "Point", "coordinates": [ 10.560339937722313, 54.202656130728421 ] } },
{ "type": "Feature", "properties": { "source": "hw=footway_other", "target": "hw=path_bicycle=designated", "length_km": 0.23525581081156716, "osm_id": 711091790, "osm_version": 2, "valid_from": "2025-09-19T18:23:38Z", "feature_id": "711091790_2" }, "geometry": { "type": "Point", "coordinates": [ 10.560631221019566, 54.20158211820646 ] } },
{ "type": "Feature", "properties": { "source": "hw=track_other", "target": "hw=path_bicycle=designated", "length_km": 0.0087563476112294258, "osm_id": 717197557, "osm_version": 3, "valid_from": "2025-12-07T10:55:02Z", "feature_id": "717197557_3" }, "geometry": { "type": "Point", "coordinates": [ 14.4165074, 51.1280814 ] } },
{ "type": "Feature", "properties": { "source": "hw=track_other", "target": "hw=path_bicycle=designated", "length_km": 0.14718404777931915, "osm_id": 717197558, "osm_version": 3, "valid_from": "2025-12-07T10:55:02Z", "feature_id": "717197558_3" }, "geometry": { "type": "Point", "coordinates": [ 14.417618895209447, 51.128091239127109 ] } },
{ "type": "Feature", "properties": { "source": "hw=footway_other", "target": "hw=path_bicycle=designated", "length_km": 0.18953528219472107, "osm_id": 722114128, "osm_version": 5, "valid_from": "2025-11-18T16:29:45Z", "feature_id": "722114128_5" }, "geometry": { "type": "Point", "coordinates": [ 12.955621094740001, 48.538116639075973 ] } },
{ "type": "Feature", "properties": { "source": "hw=footway_other", "target": "hw=footway_bicycle=yes", "length_km": 0.019072521931260061, "osm_id": 724428187, "osm_version": 4, "valid_from": "2025-09-21T08:47:21Z", "feature_id": "724428187_4" }, "geometry": { "type": "Point", "coordinates": [ 9.210983889112912, 48.086704389116797 ] } },
{ "type": "Feature", "properties": { "source": "hw=residential_other", "target": "cw=lane", "length_km": 0.053404823223827141, "osm_id": 725843379, "osm_version": 6, "valid_from": "2025-10-19T14:34:40Z", "feature_id": "725843379_6" }, "geometry": { "type": "Point", "coordinates": [ 7.620721672296737, 51.957762174531432 ] } },
{ "type": "Feature", "properties": { "source": "hw=cycleway", "target": "hw=path_bicycle=designated", "length_km": 0.012380023010639757, "osm_id": 728315075, "osm_version": 7, "valid_from": "2025-10-23T12:04:46Z", "feature_id": "728315075_7" }, "geometry": { "type": "Point", "coordinates": [ 6.863393330970157, 51.846247401906396 ] } },
{ "type": "Feature", "properties": { "source": "hw=cycleway", "target": "hw=path_bicycle=designated", "length_km": 0.002919068825276718, "osm_id": 728315076, "osm_version": 6, "valid_from": "2025-10-23T12:04:46Z", "feature_id": "728315076_6" }, "geometry": { "type": "Point", "coordinates": [ 6.8632848, 51.84623365 ] } },
{ "type": "Feature", "properties": { "source": "hw=cycleway", "target": "hw=path_bicycle=designated", "length_km": 0.018666396319338658, "osm_id": 728315079, "osm_version": 7, "valid_from": "2025-10-23T12:04:46Z", "feature_id": "728315079_7" }, "geometry": { "type": "Point", "coordinates": [ 6.86313697814042, 51.845933016247194 ] } },
{ "type": "Feature", "properties": { "source": "hw=cycleway", "target": "hw=path_bicycle=designated", "length_km": 0.01552997308536164, "osm_id": 728315080, "osm_version": 8, "valid_from": "2025-10-23T12:04:46Z", "feature_id": "728315080_8" }, "geometry": { "type": "Point", "coordinates": [ 6.863296144665533, 51.845854317500532 ] } },
{ "type": "Feature", "properties": { "source": "hw=cycleway", "target": "hw=path_bicycle=designated", "length_km": 0.01446472547704801, "osm_id": 728315081, "osm_version": 8, "valid_from": "2025-10-23T12:04:46Z", "feature_id": "728315081_8" }, "geometry": { "type": "Point", "coordinates": [ 6.863566018358753, 51.846242576001885 ] } },
{ "type": "Feature", "properties": { "source": "hw=cycleway", "target": "hw=path_bicycle=designated", "length_km": 0.018722203662739054, "osm_id": 728315082, "osm_version": 7, "valid_from": "2025-10-23T12:04:46Z", "feature_id": "728315082_7" }, "geometry": { "type": "Point", "coordinates": [ 6.863759854818942, 51.84619417428641 ] } },
{ "type": "Feature", "properties": { "source": "hw=cycleway", "target": "hw=path_bicycle=designated", "length_km": 0.046855717355324913, "osm_id": 728315083, "osm_version": 7, "valid_from": "2025-10-23T12:04:46Z", "feature_id": "728315083_7" }, "geometry": { "type": "Point", "coordinates": [ 6.863754449128737, 51.84592337389055 ] } },
{ "type": "Feature", "properties": { "source": "hw=cycleway", "target": "hw=path_bicycle=designated", "length_km": 0.013901627357774945, "osm_id": 728315084, "osm_version": 7, "valid_from": "2025-10-23T12:04:46Z", "feature_id": "728315084_7" }, "geometry": { "type": "Point", "coordinates": [ 6.86347057869047, 51.84579738369893 ] } },
{ "type": "Feature", "properties": { "source": "hw=secondary_other", "target": "cw=track", "length_km": 0.030467960854453656, "osm_id": 729752788, "osm_version": 3, "valid_from": "2025-10-28T19:22:05Z", "feature_id": "729752788_3" }, "geometry": { "type": "Point", "coordinates": [ 8.607742136753744, 51.674281694875788 ] } },
{ "type": "Feature", "properties": { "source": "cw=lane", "target": "cw=track", "length_km": 0.092275942475454967, "osm_id": 729752791, "osm_version": 4, "valid_from": "2025-10-28T19:14:39Z", "feature_id": "729752791_4" }, "geometry": { "type": "Point", "coordinates": [ 8.603413434638608, 51.672137453219449 ] } },
{ "type": "Feature", "properties": { "source": "cw=lane", "target": "cw=track", "length_km": 0.018014961104923184, "osm_id": 729752792, "osm_version": 3, "valid_from": "2025-10-28T19:14:39Z", "feature_id": "729752792_3" }, "geometry": { "type": "Point", "coordinates": [ 8.602921928421917, 51.671804498599151 ] } },
{ "type": "Feature", "properties": { "source": "cw=lane", "target": "cw=track", "length_km": 0.02490018992592025, "osm_id": 729752805, "osm_version": 3, "valid_from": "2025-10-28T19:22:05Z", "feature_id": "729752805_3" }, "geometry": { "type": "Point", "coordinates": [ 8.609032121610088, 51.673735224901733 ] } },
{ "type": "Feature", "properties": { "source": "hw=footway_other", "target": "hw=path_bicycle=designated", "length_km": 0.047482391259353454, "osm_id": 731202331, "osm_version": 3, "valid_from": "2025-11-16T15:59:43Z", "feature_id": "731202331_3" }, "geometry": { "type": "Point", "coordinates": [ 12.680986311987532, 48.259853756413364 ] } },
{ "type": "Feature", "properties": { "source": "hw=path_other", "target": "hw=path_bicycle=designated", "length_km": 0.057870086617677147, "osm_id": 733319462, "osm_version": 3, "valid_from": "2025-08-22T06:19:02Z", "feature_id": "733319462_3" }, "geometry": { "type": "Point", "coordinates": [ 7.071798262019709, 51.536676508605915 ] } },
{ "type": "Feature", "properties": { "source": "hw=path_other", "target": "hw=path_bicycle=designated", "length_km": 0.038919474519848181, "osm_id": 734811723, "osm_version": 2, "valid_from": "2025-08-22T20:20:12Z", "feature_id": "734811723_2" }, "geometry": { "type": "Point", "coordinates": [ 7.050616452805257, 51.585809482702814 ] } },
{ "type": "Feature", "properties": { "source": "hw=path_other", "target": "hw=path_bicycle=designated", "length_km": 0.028364763022233567, "osm_id": 734811724, "osm_version": 2, "valid_from": "2025-08-22T20:20:12Z", "feature_id": "734811724_2" }, "geometry": { "type": "Point", "coordinates": [ 7.05025598710405, 51.585971021632517 ] } },
{ "type": "Feature", "properties": { "source": "hw=path_other", "target": "hw=path_bicycle=designated", "length_km": 0.026493063188506104, "osm_id": 734818986, "osm_version": 2, "valid_from": "2025-11-16T11:48:16Z", "feature_id": "734818986_2" }, "geometry": { "type": "Point", "coordinates": [ 7.04220915265179, 51.608757686435901 ] } },
{ "type": "Feature", "properties": { "source": "hw=path_other", "target": "hw=path_bicycle=designated", "length_km": 0.26585343684850277, "osm_id": 737282405, "osm_version": 4, "valid_from": "2025-10-11T08:56:09Z", "feature_id": "737282405_4" }, "geometry": { "type": "Point", "coordinates": [ 6.819219903679837, 49.794242119754422 ] } },
{ "type": "Feature", "properties": { "source": "hw=path_other", "target": "hw=path_bicycle=designated", "length_km": 0.079038170546515185, "osm_id": 737391355, "osm_version": 2, "valid_from": "2025-10-15T16:49:19Z", "feature_id": "737391355_2" }, "geometry": { "type": "Point", "coordinates": [ 8.587945181473092, 51.6654729525373 ] } },
{ "type": "Feature", "properties": { "source": "hw=unclassified_other", "target": "hw=path_bicycle=designated", "length_km": 0.083702361484676926, "osm_id": 740702818, "osm_version": 4, "valid_from": "2025-11-20T17:47:25Z", "feature_id": "740702818_4" }, "geometry": { "type": "Point", "coordinates": [ 8.15040327089531, 49.973998852827208 ] } },
{ "type": "Feature", "properties": { "source": "hw=path_other", "target": "hw=path_bicycle=designated", "length_km": 0.040375845055063947, "osm_id": 741251603, "osm_version": 5, "valid_from": "2025-11-08T12:25:26Z", "feature_id": "741251603_5" }, "geometry": { "type": "Point", "coordinates": [ 11.053672461815367, 51.774348916596253 ] } },
{ "type": "Feature", "properties": { "source": "hw=footway_bicycle=yes", "target": "hw=path_bicycle=designated", "length_km": 0.0077107758636185807, "osm_id": 742993574, "osm_version": 3, "valid_from": "2025-11-03T10:45:27Z", "feature_id": "742993574_3" }, "geometry": { "type": "Point", "coordinates": [ 8.04360845, 48.33506215 ] } },
{ "type": "Feature", "properties": { "source": "hw=track_other", "target": "hw=track_bicycle=designated", "length_km": 0.5851670662964823, "osm_id": 750789569, "osm_version": 4, "valid_from": "2026-01-02T10:46:59Z", "feature_id": "750789569_4" }, "geometry": { "type": "Point", "coordinates": [ 7.260176925285457, 49.323797861514535 ] } },
{ "type": "Feature", "properties": { "source": "hw=tertiary_other", "target": "cw=lane", "length_km": 0.094460008883543695, "osm_id": 771906534, "osm_version": 7, "valid_from": "2025-09-16T09:50:57Z", "feature_id": "771906534_7" }, "geometry": { "type": "Point", "coordinates": [ 6.717882703183608, 51.543338269175415 ] } },
{ "type": "Feature", "properties": { "source": "hw=secondary_other", "target": "cw=track", "length_km": 0.011905724884251663, "osm_id": 777835876, "osm_version": 2, "valid_from": "2025-09-21T09:18:07Z", "feature_id": "777835876_2" }, "geometry": { "type": "Point", "coordinates": [ 8.24872115, 51.5958119 ] } },
{ "type": "Feature", "properties": { "source": "hw=path_other", "target": "hw=path_bicycle=designated", "length_km": 0.49540079045537372, "osm_id": 780353883, "osm_version": 3, "valid_from": "2025-08-24T08:39:14Z", "feature_id": "780353883_3" }, "geometry": { "type": "Point", "coordinates": [ 12.12089786458335, 50.47193907071604 ] } },
{ "type": "Feature", "properties": { "source": "hw=footway_other", "target": "hw=path_bicycle=designated", "length_km": 0.13810494469939286, "osm_id": 782449293, "osm_version": 2, "valid_from": "2025-11-08T11:54:44Z", "feature_id": "782449293_2" }, "geometry": { "type": "Point", "coordinates": [ 10.845067462950825, 51.123708689550263 ] } },
{ "type": "Feature", "properties": { "source": "hw=footway_other", "target": "hw=path_bicycle=designated", "length_km": 0.0086082173726280027, "osm_id": 782449294, "osm_version": 2, "valid_from": "2025-11-08T11:54:44Z", "feature_id": "782449294_2" }, "geometry": { "type": "Point", "coordinates": [ 10.84492055, 51.1243809 ] } },
{ "type": "Feature", "properties": { "source": "hw=footway_other", "target": "hw=path_bicycle=designated", "length_km": 0.31390626374879954, "osm_id": 784846618, "osm_version": 2, "valid_from": "2025-09-11T10:27:57Z", "feature_id": "784846618_2" }, "geometry": { "type": "Point", "coordinates": [ 10.944131802940143, 51.227378688518776 ] } },
{ "type": "Feature", "properties": { "source": "hw=footway_other", "target": "hw=path_bicycle=designated", "length_km": 0.028359923351733696, "osm_id": 784846619, "osm_version": 2, "valid_from": "2025-09-11T10:27:57Z", "feature_id": "784846619_2" }, "geometry": { "type": "Point", "coordinates": [ 10.9453895, 51.23125805 ] } },
{ "type": "Feature", "properties": { "source": "hw=tertiary_other", "target": "cw=lane", "length_km": 0.026953952898132436, "osm_id": 794689587, "osm_version": 9, "valid_from": "2025-09-06T10:26:42Z", "feature_id": "794689587_9" }, "geometry": { "type": "Point", "coordinates": [ 11.942955857821053, 51.4553042298365 ] } },
{ "type": "Feature", "properties": { "source": "hw=path_other", "target": "hw=path_bicycle=designated", "length_km": 0.069937786154939216, "osm_id": 796908167, "osm_version": 4, "valid_from": "2025-09-29T07:31:14Z", "feature_id": "796908167_4" }, "geometry": { "type": "Point", "coordinates": [ 7.117589582151938, 51.542131058822967 ] } },
{ "type": "Feature", "properties": { "source": "hw=path_other", "target": "hw=path_bicycle=designated", "length_km": 0.024566492618501953, "osm_id": 796908173, "osm_version": 2, "valid_from": "2025-09-29T07:31:14Z", "feature_id": "796908173_2" }, "geometry": { "type": "Point", "coordinates": [ 7.116806412888847, 51.541902863943534 ] } },
{ "type": "Feature", "properties": { "source": "hw=path_other", "target": "hw=path_bicycle=designated", "length_km": 2.5592626097814244, "osm_id": 801401328, "osm_version": 2, "valid_from": "2025-11-16T18:27:41Z", "feature_id": "801401328_2" }, "geometry": { "type": "Point", "coordinates": [ 8.835835134065059, 52.362244238100068 ] } },
{ "type": "Feature", "properties": { "source": "hw=tertiary_other", "target": "cw=lane", "length_km": 0.074470300846418577, "osm_id": 802765391, "osm_version": 6, "valid_from": "2025-09-16T09:50:57Z", "feature_id": "802765391_6" }, "geometry": { "type": "Point", "coordinates": [ 6.716711756578176, 51.543545884294204 ] } },
{ "type": "Feature", "properties": { "source": "hw=residential_other", "target": "cw=lane", "length_km": 0.19636946326446822, "osm_id": 805358563, "osm_version": 6, "valid_from": "2025-09-08T15:45:57Z", "feature_id": "805358563_6" }, "geometry": { "type": "Point", "coordinates": [ 6.193709980699041, 51.281844836986181 ] } },
{ "type": "Feature", "properties": { "source": "hw=track_other", "target": "hw=track_bicycle=designated", "length_km": 0.49065061219649087, "osm_id": 819812880, "osm_version": 4, "valid_from": "2025-11-23T10:39:47Z", "feature_id": "819812880_4" }, "geometry": { "type": "Point", "coordinates": [ 9.682410291529491, 50.076397936906623 ] } },
{ "type": "Feature", "properties": { "source": "hw=path_other", "target": "hw=path_bicycle=designated", "length_km": 0.33284173485700352, "osm_id": 822194592, "osm_version": 6, "valid_from": "2025-09-07T09:31:30Z", "feature_id": "822194592_6" }, "geometry": { "type": "Point", "coordinates": [ 11.765585007852312, 51.603715902995347 ] } },
{ "type": "Feature", "properties": { "source": "hw=cycleway", "target": "hw=path_bicycle=designated", "length_km": 0.94561301985474366, "osm_id": 822545784, "osm_version": 2, "valid_from": "2025-12-05T19:00:51Z", "feature_id": "822545784_2" }, "geometry": { "type": "Point", "coordinates": [ 10.659035859665913, 49.188399260572602 ] } },
{ "type": "Feature", "properties": { "source": "hw=track_other", "target": "hw=path_bicycle=designated", "length_km": 0.52012980148819354, "osm_id": 824244938, "osm_version": 3, "valid_from": "2025-12-16T17:02:08Z", "feature_id": "824244938_3" }, "geometry": { "type": "Point", "coordinates": [ 10.441494745858336, 49.299090299671789 ] } },
{ "type": "Feature", "properties": { "source": "hw=path_other", "target": "hw=path_bicycle=designated", "length_km": 0.22069515801668957, "osm_id": 825374899, "osm_version": 3, "valid_from": "2025-11-16T14:58:41Z", "feature_id": "825374899_3" }, "geometry": { "type": "Point", "coordinates": [ 10.312018250299511, 49.172177733422608 ] } },
{ "type": "Feature", "properties": { "source": "hw=cycleway", "target": "hw=path_bicycle=designated", "length_km": 0.2025520781938164, "osm_id": 828683617, "osm_version": 9, "valid_from": "2025-09-07T08:42:23Z", "feature_id": "828683617_9" }, "geometry": { "type": "Point", "coordinates": [ 12.405450055271354, 51.400823634686667 ] } },
{ "type": "Feature", "properties": { "source": "hw=tertiary_other", "target": "cw=track", "length_km": 0.03683517356226354, "osm_id": 831107197, "osm_version": 5, "valid_from": "2025-10-08T12:28:51Z", "feature_id": "831107197_5" }, "geometry": { "type": "Point", "coordinates": [ 9.453943528726175, 54.806307840339628 ] } },
{ "type": "Feature", "properties": { "source": "cw=lane", "target": "cw=track", "length_km": 0.025246198740866116, "osm_id": 831107198, "osm_version": 6, "valid_from": "2025-10-08T12:28:51Z", "feature_id": "831107198_6" }, "geometry": { "type": "Point", "coordinates": [ 9.4518499, 54.80580015 ] } },
{ "type": "Feature", "properties": { "source": "hw=track_other", "target": "hw=path_bicycle=designated", "length_km": 0.041448359309900588, "osm_id": 838545432, "osm_version": 2, "valid_from": "2025-12-31T16:29:46Z", "feature_id": "838545432_2" }, "geometry": { "type": "Point", "coordinates": [ 8.142280346480428, 49.306184805111748 ] } },
{ "type": "Feature", "properties": { "source": "hw=footway_bicycle=yes", "target": "hw=path_bicycle=designated", "length_km": 0.06519857069538372, "osm_id": 842088922, "osm_version": 6, "valid_from": "2025-10-26T13:24:51Z", "feature_id": "842088922_6" }, "geometry": { "type": "Point", "coordinates": [ 7.767568967720737, 49.447082707302606 ] } },
{ "type": "Feature", "properties": { "source": "hw=secondary_other", "target": "cw=track", "length_km": 0.13215387861810504, "osm_id": 848437347, "osm_version": 4, "valid_from": "2025-11-07T11:56:40Z", "feature_id": "848437347_4" }, "geometry": { "type": "Point", "coordinates": [ 12.748842046711793, 51.892809929868157 ] } },
{ "type": "Feature", "properties": { "source": "hw=secondary_other", "target": "cw=track", "length_km": 0.011124646141285797, "osm_id": 848437348, "osm_version": 3, "valid_from": "2025-11-07T11:56:40Z", "feature_id": "848437348_3" }, "geometry": { "type": "Point", "coordinates": [ 12.74741685, 51.8919196 ] } },
{ "type": "Feature", "properties": { "source": "hw=path_other", "target": "hw=path_bicycle=designated", "length_km": 0.0574666195849153, "osm_id": 854269650, "osm_version": 4, "valid_from": "2025-12-31T10:50:01Z", "feature_id": "854269650_4" }, "geometry": { "type": "Point", "coordinates": [ 6.636531350246968, 49.90894298036222 ] } },
{ "type": "Feature", "properties": { "source": "hw=path_other", "target": "hw=path_bicycle=designated", "length_km": 0.086522593721646737, "osm_id": 861047864, "osm_version": 2, "valid_from": "2026-01-18T09:04:51Z", "feature_id": "861047864_2" }, "geometry": { "type": "Point", "coordinates": [ 6.967998238126464, 51.71160832821004 ] } },
{ "type": "Feature", "properties": { "source": "hw=path_other", "target": "hw=path_bicycle=designated", "length_km": 0.01101080610327111, "osm_id": 865583375, "osm_version": 3, "valid_from": "2025-10-23T13:52:08Z", "feature_id": "865583375_3" }, "geometry": { "type": "Point", "coordinates": [ 9.788510112672052, 48.404032824332639 ] } },
{ "type": "Feature", "properties": { "source": "hw=track_other", "target": "hw=path_bicycle=designated", "length_km": 0.065828534485293702, "osm_id": 867831537, "osm_version": 2, "valid_from": "2025-10-31T16:11:45Z", "feature_id": "867831537_2" }, "geometry": { "type": "Point", "coordinates": [ 13.283797350461739, 53.412771082164831 ] } },
{ "type": "Feature", "properties": { "source": "hw=track_other", "target": "hw=path_bicycle=designated", "length_km": 0.067160324802801888, "osm_id": 867831538, "osm_version": 2, "valid_from": "2025-10-31T16:11:45Z", "feature_id": "867831538_2" }, "geometry": { "type": "Point", "coordinates": [ 13.28499225, 53.41280375 ] } },
{ "type": "Feature", "properties": { "source": "hw=track_other", "target": "hw=path_bicycle=designated", "length_km": 0.10274475787108658, "osm_id": 880346494, "osm_version": 3, "valid_from": "2025-11-04T15:55:35Z", "feature_id": "880346494_3" }, "geometry": { "type": "Point", "coordinates": [ 8.03054078257054, 48.554629528843414 ] } },
{ "type": "Feature", "properties": { "source": "hw=footway_other", "target": "hw=footway_bicycle=yes", "length_km": 0.015850568448065566, "osm_id": 887681146, "osm_version": 3, "valid_from": "2025-10-15T13:09:47Z", "feature_id": "887681146_3" }, "geometry": { "type": "Point", "coordinates": [ 8.445994308149174, 49.940633829699443 ] } },
{ "type": "Feature", "properties": { "source": "hw=footway_other", "target": "hw=path_bicycle=designated", "length_km": 0.082899183257542003, "osm_id": 889488771, "osm_version": 5, "valid_from": "2025-10-15T17:17:42Z", "feature_id": "889488771_5" }, "geometry": { "type": "Point", "coordinates": [ 6.868018322714832, 51.430462860268406 ] } },
{ "type": "Feature", "properties": { "source": "hw=cycleway", "target": "hw=path_bicycle=designated", "length_km": 0.049186994583992408, "osm_id": 904355940, "osm_version": 4, "valid_from": "2025-10-02T09:11:16Z", "feature_id": "904355940_4" }, "geometry": { "type": "Point", "coordinates": [ 12.339758496410562, 49.875319909341364 ] } },
{ "type": "Feature", "properties": { "source": "hw=track_other", "target": "hw=path_bicycle=designated", "length_km": 0.28227916364148775, "osm_id": 907083480, "osm_version": 2, "valid_from": "2025-10-31T09:46:54Z", "feature_id": "907083480_2" }, "geometry": { "type": "Point", "coordinates": [ 11.815438100580621, 49.779748178067919 ] } },
{ "type": "Feature", "properties": { "source": "hw=footway_other", "target": "hw=path_bicycle=designated", "length_km": 0.063366977234644517, "osm_id": 911752233, "osm_version": 4, "valid_from": "2025-10-02T09:11:16Z", "feature_id": "911752233_4" }, "geometry": { "type": "Point", "coordinates": [ 12.339274650461471, 49.875964117344211 ] } },
{ "type": "Feature", "properties": { "source": "hw=footway_other", "target": "hw=path_bicycle=designated", "length_km": 0.00054725469676109538, "osm_id": 911752235, "osm_version": 3, "valid_from": "2025-10-02T09:11:16Z", "feature_id": "911752235_3" }, "geometry": { "type": "Point", "coordinates": [ 12.3396167, 49.8755314 ] } },
{ "type": "Feature", "properties": { "source": "hw=footway_other", "target": "hw=path_bicycle=designated", "length_km": 0.02270237044490328, "osm_id": 911752236, "osm_version": 3, "valid_from": "2025-10-02T09:11:16Z", "feature_id": "911752236_3" }, "geometry": { "type": "Point", "coordinates": [ 12.33954245, 49.8756242 ] } },
{ "type": "Feature", "properties": { "source": "hw=footway_other", "target": "hw=path_bicycle=designated", "length_km": 0.0070480372028773226, "osm_id": 911974313, "osm_version": 3, "valid_from": "2025-10-02T09:11:16Z", "feature_id": "911974313_3" }, "geometry": { "type": "Point", "coordinates": [ 12.3397539, 49.8755596 ] } },
{ "type": "Feature", "properties": { "source": "hw=footway_other", "target": "hw=path_bicycle=designated", "length_km": 0.023896657613346889, "osm_id": 911974314, "osm_version": 2, "valid_from": "2025-10-02T09:11:16Z", "feature_id": "911974314_2" }, "geometry": { "type": "Point", "coordinates": [ 12.3396534, 49.87568255 ] } },
{ "type": "Feature", "properties": { "source": "hw=path_other", "target": "hw=path_bicycle=designated", "length_km": 1.3783589999591528, "osm_id": 916755761, "osm_version": 2, "valid_from": "2025-10-19T14:58:49Z", "feature_id": "916755761_2" }, "geometry": { "type": "Point", "coordinates": [ 8.835540643088414, 52.310381430249919 ] } },
{ "type": "Feature", "properties": { "source": "hw=footway_bicycle=yes", "target": "hw=path_bicycle=designated", "length_km": 0.0063144506059766318, "osm_id": 917554133, "osm_version": 2, "valid_from": "2025-08-07T13:20:28Z", "feature_id": "917554133_2" }, "geometry": { "type": "Point", "coordinates": [ 9.26831035, 48.57011595 ] } },
{ "type": "Feature", "properties": { "source": "hw=footway_other", "target": "hw=path_bicycle=designated", "length_km": 0.058873870052374537, "osm_id": 919359681, "osm_version": 2, "valid_from": "2025-08-22T06:19:02Z", "feature_id": "919359681_2" }, "geometry": { "type": "Point", "coordinates": [ 7.07257947972407, 51.536775645013563 ] } },
{ "type": "Feature", "properties": { "source": "hw=cycleway", "target": "hw=path_bicycle=designated", "length_km": 1.0892642061099076, "osm_id": 920981302, "osm_version": 5, "valid_from": "2025-10-23T19:16:31Z", "feature_id": "920981302_5" }, "geometry": { "type": "Point", "coordinates": [ 7.148078928281625, 52.509876925798572 ] } },
{ "type": "Feature", "properties": { "source": "hw=path_other", "target": "hw=path_bicycle=designated", "length_km": 0.3654431948765719, "osm_id": 922794950, "osm_version": 3, "valid_from": "2025-10-31T12:32:48Z", "feature_id": "922794950_3" }, "geometry": { "type": "Point", "coordinates": [ 8.854707433745148, 48.256852425868047 ] } },
{ "type": "Feature", "properties": { "source": "hw=path_other", "target": "hw=path_bicycle=designated", "length_km": 0.019038631925425514, "osm_id": 925519974, "osm_version": 2, "valid_from": "2026-01-10T17:54:04Z", "feature_id": "925519974_2" }, "geometry": { "type": "Point", "coordinates": [ 8.83577825, 51.4510346 ] } },
{ "type": "Feature", "properties": { "source": "hw=path_other", "target": "hw=path_bicycle=designated", "length_km": 0.37120357236028706, "osm_id": 925519977, "osm_version": 2, "valid_from": "2026-01-10T17:54:04Z", "feature_id": "925519977_2" }, "geometry": { "type": "Point", "coordinates": [ 8.834948906857351, 51.449437067535918 ] } },
{ "type": "Feature", "properties": { "source": "hw=track_bicycle=designated", "target": "hw=path_bicycle=designated", "length_km": 0.0015496907479382166, "osm_id": 929440434, "osm_version": 3, "valid_from": "2025-10-30T18:45:51Z", "feature_id": "929440434_3" }, "geometry": { "type": "Point", "coordinates": [ 9.7872527, 50.04412365 ] } },
{ "type": "Feature", "properties": { "source": "hw=track_bicycle=designated", "target": "hw=path_bicycle=designated", "length_km": 0.0040913327689773554, "osm_id": 929440435, "osm_version": 3, "valid_from": "2025-10-30T18:45:51Z", "feature_id": "929440435_3" }, "geometry": { "type": "Point", "coordinates": [ 9.787222, 50.0441395 ] } },
{ "type": "Feature", "properties": { "source": "hw=track_other", "target": "hw=path_bicycle=designated", "length_km": 0.11182043924618942, "osm_id": 930679193, "osm_version": 4, "valid_from": "2025-10-31T20:54:41Z", "feature_id": "930679193_4" }, "geometry": { "type": "Point", "coordinates": [ 10.30428795050166, 48.563601861517192 ] } },
{ "type": "Feature", "properties": { "source": "hw=track_other", "target": "hw=path_bicycle=designated", "length_km": 0.15944907245958251, "osm_id": 930679194, "osm_version": 2, "valid_from": "2025-10-31T20:54:41Z", "feature_id": "930679194_2" }, "geometry": { "type": "Point", "coordinates": [ 10.314305944098313, 48.565910479162028 ] } },
{ "type": "Feature", "properties": { "source": "hw=path_other", "target": "hw=path_bicycle=designated", "length_km": 0.033323405999373827, "osm_id": 930679195, "osm_version": 3, "valid_from": "2025-10-31T20:54:41Z", "feature_id": "930679195_3" }, "geometry": { "type": "Point", "coordinates": [ 10.316648784880565, 48.56634475084396 ] } },
{ "type": "Feature", "properties": { "source": "hw=service_other", "target": "hw=path_bicycle=designated", "length_km": 0.017165459614087584, "osm_id": 930679197, "osm_version": 2, "valid_from": "2025-10-31T20:54:41Z", "feature_id": "930679197_2" }, "geometry": { "type": "Point", "coordinates": [ 10.316313285620309, 48.566318905038024 ] } },
{ "type": "Feature", "properties": { "source": "hw=track_other", "target": "hw=path_bicycle=designated", "length_km": 0.15094069821366832, "osm_id": 930679200, "osm_version": 4, "valid_from": "2025-10-31T20:54:41Z", "feature_id": "930679200_4" }, "geometry": { "type": "Point", "coordinates": [ 10.306446183416121, 48.564112782082375 ] } },
{ "type": "Feature", "properties": { "source": "hw=path_other", "target": "hw=path_bicycle=designated", "length_km": 0.038738992834909065, "osm_id": 930679201, "osm_version": 3, "valid_from": "2025-10-31T20:54:41Z", "feature_id": "930679201_3" }, "geometry": { "type": "Point", "coordinates": [ 10.305241, 48.56381255 ] } },
{ "type": "Feature", "properties": { "source": "hw=residential_other", "target": "cw=track", "length_km": 0.015099572454116248, "osm_id": 932080299, "osm_version": 3, "valid_from": "2025-08-22T17:11:52Z", "feature_id": "932080299_3" }, "geometry": { "type": "Point", "coordinates": [ 7.160115778980755, 51.517352205247121 ] } },
{ "type": "Feature", "properties": { "source": "hw=track_other", "target": "hw=path_bicycle=designated", "length_km": 0.022637639304492078, "osm_id": 932902631, "osm_version": 4, "valid_from": "2026-01-02T12:42:05Z", "feature_id": "932902631_4" }, "geometry": { "type": "Point", "coordinates": [ 9.18128161626772, 49.232785079633466 ] } },
{ "type": "Feature", "properties": { "source": "hw=track_other", "target": "hw=path_bicycle=designated", "length_km": 0.40004945584748419, "osm_id": 932902635, "osm_version": 5, "valid_from": "2026-01-02T12:42:05Z", "feature_id": "932902635_5" }, "geometry": { "type": "Point", "coordinates": [ 9.178217992262564, 49.232619591741496 ] } },
{ "type": "Feature", "properties": { "source": "hw=path_other", "target": "hw=path_bicycle=designated", "length_km": 0.18856151996543041, "osm_id": 935148518, "osm_version": 3, "valid_from": "2026-01-02T10:18:26Z", "feature_id": "935148518_3" }, "geometry": { "type": "Point", "coordinates": [ 7.621003313042698, 49.480181221320464 ] } },
{ "type": "Feature", "properties": { "source": "hw=path_other", "target": "hw=path_bicycle=designated", "length_km": 0.09924997587660285, "osm_id": 954736885, "osm_version": 3, "valid_from": "2025-09-07T16:15:36Z", "feature_id": "954736885_3" }, "geometry": { "type": "Point", "coordinates": [ 6.99813102995074, 52.073984519716525 ] } },
{ "type": "Feature", "properties": { "source": "hw=secondary_other", "target": "cw=track", "length_km": 0.05197695421761412, "osm_id": 956536356, "osm_version": 2, "valid_from": "2025-09-21T09:18:07Z", "feature_id": "956536356_2" }, "geometry": { "type": "Point", "coordinates": [ 8.2508392, 51.5962299 ] } },
{ "type": "Feature", "properties": { "source": "hw=secondary_other", "target": "cw=track", "length_km": 0.036995455784030067, "osm_id": 956536357, "osm_version": 3, "valid_from": "2025-09-21T09:18:07Z", "feature_id": "956536357_3" }, "geometry": { "type": "Point", "coordinates": [ 8.2524764, 51.5965397 ] } },
{ "type": "Feature", "properties": { "source": "hw=tertiary_other", "target": "cw=lane", "length_km": 0.0079945434505332112, "osm_id": 959971739, "osm_version": 4, "valid_from": "2025-11-15T19:31:12Z", "feature_id": "959971739_4" }, "geometry": { "type": "Point", "coordinates": [ 7.10237785, 51.5101903 ] } },
{ "type": "Feature", "properties": { "source": "hw=secondary_other", "target": "cw=lane", "length_km": 0.022480852479216235, "osm_id": 960653032, "osm_version": 2, "valid_from": "2025-10-28T19:22:05Z", "feature_id": "960653032_2" }, "geometry": { "type": "Point", "coordinates": [ 8.6058422, 51.67702605 ] } },
{ "type": "Feature", "properties": { "source": "hw=secondary_other", "target": "cw=lane", "length_km": 0.013998801605463098, "osm_id": 960653033, "osm_version": 2, "valid_from": "2025-10-28T19:22:05Z", "feature_id": "960653033_2" }, "geometry": { "type": "Point", "coordinates": [ 8.6073489, 51.6747781 ] } },
{ "type": "Feature", "properties": { "source": "hw=path_other", "target": "hw=path_bicycle=designated", "length_km": 0.30123502945524455, "osm_id": 965180752, "osm_version": 2, "valid_from": "2025-11-03T16:07:40Z", "feature_id": "965180752_2" }, "geometry": { "type": "Point", "coordinates": [ 11.806998699952873, 50.570262567083375 ] } },
{ "type": "Feature", "properties": { "source": "hw=track_other", "target": "hw=path_bicycle=designated", "length_km": 0.027469531292192036, "osm_id": 966978904, "osm_version": 2, "valid_from": "2025-11-04T15:55:35Z", "feature_id": "966978904_2" }, "geometry": { "type": "Point", "coordinates": [ 8.031041991296181, 48.555113512668818 ] } },
{ "type": "Feature", "properties": { "source": "hw=track_bicycle=designated", "target": "hw=path_bicycle=designated", "length_km": 0.5589307714830023, "osm_id": 970065274, "osm_version": 2, "valid_from": "2025-10-30T18:45:51Z", "feature_id": "970065274_2" }, "geometry": { "type": "Point", "coordinates": [ 9.78839576402151, 50.046557694003155 ] } },
{ "type": "Feature", "properties": { "source": "hw=track_bicycle=designated", "target": "hw=path_bicycle=designated", "length_km": 0.14974484618803532, "osm_id": 970172037, "osm_version": 2, "valid_from": "2025-10-30T18:51:53Z", "feature_id": "970172037_2" }, "geometry": { "type": "Point", "coordinates": [ 9.777727146674154, 50.019683628695923 ] } },
{ "type": "Feature", "properties": { "source": "hw=footway_bicycle=yes", "target": "hw=path_bicycle=designated", "length_km": 0.066342206468316636, "osm_id": 970244152, "osm_version": 4, "valid_from": "2025-10-25T08:03:43Z", "feature_id": "970244152_4" }, "geometry": { "type": "Point", "coordinates": [ 11.909104685567383, 51.485226564336735 ] } },
{ "type": "Feature", "properties": { "source": "hw=tertiary_other", "target": "cw=track", "length_km": 0.044912317024342063, "osm_id": 970450811, "osm_version": 4, "valid_from": "2025-10-28T20:16:24Z", "feature_id": "970450811_4" }, "geometry": { "type": "Point", "coordinates": [ 9.3879828, 53.2971877 ] } },
{ "type": "Feature", "properties": { "source": "hw=primary_other", "target": "cw=track", "length_km": 0.12686896919016019, "osm_id": 971662640, "osm_version": 2, "valid_from": "2025-09-17T13:31:56Z", "feature_id": "971662640_2" }, "geometry": { "type": "Point", "coordinates": [ 8.42701495, 51.6269192 ] } },
{ "type": "Feature", "properties": { "source": "hw=primary_other", "target": "cw=track", "length_km": 0.11182161476446148, "osm_id": 971667924, "osm_version": 2, "valid_from": "2025-09-17T13:31:56Z", "feature_id": "971667924_2" }, "geometry": { "type": "Point", "coordinates": [ 8.43268655, 51.627784 ] } },
{ "type": "Feature", "properties": { "source": "hw=primary_other", "target": "cw=track", "length_km": 0.018069240342433891, "osm_id": 972007783, "osm_version": 3, "valid_from": "2025-10-28T19:14:39Z", "feature_id": "972007783_3" }, "geometry": { "type": "Point", "coordinates": [ 8.599941429444526, 51.670847742289716 ] } },
{ "type": "Feature", "properties": { "source": "hw=path_other", "target": "hw=path_bicycle=designated", "length_km": 0.18324106251688815, "osm_id": 973226904, "osm_version": 4, "valid_from": "2025-12-31T11:01:42Z", "feature_id": "973226904_4" }, "geometry": { "type": "Point", "coordinates": [ 6.655463445207808, 49.935921860079247 ] } },
{ "type": "Feature", "properties": { "source": "hw=path_other", "target": "hw=path_bicycle=designated", "length_km": 0.072009991169476012, "osm_id": 973226905, "osm_version": 4, "valid_from": "2025-12-31T11:01:42Z", "feature_id": "973226905_4" }, "geometry": { "type": "Point", "coordinates": [ 6.65706884647831, 49.935539510069241 ] } },
{ "type": "Feature", "properties": { "source": "hw=footway_other", "target": "hw=footway_bicycle=yes", "length_km": 0.53211664349831211, "osm_id": 973590346, "osm_version": 7, "valid_from": "2025-12-09T18:06:03Z", "feature_id": "973590346_7" }, "geometry": { "type": "Point", "coordinates": [ 14.386795222073282, 51.527991199613872 ] } },
{ "type": "Feature", "properties": { "source": "hw=path_other", "target": "hw=path_bicycle=designated", "length_km": 0.38463609956914979, "osm_id": 975015596, "osm_version": 8, "valid_from": "2025-09-21T08:47:21Z", "feature_id": "975015596_8" }, "geometry": { "type": "Point", "coordinates": [ 9.208442753777529, 48.085342626798031 ] } },
{ "type": "Feature", "properties": { "source": "hw=footway_bicycle=yes", "target": "hw=path_bicycle=designated", "length_km": 0.15878839596904612, "osm_id": 977977703, "osm_version": 13, "valid_from": "2025-10-19T15:09:09Z", "feature_id": "977977703_13" }, "geometry": { "type": "Point", "coordinates": [ 10.567355197765298, 53.084071437386086 ] } },
{ "type": "Feature", "properties": { "source": "hw=cycleway", "target": "hw=path_bicycle=designated", "length_km": 0.11406167637170718, "osm_id": 981845638, "osm_version": 3, "valid_from": "2025-09-06T12:48:15Z", "feature_id": "981845638_3" }, "geometry": { "type": "Point", "coordinates": [ 12.4217694, 51.1146508 ] } },
{ "type": "Feature", "properties": { "source": "hw=path_other", "target": "hw=path_bicycle=designated", "length_km": 4.3987132408821532, "osm_id": 983802381, "osm_version": 7, "valid_from": "2025-11-07T09:10:38Z", "feature_id": "983802381_7" }, "geometry": { "type": "Point", "coordinates": [ 7.294345451826312, 53.239150133895535 ] } },
{ "type": "Feature", "properties": { "source": "hw=footway_other", "target": "hw=path_bicycle=designated", "length_km": 0.019836054476095002, "osm_id": 983927634, "osm_version": 4, "valid_from": "2025-09-21T08:47:21Z", "feature_id": "983927634_4" }, "geometry": { "type": "Point", "coordinates": [ 9.213200150356231, 48.088923447983952 ] } },
{ "type": "Feature", "properties": { "source": "hw=track_other", "target": "hw=track_bicycle=designated", "length_km": 0.54668807691482468, "osm_id": 984849306, "osm_version": 3, "valid_from": "2026-01-01T08:52:12Z", "feature_id": "984849306_3" }, "geometry": { "type": "Point", "coordinates": [ 9.182246721024692, 51.705510079793832 ] } },
{ "type": "Feature", "properties": { "source": "hw=footway_other", "target": "hw=path_bicycle=designated", "length_km": 0.14929514327660698, "osm_id": 985107921, "osm_version": 4, "valid_from": "2025-09-21T11:16:27Z", "feature_id": "985107921_4" }, "geometry": { "type": "Point", "coordinates": [ 7.043908329035983, 51.514551318823855 ] } },
{ "type": "Feature", "properties": { "source": "hw=path_other", "target": "hw=path_bicycle=designated", "length_km": 0.15887513111491833, "osm_id": 987003849, "osm_version": 3, "valid_from": "2025-11-21T19:43:10Z", "feature_id": "987003849_3" }, "geometry": { "type": "Point", "coordinates": [ 12.46592975437051, 47.774533506565355 ] } },
{ "type": "Feature", "properties": { "source": "hw=footway_other", "target": "hw=path_bicycle=designated", "length_km": 0.0058054322101482305, "osm_id": 987369735, "osm_version": 2, "valid_from": "2025-12-05T18:57:50Z", "feature_id": "987369735_2" }, "geometry": { "type": "Point", "coordinates": [ 10.6545162, 49.17338525 ] } },
{ "type": "Feature", "properties": { "source": "hw=footway_other", "target": "hw=path_bicycle=designated", "length_km": 0.068567473983311034, "osm_id": 987369736, "osm_version": 2, "valid_from": "2025-12-05T18:57:50Z", "feature_id": "987369736_2" }, "geometry": { "type": "Point", "coordinates": [ 10.655011596322492, 49.173451901205965 ] } },
{ "type": "Feature", "properties": { "source": "hw=footway_other", "target": "hw=path_bicycle=designated", "length_km": 0.51548616172372297, "osm_id": 988335979, "osm_version": 3, "valid_from": "2025-12-05T18:35:53Z", "feature_id": "988335979_3" }, "geometry": { "type": "Point", "coordinates": [ 10.340211817747221, 49.157453415870371 ] } },
{ "type": "Feature", "properties": { "source": "hw=secondary_other", "target": "cw=lane", "length_km": 0.064794726750297932, "osm_id": 992014122, "osm_version": 2, "valid_from": "2025-11-15T15:48:57Z", "feature_id": "992014122_2" }, "geometry": { "type": "Point", "coordinates": [ 7.102798036472449, 51.522782037035654 ] } },
{ "type": "Feature", "properties": { "source": "hw=footway_other", "target": "hw=footway_bicycle=yes", "length_km": 0.0050607262043635554, "osm_id": 995233988, "osm_version": 2, "valid_from": "2026-01-01T16:30:04Z", "feature_id": "995233988_2" }, "geometry": { "type": "Point", "coordinates": [ 7.05581015, 51.2878252 ] } },
{ "type": "Feature", "properties": { "source": "hw=secondary_other", "target": "cw=track", "length_km": 0.1083744917628387, "osm_id": 1005624302, "osm_version": 3, "valid_from": "2025-11-20T17:40:48Z", "feature_id": "1005624302_3" }, "geometry": { "type": "Point", "coordinates": [ 9.375011313160874, 49.579283507824059 ] } },
{ "type": "Feature", "properties": { "source": "hw=footway_other", "target": "hw=path_bicycle=designated", "length_km": 0.0079055442581921816, "osm_id": 1015252539, "osm_version": 4, "valid_from": "2025-09-21T06:01:25Z", "feature_id": "1015252539_4" }, "geometry": { "type": "Point", "coordinates": [ 7.046087910997892, 51.558182536446544 ] } },
{ "type": "Feature", "properties": { "source": "hw=residential_other", "target": "cw=track", "length_km": 0.0024174315127124027, "osm_id": 1015507024, "osm_version": 3, "valid_from": "2025-08-22T18:51:03Z", "feature_id": "1015507024_3" }, "geometry": { "type": "Point", "coordinates": [ 7.1527576, 51.51321785 ] } },
{ "type": "Feature", "properties": { "source": "hw=residential_other", "target": "cw=track", "length_km": 0.037087206824651137, "osm_id": 1018611018, "osm_version": 2, "valid_from": "2025-10-23T12:04:46Z", "feature_id": "1018611018_2" }, "geometry": { "type": "Point", "coordinates": [ 6.862525602789492, 51.845699687349956 ] } },
{ "type": "Feature", "properties": { "source": "hw=residential_other", "target": "cw=track", "length_km": 0.042176399763822155, "osm_id": 1018611019, "osm_version": 2, "valid_from": "2025-10-23T12:04:46Z", "feature_id": "1018611019_2" }, "geometry": { "type": "Point", "coordinates": [ 6.863019835689659, 51.84588050484431 ] } },
{ "type": "Feature", "properties": { "source": "hw=path_other", "target": "hw=path_bicycle=designated", "length_km": 0.149433208284448, "osm_id": 1019446625, "osm_version": 3, "valid_from": "2025-12-31T11:01:42Z", "feature_id": "1019446625_3" }, "geometry": { "type": "Point", "coordinates": [ 6.656031612174861, 49.93524595876363 ] } },
{ "type": "Feature", "properties": { "source": "hw=cycleway", "target": "hw=path_bicycle=designated", "length_km": 0.046094674381275069, "osm_id": 1028767814, "osm_version": 2, "valid_from": "2025-09-07T08:42:23Z", "feature_id": "1028767814_2" }, "geometry": { "type": "Point", "coordinates": [ 12.40701665, 51.4013606 ] } },
{ "type": "Feature", "properties": { "source": "hw=cycleway", "target": "hw=path_bicycle=designated", "length_km": 0.16408114877113944, "osm_id": 1028767815, "osm_version": 2, "valid_from": "2025-09-07T08:42:23Z", "feature_id": "1028767815_2" }, "geometry": { "type": "Point", "coordinates": [ 12.408354754023707, 51.401797145423295 ] } },
{ "type": "Feature", "properties": { "source": "hw=residential_other", "target": "cw=track", "length_km": 0.044257889149310087, "osm_id": 1030719643, "osm_version": 4, "valid_from": "2025-08-22T17:11:52Z", "feature_id": "1030719643_4" }, "geometry": { "type": "Point", "coordinates": [ 7.160539961108872, 51.517332634464452 ] } },
{ "type": "Feature", "properties": { "source": "hw=residential_other", "target": "cw=track", "length_km": 0.0089367489641458894, "osm_id": 1030719644, "osm_version": 5, "valid_from": "2025-08-22T17:11:52Z", "feature_id": "1030719644_5" }, "geometry": { "type": "Point", "coordinates": [ 7.16028355, 51.5173722 ] } },
{ "type": "Feature", "properties": { "source": "hw=residential_other", "target": "cw=track", "length_km": 0.28610577734630738, "osm_id": 1030719649, "osm_version": 2, "valid_from": "2025-08-22T18:51:03Z", "feature_id": "1030719649_2" }, "geometry": { "type": "Point", "coordinates": [ 7.162480742465921, 51.512119101474951 ] } },
{ "type": "Feature", "properties": { "source": "hw=secondary_other", "target": "cw=track", "length_km": 0.039691436616837085, "osm_id": 1030719650, "osm_version": 5, "valid_from": "2025-08-22T17:05:59Z", "feature_id": "1030719650_5" }, "geometry": { "type": "Point", "coordinates": [ 7.164824969950593, 51.512045407665163 ] } },
{ "type": "Feature", "properties": { "source": "hw=secondary_other", "target": "cw=track", "length_km": 0.087204059702556763, "osm_id": 1030719654, "osm_version": 5, "valid_from": "2025-08-22T17:05:59Z", "feature_id": "1030719654_5" }, "geometry": { "type": "Point", "coordinates": [ 7.169247241920232, 51.510743864138313 ] } },
{ "type": "Feature", "properties": { "source": "hw=secondary_other", "target": "cw=track", "length_km": 0.038376774654224448, "osm_id": 1030719657, "osm_version": 4, "valid_from": "2025-08-22T17:05:59Z", "feature_id": "1030719657_4" }, "geometry": { "type": "Point", "coordinates": [ 7.167036199479825, 51.510766359577246 ] } },
{ "type": "Feature", "properties": { "source": "hw=secondary_other", "target": "cw=track", "length_km": 0.085305755771168154, "osm_id": 1030719663, "osm_version": 6, "valid_from": "2025-08-22T17:05:59Z", "feature_id": "1030719663_6" }, "geometry": { "type": "Point", "coordinates": [ 7.168010356280992, 51.510710760745859 ] } },
{ "type": "Feature", "properties": { "source": "hw=secondary_other", "target": "cw=track", "length_km": 0.0079232928304793487, "osm_id": 1030719664, "osm_version": 5, "valid_from": "2025-08-22T17:05:59Z", "feature_id": "1030719664_5" }, "geometry": { "type": "Point", "coordinates": [ 7.1673445, 51.51069755 ] } },
{ "type": "Feature", "properties": { "source": "hw=secondary_other", "target": "cw=track", "length_km": 0.11647846613861014, "osm_id": 1030719704, "osm_version": 5, "valid_from": "2025-08-22T17:05:59Z", "feature_id": "1030719704_5" }, "geometry": { "type": "Point", "coordinates": [ 7.163757345833267, 51.513821342557222 ] } },
{ "type": "Feature", "properties": { "source": "hw=footway_other", "target": "hw=path_bicycle=designated", "length_km": 0.4063608350312648, "osm_id": 1043494305, "osm_version": 2, "valid_from": "2025-11-17T15:06:17Z", "feature_id": "1043494305_2" }, "geometry": { "type": "Point", "coordinates": [ 12.349617656412386, 49.152852082840525 ] } },
{ "type": "Feature", "properties": { "source": "hw=footway_other", "target": "hw=path_bicycle=designated", "length_km": 0.31915535460042394, "osm_id": 1043494306, "osm_version": 2, "valid_from": "2025-11-17T15:06:17Z", "feature_id": "1043494306_2" }, "geometry": { "type": "Point", "coordinates": [ 12.346422117112381, 49.154140529510599 ] } },
{ "type": "Feature", "properties": { "source": "hw=cycleway", "target": "hw=path_bicycle=designated", "length_km": 0.095090951756047801, "osm_id": 1043537501, "osm_version": 3, "valid_from": "2025-11-16T16:21:47Z", "feature_id": "1043537501_3" }, "geometry": { "type": "Point", "coordinates": [ 10.483174084659661, 54.001605575980676 ] } },
{ "type": "Feature", "properties": { "source": "hw=cycleway", "target": "hw=path_bicycle=designated", "length_km": 0.03481229139988741, "osm_id": 1047677210, "osm_version": 2, "valid_from": "2025-09-06T12:48:15Z", "feature_id": "1047677210_2" }, "geometry": { "type": "Point", "coordinates": [ 12.421071663783243, 51.114158106461616 ] } },
{ "type": "Feature", "properties": { "source": "hw=cycleway", "target": "hw=path_bicycle=designated", "length_km": 0.089040955050313994, "osm_id": 1050827822, "osm_version": 3, "valid_from": "2025-11-05T19:23:09Z", "feature_id": "1050827822_3" }, "geometry": { "type": "Point", "coordinates": [ 6.442441745500386, 50.895111113712652 ] } },
{ "type": "Feature", "properties": { "source": "hw=service_other", "target": "hw=path_bicycle=designated", "length_km": 0.095250072872497038, "osm_id": 1053373941, "osm_version": 2, "valid_from": "2025-11-16T13:08:11Z", "feature_id": "1053373941_2" }, "geometry": { "type": "Point", "coordinates": [ 8.512110822880253, 47.897059534764928 ] } },
{ "type": "Feature", "properties": { "source": "hw=secondary_other", "target": "cw=track", "length_km": 0.012693761844489655, "osm_id": 1068946928, "osm_version": 4, "valid_from": "2025-08-22T17:05:59Z", "feature_id": "1068946928_4" }, "geometry": { "type": "Point", "coordinates": [ 7.16520185, 51.5115554 ] } },
{ "type": "Feature", "properties": { "source": "hw=footway_bicycle=yes", "target": "hw=path_bicycle=designated", "length_km": 0.0034328116845318765, "osm_id": 1070022514, "osm_version": 2, "valid_from": "2025-10-25T08:03:43Z", "feature_id": "1070022514_2" }, "geometry": { "type": "Point", "coordinates": [ 11.90924955, 51.48545525 ] } },
{ "type": "Feature", "properties": { "source": "hw=footway_bicycle=yes", "target": "hw=path_bicycle=designated", "length_km": 0.0086354929969571451, "osm_id": 1070022515, "osm_version": 2, "valid_from": "2025-10-25T08:03:43Z", "feature_id": "1070022515_2" }, "geometry": { "type": "Point", "coordinates": [ 11.90932275, 51.4854449 ] } },
{ "type": "Feature", "properties": { "source": "hw=footway_other", "target": "hw=path_bicycle=designated", "length_km": 0.013618192495737277, "osm_id": 1070022516, "osm_version": 3, "valid_from": "2025-10-25T08:03:43Z", "feature_id": "1070022516_3" }, "geometry": { "type": "Point", "coordinates": [ 11.909266633346421, 51.485525739603425 ] } },
{ "type": "Feature", "properties": { "source": "hw=footway_other", "target": "hw=path_bicycle=designated", "length_km": 0.01625835413071192, "osm_id": 1070022523, "osm_version": 3, "valid_from": "2025-10-25T08:03:43Z", "feature_id": "1070022523_3" }, "geometry": { "type": "Point", "coordinates": [ 11.909124963249411, 51.485412856477879 ] } },
{ "type": "Feature", "properties": { "source": "hw=path_other", "target": "hw=path_bicycle=designated", "length_km": 0.078938786654449561, "osm_id": 1070289385, "osm_version": 2, "valid_from": "2025-10-11T09:07:43Z", "feature_id": "1070289385_2" }, "geometry": { "type": "Point", "coordinates": [ 6.623526744316674, 50.862853898376471 ] } },
{ "type": "Feature", "properties": { "source": "hw=path_other", "target": "hw=path_bicycle=designated", "length_km": 0.080886774812678031, "osm_id": 1071004572, "osm_version": 4, "valid_from": "2025-08-17T16:42:14Z", "feature_id": "1071004572_4" }, "geometry": { "type": "Point", "coordinates": [ 9.23620306618947, 48.78844969483476 ] } },
{ "type": "Feature", "properties": { "source": "hw=track_other", "target": "hw=path_bicycle=designated", "length_km": 0.067262930201324636, "osm_id": 1071956628, "osm_version": 3, "valid_from": "2025-11-03T17:53:51Z", "feature_id": "1071956628_3" }, "geometry": { "type": "Point", "coordinates": [ 10.175096335842152, 49.583917126375553 ] } },
{ "type": "Feature", "properties": { "source": "hw=track_other", "target": "hw=path_bicycle=designated", "length_km": 0.30385381601646372, "osm_id": 1071956629, "osm_version": 3, "valid_from": "2025-11-03T17:53:51Z", "feature_id": "1071956629_3" }, "geometry": { "type": "Point", "coordinates": [ 10.171420527910158, 49.587744964508737 ] } },
{ "type": "Feature", "properties": { "source": "hw=footway_bicycle=yes", "target": "hw=path_bicycle=designated", "length_km": 0.0045585339506596352, "osm_id": 1085169751, "osm_version": 2, "valid_from": "2025-10-30T08:59:10Z", "feature_id": "1085169751_2" }, "geometry": { "type": "Point", "coordinates": [ 12.970949485932126, 47.83836245576817 ] } },
{ "type": "Feature", "properties": { "source": "hw=footway_other", "target": "hw=footway_bicycle=yes", "length_km": 0.039888413669828503, "osm_id": 1086529963, "osm_version": 3, "valid_from": "2025-09-21T08:47:21Z", "feature_id": "1086529963_3" }, "geometry": { "type": "Point", "coordinates": [ 9.210942599931942, 48.08709670610299 ] } },
{ "type": "Feature", "properties": { "source": "hw=footway_other", "target": "hw=footway_bicycle=yes", "length_km": 0.0049623835529540141, "osm_id": 1086529969, "osm_version": 3, "valid_from": "2025-09-21T08:47:21Z", "feature_id": "1086529969_3" }, "geometry": { "type": "Point", "coordinates": [ 9.20944315, 48.08695715 ] } },
{ "type": "Feature", "properties": { "source": "hw=footway_other", "target": "hw=footway_bicycle=yes", "length_km": 0.07939540503077952, "osm_id": 1086529970, "osm_version": 7, "valid_from": "2025-09-21T08:47:21Z", "feature_id": "1086529970_7" }, "geometry": { "type": "Point", "coordinates": [ 9.208878856467907, 48.086934424292551 ] } },
{ "type": "Feature", "properties": { "source": "hw=footway_bicycle=yes", "target": "hw=path_bicycle=designated", "length_km": 0.10083426863986876, "osm_id": 1087277158, "osm_version": 2, "valid_from": "2025-09-20T09:16:47Z", "feature_id": "1087277158_2" }, "geometry": { "type": "Point", "coordinates": [ 7.105242320063153, 51.5068899445547 ] } },
{ "type": "Feature", "properties": { "source": "hw=track_other", "target": "hw=track_bicycle=designated", "length_km": 0.015000361602794087, "osm_id": 1089138908, "osm_version": 2, "valid_from": "2026-01-01T08:52:12Z", "feature_id": "1089138908_2" }, "geometry": { "type": "Point", "coordinates": [ 9.1854026, 51.7072757 ] } },
{ "type": "Feature", "properties": { "source": "hw=secondary_other", "target": "cw=lane", "length_km": 0.098998323766691737, "osm_id": 1091699831, "osm_version": 6, "valid_from": "2025-10-11T09:25:18Z", "feature_id": "1091699831_6" }, "geometry": { "type": "Point", "coordinates": [ 7.147442104669944, 50.727343292503349 ] } },
{ "type": "Feature", "properties": { "source": "hw=secondary_other", "target": "cw=lane", "length_km": 0.12606176376703779, "osm_id": 1091889452, "osm_version": 4, "valid_from": "2025-10-11T09:25:18Z", "feature_id": "1091889452_4" }, "geometry": { "type": "Point", "coordinates": [ 7.145705605806275, 50.728086558095868 ] } },
{ "type": "Feature", "properties": { "source": "hw=secondary_other", "target": "cw=lane", "length_km": 0.1136668519217237, "osm_id": 1091889454, "osm_version": 5, "valid_from": "2025-10-11T09:25:18Z", "feature_id": "1091889454_5" }, "geometry": { "type": "Point", "coordinates": [ 7.149972682392917, 50.725838192941794 ] } },
{ "type": "Feature", "properties": { "source": "hw=primary_other", "target": "cw=track", "length_km": 0.51199216328670294, "osm_id": 1093114242, "osm_version": 6, "valid_from": "2025-11-03T15:29:57Z", "feature_id": "1093114242_6" }, "geometry": { "type": "Point", "coordinates": [ 11.430456678278937, 51.754401723509545 ] } },
{ "type": "Feature", "properties": { "source": "hw=path_other", "target": "hw=path_bicycle=designated", "length_km": 0.35866489514285982, "osm_id": 1096104414, "osm_version": 5, "valid_from": "2025-12-31T20:18:21Z", "feature_id": "1096104414_5" }, "geometry": { "type": "Point", "coordinates": [ 6.285397102892341, 51.329716170777687 ] } },
{ "type": "Feature", "properties": { "source": "hw=track_other", "target": "hw=path_bicycle=designated", "length_km": 0.028859581879199115, "osm_id": 1096221728, "osm_version": 3, "valid_from": "2025-11-09T09:03:46Z", "feature_id": "1096221728_3" }, "geometry": { "type": "Point", "coordinates": [ 10.567822677184679, 49.347644353819753 ] } },
{ "type": "Feature", "properties": { "source": "hw=path_other", "target": "hw=path_bicycle=designated", "length_km": 0.085403153726288955, "osm_id": 1098636492, "osm_version": 4, "valid_from": "2025-09-21T08:47:21Z", "feature_id": "1098636492_4" }, "geometry": { "type": "Point", "coordinates": [ 9.210165957465204, 48.087512664511301 ] } },
{ "type": "Feature", "properties": { "source": "hw=footway_other", "target": "hw=footway_bicycle=yes", "length_km": 0.011545946574558114, "osm_id": 1099302071, "osm_version": 3, "valid_from": "2025-09-21T08:47:21Z", "feature_id": "1099302071_3" }, "geometry": { "type": "Point", "coordinates": [ 9.208273847066698, 48.086878168177734 ] } },
{ "type": "Feature", "properties": { "source": "hw=tertiary_other", "target": "cw=track", "length_km": 0.018793550566472892, "osm_id": 1099321982, "osm_version": 3, "valid_from": "2025-08-23T09:28:15Z", "feature_id": "1099321982_3" }, "geometry": { "type": "Point", "coordinates": [ 7.0795471, 51.5044707 ] } },
{ "type": "Feature", "properties": { "source": "hw=track_other", "target": "hw=path_bicycle=designated", "length_km": 0.23059581132804788, "osm_id": 1103021812, "osm_version": 2, "valid_from": "2025-11-24T13:01:36Z", "feature_id": "1103021812_2" }, "geometry": { "type": "Point", "coordinates": [ 9.545685419713728, 48.522566168062703 ] } },
{ "type": "Feature", "properties": { "source": "hw=secondary_other", "target": "cw=track", "length_km": 0.014513176045984136, "osm_id": 1108309217, "osm_version": 2, "valid_from": "2025-08-23T06:09:10Z", "feature_id": "1108309217_2" }, "geometry": { "type": "Point", "coordinates": [ 6.93103595, 51.53475985 ] } },
{ "type": "Feature", "properties": { "source": "hw=primary_other", "target": "cw=lane", "length_km": 0.027387643515610311, "osm_id": 1112450019, "osm_version": 3, "valid_from": "2025-12-29T17:25:11Z", "feature_id": "1112450019_3" }, "geometry": { "type": "Point", "coordinates": [ 7.1103912, 51.16210265 ] } },
{ "type": "Feature", "properties": { "source": "hw=primary_other", "target": "cw=lane", "length_km": 0.13920164423428358, "osm_id": 1112450020, "osm_version": 3, "valid_from": "2025-12-29T17:25:11Z", "feature_id": "1112450020_3" }, "geometry": { "type": "Point", "coordinates": [ 7.105328438598787, 51.161079319670726 ] } },
{ "type": "Feature", "properties": { "source": "hw=cycleway", "target": "hw=path_bicycle=designated", "length_km": 0.56733733713817691, "osm_id": 1113598635, "osm_version": 5, "valid_from": "2025-12-20T10:46:54Z", "feature_id": "1113598635_5" }, "geometry": { "type": "Point", "coordinates": [ 12.400037969270871, 51.001699451576137 ] } },
{ "type": "Feature", "properties": { "source": "hw=tertiary_other", "target": "cw=track", "length_km": 0.022093469335853214, "osm_id": 1117851279, "osm_version": 2, "valid_from": "2025-08-23T09:28:15Z", "feature_id": "1117851279_2" }, "geometry": { "type": "Point", "coordinates": [ 7.0799001, 51.50229645 ] } },
{ "type": "Feature", "properties": { "source": "hw=tertiary_other", "target": "cw=track", "length_km": 0.013268259017739115, "osm_id": 1117851280, "osm_version": 2, "valid_from": "2025-08-23T09:28:15Z", "feature_id": "1117851280_2" }, "geometry": { "type": "Point", "coordinates": [ 7.0798579, 51.5025438 ] } },
{ "type": "Feature", "properties": { "source": "hw=footway_other", "target": "hw=path_bicycle=designated", "length_km": 0.1833452712750078, "osm_id": 1118626897, "osm_version": 4, "valid_from": "2025-10-15T16:25:42Z", "feature_id": "1118626897_4" }, "geometry": { "type": "Point", "coordinates": [ 12.40242220324372, 50.529763763217183 ] } },
{ "type": "Feature", "properties": { "source": "hw=path_bicycle=designated", "target": "hw=footway_bicycle=yes", "length_km": 0.0096540156855552985, "osm_id": 1122674941, "osm_version": 3, "valid_from": "2025-10-19T09:26:05Z", "feature_id": "1122674941_3" }, "geometry": { "type": "Point", "coordinates": [ 12.11039305, 50.5254055 ] } },
{ "type": "Feature", "properties": { "source": "hw=footway_other", "target": "hw=path_bicycle=designated", "length_km": 0.043710865474257683, "osm_id": 1122674954, "osm_version": 2, "valid_from": "2025-10-19T09:26:05Z", "feature_id": "1122674954_2" }, "geometry": { "type": "Point", "coordinates": [ 12.110844693984362, 50.525162530762749 ] } },
{ "type": "Feature", "properties": { "source": "hw=footway_other", "target": "hw=footway_bicycle=yes", "length_km": 0.0067881105622747389, "osm_id": 1122674965, "osm_version": 2, "valid_from": "2025-10-19T09:26:05Z", "feature_id": "1122674965_2" }, "geometry": { "type": "Point", "coordinates": [ 12.110394637080532, 50.525468352196086 ] } },
{ "type": "Feature", "properties": { "source": "hw=footway_other", "target": "hw=path_bicycle=designated", "length_km": 0.0033931642140459816, "osm_id": 1122674966, "osm_version": 2, "valid_from": "2025-10-19T09:26:05Z", "feature_id": "1122674966_2" }, "geometry": { "type": "Point", "coordinates": [ 12.1107858, 50.5253558 ] } },
{ "type": "Feature", "properties": { "source": "hw=footway_other", "target": "hw=footway_bicycle=yes", "length_km": 0.0049567217863921613, "osm_id": 1122674968, "osm_version": 2, "valid_from": "2025-10-19T09:26:05Z", "feature_id": "1122674968_2" }, "geometry": { "type": "Point", "coordinates": [ 12.110493400732858, 50.525278555240867 ] } },
{ "type": "Feature", "properties": { "source": "hw=footway_bicycle=yes", "target": "hw=path_bicycle=designated", "length_km": 0.28674683309668325, "osm_id": 1122683496, "osm_version": 2, "valid_from": "2025-09-20T07:39:24Z", "feature_id": "1122683496_2" }, "geometry": { "type": "Point", "coordinates": [ 12.161039873495891, 50.509422919112552 ] } },
{ "type": "Feature", "properties": { "source": "hw=footway_other", "target": "hw=path_bicycle=designated", "length_km": 0.017129189464673202, "osm_id": 1122962694, "osm_version": 2, "valid_from": "2025-10-15T16:25:42Z", "feature_id": "1122962694_2" }, "geometry": { "type": "Point", "coordinates": [ 12.403828901015276, 50.532168089542338 ] } },
{ "type": "Feature", "properties": { "source": "hw=footway_other", "target": "hw=path_bicycle=designated", "length_km": 0.010267731441380622, "osm_id": 1122962696, "osm_version": 2, "valid_from": "2025-10-15T16:25:42Z", "feature_id": "1122962696_2" }, "geometry": { "type": "Point", "coordinates": [ 12.4034395, 50.5316354 ] } },
{ "type": "Feature", "properties": { "source": "hw=unclassified_other", "target": "hw=path_bicycle=designated", "length_km": 0.16611601113444563, "osm_id": 1124794593, "osm_version": 4, "valid_from": "2025-11-08T16:36:02Z", "feature_id": "1124794593_4" }, "geometry": { "type": "Point", "coordinates": [ 11.970837249751915, 51.197319302764008 ] } },
{ "type": "Feature", "properties": { "source": "hw=footway_other", "target": "hw=path_bicycle=designated", "length_km": 0.067768163700170858, "osm_id": 1125475233, "osm_version": 4, "valid_from": "2025-09-06T10:03:16Z", "feature_id": "1125475233_4" }, "geometry": { "type": "Point", "coordinates": [ 11.992460780078666, 51.356903852215162 ] } },
{ "type": "Feature", "properties": { "source": "hw=footway_other", "target": "hw=path_bicycle=designated", "length_km": 0.020448231637116239, "osm_id": 1125475237, "osm_version": 4, "valid_from": "2025-09-06T10:03:16Z", "feature_id": "1125475237_4" }, "geometry": { "type": "Point", "coordinates": [ 11.9925407, 51.3565111 ] } },
{ "type": "Feature", "properties": { "source": "hw=tertiary_other", "target": "cw=track", "length_km": 0.044811043604006423, "osm_id": 1128210371, "osm_version": 8, "valid_from": "2025-09-07T10:10:12Z", "feature_id": "1128210371_8" }, "geometry": { "type": "Point", "coordinates": [ 7.46102373499084, 50.431525247371638 ] } },
{ "type": "Feature", "properties": { "source": "hw=path_other", "target": "hw=path_bicycle=designated", "length_km": 0.12398164053291871, "osm_id": 1130569014, "osm_version": 3, "valid_from": "2025-10-20T12:55:15Z", "feature_id": "1130569014_3" }, "geometry": { "type": "Point", "coordinates": [ 9.044142260306971, 54.475482862252669 ] } },
{ "type": "Feature", "properties": { "source": "hw=primary_other", "target": "cw=track", "length_km": 0.0078259519336898245, "osm_id": 1138039178, "osm_version": 2, "valid_from": "2025-10-28T19:14:39Z", "feature_id": "1138039178_2" }, "geometry": { "type": "Point", "coordinates": [ 8.599892191524141, 51.670736370075034 ] } },
{ "type": "Feature", "properties": { "source": "hw=track_other", "target": "hw=track_bicycle=designated", "length_km": 0.042975612199327079, "osm_id": 1146157252, "osm_version": 3, "valid_from": "2026-01-02T10:46:59Z", "feature_id": "1146157252_3" }, "geometry": { "type": "Point", "coordinates": [ 7.26021195, 49.3266345 ] } },
{ "type": "Feature", "properties": { "source": "hw=track_other", "target": "hw=track_bicycle=designated", "length_km": 0.35185375134285274, "osm_id": 1146805672, "osm_version": 3, "valid_from": "2025-12-20T08:34:01Z", "feature_id": "1146805672_3" }, "geometry": { "type": "Point", "coordinates": [ 10.447009633885189, 49.297814969847138 ] } },
{ "type": "Feature", "properties": { "source": "hw=secondary_other", "target": "cw=track", "length_km": 0.011163658220364412, "osm_id": 1147477480, "osm_version": 2, "valid_from": "2025-10-28T19:14:39Z", "feature_id": "1147477480_2" }, "geometry": { "type": "Point", "coordinates": [ 8.6009867, 51.6715487 ] } },
{ "type": "Feature", "properties": { "source": "hw=secondary_other", "target": "cw=track", "length_km": 0.14146265915801615, "osm_id": 1154449982, "osm_version": 2, "valid_from": "2025-08-22T15:38:55Z", "feature_id": "1154449982_2" }, "geometry": { "type": "Point", "coordinates": [ 7.063283660867859, 51.575918185771378 ] } },
{ "type": "Feature", "properties": { "source": "hw=unclassified_other", "target": "cw=track", "length_km": 0.035080264143814849, "osm_id": 1159104589, "osm_version": 2, "valid_from": "2025-10-31T22:50:26Z", "feature_id": "1159104589_2" }, "geometry": { "type": "Point", "coordinates": [ 7.8800547, 51.206815 ] } },
{ "type": "Feature", "properties": { "source": "hw=unclassified_other", "target": "cw=track", "length_km": 0.47213147944749284, "osm_id": 1159104924, "osm_version": 2, "valid_from": "2025-10-31T22:50:26Z", "feature_id": "1159104924_2" }, "geometry": { "type": "Point", "coordinates": [ 7.880655134911143, 51.209110024415203 ] } },
{ "type": "Feature", "properties": { "source": "hw=unclassified_other", "target": "cw=track", "length_km": 0.021606720003942904, "osm_id": 1159105328, "osm_version": 2, "valid_from": "2025-10-31T22:50:26Z", "feature_id": "1159105328_2" }, "geometry": { "type": "Point", "coordinates": [ 7.87824905, 51.2103929 ] } },
{ "type": "Feature", "properties": { "source": "hw=footway_bicycle=yes", "target": "hw=path_bicycle=designated", "length_km": 0.073116500930551442, "osm_id": 1160009905, "osm_version": 2, "valid_from": "2025-09-19T18:08:35Z", "feature_id": "1160009905_2" }, "geometry": { "type": "Point", "coordinates": [ 10.952840364854953, 54.381008102199679 ] } },
{ "type": "Feature", "properties": { "source": "hw=residential_other", "target": "cw=track", "length_km": 0.04036148063880194, "osm_id": 1165411246, "osm_version": 4, "valid_from": "2025-12-20T10:43:31Z", "feature_id": "1165411246_4" }, "geometry": { "type": "Point", "coordinates": [ 12.421300145070811, 50.993368963637955 ] } },
{ "type": "Feature", "properties": { "source": "hw=footway_other", "target": "hw=path_bicycle=designated", "length_km": 0.017327596246614275, "osm_id": 1165411248, "osm_version": 2, "valid_from": "2025-12-20T10:33:02Z", "feature_id": "1165411248_2" }, "geometry": { "type": "Point", "coordinates": [ 12.419987103040926, 50.993900403801767 ] } },
{ "type": "Feature", "properties": { "source": "hw=footway_other", "target": "hw=path_bicycle=designated", "length_km": 0.0090144406003695599, "osm_id": 1165411249, "osm_version": 4, "valid_from": "2025-12-20T10:33:02Z", "feature_id": "1165411249_4" }, "geometry": { "type": "Point", "coordinates": [ 12.421146992361788, 50.993352161245582 ] } },
{ "type": "Feature", "properties": { "source": "hw=footway_other", "target": "hw=path_bicycle=designated", "length_km": 0.0057402615486098476, "osm_id": 1165411250, "osm_version": 3, "valid_from": "2025-12-20T10:33:02Z", "feature_id": "1165411250_3" }, "geometry": { "type": "Point", "coordinates": [ 12.420301069824125, 50.99395022989097 ] } },
{ "type": "Feature", "properties": { "source": "hw=footway_other", "target": "hw=path_bicycle=designated", "length_km": 0.020885225739894774, "osm_id": 1165411251, "osm_version": 4, "valid_from": "2025-12-20T10:33:02Z", "feature_id": "1165411251_4" }, "geometry": { "type": "Point", "coordinates": [ 12.421158758866673, 50.993137832093666 ] } },
{ "type": "Feature", "properties": { "source": "hw=track_other", "target": "hw=track_bicycle=designated", "length_km": 0.21068578683648004, "osm_id": 1169677381, "osm_version": 2, "valid_from": "2025-09-07T11:26:15Z", "feature_id": "1169677381_2" }, "geometry": { "type": "Point", "coordinates": [ 12.702688098048158, 47.806144050146315 ] } },
{ "type": "Feature", "properties": { "source": "hw=footway_other", "target": "hw=footway_bicycle=yes", "length_km": 0.021923193089048425, "osm_id": 1173422024, "osm_version": 2, "valid_from": "2025-12-20T10:43:31Z", "feature_id": "1173422024_2" }, "geometry": { "type": "Point", "coordinates": [ 12.409327140446777, 50.99858834287388 ] } },
{ "type": "Feature", "properties": { "source": "hw=path_other", "target": "hw=path_bicycle=designated", "length_km": 0.054964790852981366, "osm_id": 1175134818, "osm_version": 2, "valid_from": "2025-09-21T08:47:21Z", "feature_id": "1175134818_2" }, "geometry": { "type": "Point", "coordinates": [ 9.2148656, 48.08827685 ] } },
{ "type": "Feature", "properties": { "source": "hw=tertiary_other", "target": "cw=track", "length_km": 0.037746204245228031, "osm_id": 1176155722, "osm_version": 3, "valid_from": "2025-11-07T11:48:52Z", "feature_id": "1176155722_3" }, "geometry": { "type": "Point", "coordinates": [ 11.73220615, 52.88863155 ] } },
{ "type": "Feature", "properties": { "source": "hw=cycleway", "target": "hw=path_bicycle=designated", "length_km": 0.094233615483362398, "osm_id": 1181140470, "osm_version": 3, "valid_from": "2025-11-03T17:53:51Z", "feature_id": "1181140470_3" }, "geometry": { "type": "Point", "coordinates": [ 10.1349050948255, 49.603890045532431 ] } },
{ "type": "Feature", "properties": { "source": "hw=cycleway", "target": "hw=path_bicycle=designated", "length_km": 0.067581066240595719, "osm_id": 1182083410, "osm_version": 4, "valid_from": "2025-08-06T16:51:14Z", "feature_id": "1182083410_4" }, "geometry": { "type": "Point", "coordinates": [ 7.40006603620656, 52.744395998496543 ] } },
{ "type": "Feature", "properties": { "source": "hw=footway_bicycle=yes", "target": "hw=path_bicycle=designated", "length_km": 0.053197174565438425, "osm_id": 1184533893, "osm_version": 3, "valid_from": "2025-10-26T13:24:51Z", "feature_id": "1184533893_3" }, "geometry": { "type": "Point", "coordinates": [ 7.769526005742301, 49.447244518205984 ] } },
{ "type": "Feature", "properties": { "source": "hw=footway_other", "target": "hw=path_bicycle=designated", "length_km": 0.026017994644943167, "osm_id": 1186489798, "osm_version": 2, "valid_from": "2026-01-18T09:08:50Z", "feature_id": "1186489798_2" }, "geometry": { "type": "Point", "coordinates": [ 6.9273515824566, 51.484718999922663 ] } },
{ "type": "Feature", "properties": { "source": "hw=footway_other", "target": "hw=path_bicycle=designated", "length_km": 0.27811693876009225, "osm_id": 1188402478, "osm_version": 2, "valid_from": "2025-09-08T18:10:07Z", "feature_id": "1188402478_2" }, "geometry": { "type": "Point", "coordinates": [ 9.439616831670898, 48.974103717564823 ] } },
{ "type": "Feature", "properties": { "source": "hw=primary_other", "target": "cw=track", "length_km": 0.054232814535881961, "osm_id": 1195543619, "osm_version": 3, "valid_from": "2025-10-19T09:51:21Z", "feature_id": "1195543619_3" }, "geometry": { "type": "Point", "coordinates": [ 12.496022532769182, 51.12583914469576 ] } },
{ "type": "Feature", "properties": { "source": "hw=cycleway", "target": "hw=footway_bicycle=yes", "length_km": 0.035627846045916213, "osm_id": 1197735685, "osm_version": 8, "valid_from": "2025-10-19T15:39:30Z", "feature_id": "1197735685_8" }, "geometry": { "type": "Point", "coordinates": [ 10.584545716788442, 53.376251964723664 ] } },
{ "type": "Feature", "properties": { "source": "hw=cycleway", "target": "hw=path_bicycle=designated", "length_km": 0.028009998707905194, "osm_id": 1197735686, "osm_version": 6, "valid_from": "2025-10-19T15:39:30Z", "feature_id": "1197735686_6" }, "geometry": { "type": "Point", "coordinates": [ 10.5870827, 53.37546625 ] } },
{ "type": "Feature", "properties": { "source": "hw=cycleway", "target": "hw=path_bicycle=designated", "length_km": 0.012611253629386284, "osm_id": 1197735689, "osm_version": 5, "valid_from": "2025-10-19T15:39:30Z", "feature_id": "1197735689_5" }, "geometry": { "type": "Point", "coordinates": [ 10.58681004557463, 53.375548185103419 ] } },
{ "type": "Feature", "properties": { "source": "hw=footway_other", "target": "hw=path_bicycle=designated", "length_km": 0.015971092944167001, "osm_id": 1198340674, "osm_version": 3, "valid_from": "2025-09-29T08:29:47Z", "feature_id": "1198340674_3" }, "geometry": { "type": "Point", "coordinates": [ 10.21442815, 47.5593221 ] } },
{ "type": "Feature", "properties": { "source": "hw=footway_other", "target": "hw=path_bicycle=designated", "length_km": 0.024687265003697674, "osm_id": 1198340678, "osm_version": 4, "valid_from": "2025-09-29T08:29:47Z", "feature_id": "1198340678_4" }, "geometry": { "type": "Point", "coordinates": [ 10.2139798, 47.55939145 ] } },
{ "type": "Feature", "properties": { "source": "hw=cycleway", "target": "hw=track_bicycle=designated", "length_km": 0.23018788062585896, "osm_id": 1201352744, "osm_version": 2, "valid_from": "2025-10-31T20:29:16Z", "feature_id": "1201352744_2" }, "geometry": { "type": "Point", "coordinates": [ 7.760204960532122, 51.172591436277393 ] } },
{ "type": "Feature", "properties": { "source": "hw=path_other", "target": "hw=path_bicycle=designated", "length_km": 0.028243490987684371, "osm_id": 1202896806, "osm_version": 2, "valid_from": "2025-09-21T05:49:30Z", "feature_id": "1202896806_2" }, "geometry": { "type": "Point", "coordinates": [ 7.192579043274486, 52.105982115698801 ] } },
{ "type": "Feature", "properties": { "source": "hw=path_other", "target": "hw=path_bicycle=designated", "length_km": 0.82057233109544359, "osm_id": 1206211295, "osm_version": 7, "valid_from": "2025-09-06T13:56:54Z", "feature_id": "1206211295_7" }, "geometry": { "type": "Point", "coordinates": [ 12.419265777771653, 50.40620214367479 ] } },
{ "type": "Feature", "properties": { "source": "hw=path_other", "target": "hw=path_bicycle=designated", "length_km": 0.021417395144168624, "osm_id": 1209618904, "osm_version": 4, "valid_from": "2025-11-15T15:48:57Z", "feature_id": "1209618904_4" }, "geometry": { "type": "Point", "coordinates": [ 7.080708179464541, 51.519183136867625 ] } },
{ "type": "Feature", "properties": { "source": "hw=path_other", "target": "hw=path_bicycle=designated", "length_km": 0.013145752613006715, "osm_id": 1209618906, "osm_version": 4, "valid_from": "2025-11-15T15:48:57Z", "feature_id": "1209618906_4" }, "geometry": { "type": "Point", "coordinates": [ 7.081065890504932, 51.519501413229513 ] } },
{ "type": "Feature", "properties": { "source": "hw=path_other", "target": "hw=path_bicycle=designated", "length_km": 0.011094502741750641, "osm_id": 1209618907, "osm_version": 3, "valid_from": "2025-11-15T15:48:57Z", "feature_id": "1209618907_3" }, "geometry": { "type": "Point", "coordinates": [ 7.081032695442306, 51.519402124325275 ] } },
{ "type": "Feature", "properties": { "source": "hw=path_other", "target": "hw=path_bicycle=designated", "length_km": 0.012709972425995192, "osm_id": 1209618908, "osm_version": 4, "valid_from": "2025-11-15T15:48:57Z", "feature_id": "1209618908_4" }, "geometry": { "type": "Point", "coordinates": [ 7.08094945, 51.5193104 ] } },
{ "type": "Feature", "properties": { "source": "hw=path_other", "target": "hw=path_bicycle=designated", "length_km": 0.008236852290062515, "osm_id": 1209618909, "osm_version": 3, "valid_from": "2025-11-15T15:48:57Z", "feature_id": "1209618909_3" }, "geometry": { "type": "Point", "coordinates": [ 7.080875068742587, 51.519228444754312 ] } },
{ "type": "Feature", "properties": { "source": "hw=path_other", "target": "hw=path_bicycle=designated", "length_km": 0.012222279768095637, "osm_id": 1209618915, "osm_version": 3, "valid_from": "2025-11-15T15:48:57Z", "feature_id": "1209618915_3" }, "geometry": { "type": "Point", "coordinates": [ 7.08037925, 51.5194561 ] } },
{ "type": "Feature", "properties": { "source": "hw=path_other", "target": "hw=path_bicycle=designated", "length_km": 0.01131814500313549, "osm_id": 1209618916, "osm_version": 3, "valid_from": "2025-11-15T15:48:57Z", "feature_id": "1209618916_3" }, "geometry": { "type": "Point", "coordinates": [ 7.080313452046291, 51.519358648617548 ] } },
{ "type": "Feature", "properties": { "source": "hw=path_other", "target": "hw=path_bicycle=designated", "length_km": 0.0066576634869041961, "osm_id": 1209618917, "osm_version": 3, "valid_from": "2025-11-15T15:48:57Z", "feature_id": "1209618917_3" }, "geometry": { "type": "Point", "coordinates": [ 7.080432041153292, 51.519534255988191 ] } },
{ "type": "Feature", "properties": { "source": "hw=path_other", "target": "hw=path_bicycle=designated", "length_km": 0.0037433873258372833, "osm_id": 1209618918, "osm_version": 4, "valid_from": "2025-11-15T15:48:57Z", "feature_id": "1209618918_4" }, "geometry": { "type": "Point", "coordinates": [ 7.08046115, 51.5195773 ] } },
{ "type": "Feature", "properties": { "source": "hw=path_other", "target": "hw=path_bicycle=designated", "length_km": 0.0061616092249228774, "osm_id": 1209618919, "osm_version": 3, "valid_from": "2025-11-15T15:48:57Z", "feature_id": "1209618919_3" }, "geometry": { "type": "Point", "coordinates": [ 7.08026455, 51.5192863 ] } },
{ "type": "Feature", "properties": { "source": "hw=path_other", "target": "hw=path_bicycle=designated", "length_km": 0.018687387292776667, "osm_id": 1209846153, "osm_version": 4, "valid_from": "2025-11-15T20:19:11Z", "feature_id": "1209846153_4" }, "geometry": { "type": "Point", "coordinates": [ 7.086098357347027, 51.539769664968873 ] } },
{ "type": "Feature", "properties": { "source": "hw=path_other", "target": "hw=path_bicycle=designated", "length_km": 0.0061151139633998826, "osm_id": 1209846154, "osm_version": 4, "valid_from": "2025-11-15T20:19:11Z", "feature_id": "1209846154_4" }, "geometry": { "type": "Point", "coordinates": [ 7.08620895, 51.5398308 ] } },
{ "type": "Feature", "properties": { "source": "hw=path_other", "target": "hw=path_bicycle=designated", "length_km": 0.0038786056359005104, "osm_id": 1209846156, "osm_version": 4, "valid_from": "2025-11-15T20:19:11Z", "feature_id": "1209846156_4" }, "geometry": { "type": "Point", "coordinates": [ 7.08609905, 51.53968765 ] } },
{ "type": "Feature", "properties": { "source": "hw=path_other", "target": "hw=path_bicycle=designated", "length_km": 0.018411349000089346, "osm_id": 1209846157, "osm_version": 3, "valid_from": "2025-11-15T20:19:11Z", "feature_id": "1209846157_3" }, "geometry": { "type": "Point", "coordinates": [ 7.086285166379288, 51.539511466947175 ] } },
{ "type": "Feature", "properties": { "source": "hw=path_other", "target": "hw=path_bicycle=designated", "length_km": 0.0042277887965996462, "osm_id": 1209846158, "osm_version": 4, "valid_from": "2025-11-15T20:19:11Z", "feature_id": "1209846158_4" }, "geometry": { "type": "Point", "coordinates": [ 7.08616575, 51.5395785 ] } },
{ "type": "Feature", "properties": { "source": "hw=path_other", "target": "hw=path_bicycle=designated", "length_km": 0.0057944100331312667, "osm_id": 1209846159, "osm_version": 4, "valid_from": "2025-11-15T20:19:11Z", "feature_id": "1209846159_4" }, "geometry": { "type": "Point", "coordinates": [ 7.086444, 51.53951315 ] } },
{ "type": "Feature", "properties": { "source": "hw=footway_other", "target": "hw=footway_bicycle=yes", "length_km": 0.16393428735685353, "osm_id": 1209846184, "osm_version": 2, "valid_from": "2025-08-23T05:46:55Z", "feature_id": "1209846184_2" }, "geometry": { "type": "Point", "coordinates": [ 7.0987896731157, 51.5636720928334 ] } },
{ "type": "Feature", "properties": { "source": "hw=footway_other", "target": "hw=footway_bicycle=yes", "length_km": 0.0085407141667667649, "osm_id": 1209846185, "osm_version": 2, "valid_from": "2025-08-23T05:46:55Z", "feature_id": "1209846185_2" }, "geometry": { "type": "Point", "coordinates": [ 7.098244741782062, 51.562983458853637 ] } },
{ "type": "Feature", "properties": { "source": "hw=footway_other", "target": "hw=footway_bicycle=yes", "length_km": 0.080361708083303743, "osm_id": 1209846186, "osm_version": 2, "valid_from": "2025-08-23T05:46:55Z", "feature_id": "1209846186_2" }, "geometry": { "type": "Point", "coordinates": [ 7.09793465, 51.56263405 ] } },
{ "type": "Feature", "properties": { "source": "hw=footway_other", "target": "hw=footway_bicycle=yes", "length_km": 0.0069084073574022416, "osm_id": 1209846187, "osm_version": 2, "valid_from": "2025-08-23T05:46:55Z", "feature_id": "1209846187_2" }, "geometry": { "type": "Point", "coordinates": [ 7.097632742773405, 51.56228994122818 ] } },
{ "type": "Feature", "properties": { "source": "hw=footway_other", "target": "hw=footway_bicycle=yes", "length_km": 0.17710846518485379, "osm_id": 1209846188, "osm_version": 2, "valid_from": "2025-08-23T05:46:55Z", "feature_id": "1209846188_2" }, "geometry": { "type": "Point", "coordinates": [ 7.096921410700233, 51.561569609442806 ] } },
{ "type": "Feature", "properties": { "source": "hw=footway_other", "target": "hw=footway_bicycle=yes", "length_km": 0.0064079572529748049, "osm_id": 1209846189, "osm_version": 3, "valid_from": "2025-08-23T05:46:55Z", "feature_id": "1209846189_3" }, "geometry": { "type": "Point", "coordinates": [ 7.096131857498898, 51.56093943662048 ] } },
{ "type": "Feature", "properties": { "source": "hw=footway_other", "target": "hw=footway_bicycle=yes", "length_km": 0.037770439418077763, "osm_id": 1209846190, "osm_version": 2, "valid_from": "2025-08-23T05:46:55Z", "feature_id": "1209846190_2" }, "geometry": { "type": "Point", "coordinates": [ 7.09634570331966, 51.560917371559896 ] } },
{ "type": "Feature", "properties": { "source": "hw=footway_other", "target": "hw=path_bicycle=designated", "length_km": 0.16838130434441451, "osm_id": 1214143635, "osm_version": 5, "valid_from": "2025-09-29T08:29:47Z", "feature_id": "1214143635_5" }, "geometry": { "type": "Point", "coordinates": [ 10.212731772560973, 47.559597239308317 ] } },
{ "type": "Feature", "properties": { "source": "hw=footway_other", "target": "hw=path_bicycle=designated", "length_km": 0.01429680434204661, "osm_id": 1214143638, "osm_version": 3, "valid_from": "2025-09-29T08:29:47Z", "feature_id": "1214143638_3" }, "geometry": { "type": "Point", "coordinates": [ 10.2142326, 47.5593537 ] } },
{ "type": "Feature", "properties": { "source": "hw=footway_other", "target": "hw=path_bicycle=designated", "length_km": 0.027746985358172899, "osm_id": 1214143640, "osm_version": 3, "valid_from": "2025-09-29T08:29:47Z", "feature_id": "1214143640_3" }, "geometry": { "type": "Point", "coordinates": [ 10.214700276521306, 47.559266659861613 ] } },
{ "type": "Feature", "properties": { "source": "hw=track_other", "target": "hw=path_bicycle=designated", "length_km": 0.029144175978805101, "osm_id": 1216219447, "osm_version": 2, "valid_from": "2025-12-31T16:29:46Z", "feature_id": "1216219447_2" }, "geometry": { "type": "Point", "coordinates": [ 8.142781375579027, 49.306659778011834 ] } },
{ "type": "Feature", "properties": { "source": "hw=footway_other", "target": "hw=footway_bicycle=yes", "length_km": 1.399495269045069, "osm_id": 1219679882, "osm_version": 4, "valid_from": "2025-12-09T18:06:03Z", "feature_id": "1219679882_4" }, "geometry": { "type": "Point", "coordinates": [ 14.380492477904205, 51.553907878797027 ] } },
{ "type": "Feature", "properties": { "source": "hw=path_other", "target": "hw=path_bicycle=designated", "length_km": 0.14189433354016887, "osm_id": 1220961639, "osm_version": 2, "valid_from": "2025-12-05T17:27:11Z", "feature_id": "1220961639_2" }, "geometry": { "type": "Point", "coordinates": [ 7.322477790146015, 52.20527013213416 ] } },
{ "type": "Feature", "properties": { "source": "hw=path_other", "target": "hw=path_bicycle=designated", "length_km": 0.003135574515092724, "osm_id": 1221810510, "osm_version": 3, "valid_from": "2025-09-21T08:47:21Z", "feature_id": "1221810510_3" }, "geometry": { "type": "Point", "coordinates": [ 9.2108548, 48.0866534 ] } },
{ "type": "Feature", "properties": { "source": "hw=footway_bicycle=yes", "target": "hw=path_bicycle=designated", "length_km": 0.16346875757099888, "osm_id": 1221848963, "osm_version": 2, "valid_from": "2025-08-17T09:51:32Z", "feature_id": "1221848963_2" }, "geometry": { "type": "Point", "coordinates": [ 14.082605472753007, 51.791892142740828 ] } },
{ "type": "Feature", "properties": { "source": "hw=tertiary_other", "target": "cw=track", "length_km": 0.17158960600635606, "osm_id": 1221970237, "osm_version": 3, "valid_from": "2025-11-07T11:48:52Z", "feature_id": "1221970237_3" }, "geometry": { "type": "Point", "coordinates": [ 11.733750393078063, 52.888737991115569 ] } },
{ "type": "Feature", "properties": { "source": "hw=primary_other", "target": "cw=lane", "length_km": 0.029244071642852507, "osm_id": 1234334541, "osm_version": 2, "valid_from": "2025-12-29T17:27:42Z", "feature_id": "1234334541_2" }, "geometry": { "type": "Point", "coordinates": [ 7.07676105, 51.1961621 ] } },
{ "type": "Feature", "properties": { "source": "hw=path_bicycle=designated", "target": "hw=footway_bicycle=yes", "length_km": 0.24261960565126772, "osm_id": 1234868758, "osm_version": 10, "valid_from": "2025-10-19T15:39:30Z", "feature_id": "1234868758_10" }, "geometry": { "type": "Point", "coordinates": [ 10.582113940122726, 53.375656345529656 ] } },
{ "type": "Feature", "properties": { "source": "hw=cycleway", "target": "hw=footway_bicycle=yes", "length_km": 0.14572546833693698, "osm_id": 1234871951, "osm_version": 6, "valid_from": "2025-10-19T15:39:30Z", "feature_id": "1234871951_6" }, "geometry": { "type": "Point", "coordinates": [ 10.585754145800315, 53.375875636508667 ] } },
{ "type": "Feature", "properties": { "source": "hw=primary_other", "target": "cw=track", "length_km": 0.012383183414037775, "osm_id": 1236446501, "osm_version": 2, "valid_from": "2025-11-03T15:29:57Z", "feature_id": "1236446501_2" }, "geometry": { "type": "Point", "coordinates": [ 11.44132705, 51.7571656 ] } },
{ "type": "Feature", "properties": { "source": "hw=primary_other", "target": "cw=track", "length_km": 0.040002318183802767, "osm_id": 1236446502, "osm_version": 2, "valid_from": "2025-11-03T15:29:57Z", "feature_id": "1236446502_2" }, "geometry": { "type": "Point", "coordinates": [ 11.44167315, 51.75726195 ] } },
{ "type": "Feature", "properties": { "source": "hw=tertiary_other", "target": "cw=lane", "length_km": 0.21279339801206484, "osm_id": 1245920781, "osm_version": 2, "valid_from": "2025-10-31T12:32:48Z", "feature_id": "1245920781_2" }, "geometry": { "type": "Point", "coordinates": [ 8.849490307095962, 48.258212131552988 ] } },
{ "type": "Feature", "properties": { "source": "hw=path_other", "target": "hw=path_bicycle=designated", "length_km": 0.11327935028548458, "osm_id": 1247724164, "osm_version": 5, "valid_from": "2025-10-19T15:39:30Z", "feature_id": "1247724164_5" }, "geometry": { "type": "Point", "coordinates": [ 10.588033905719753, 53.37516896982364 ] } },
{ "type": "Feature", "properties": { "source": "hw=secondary_other", "target": "cw=track", "length_km": 0.2148386331118953, "osm_id": 1250587512, "osm_version": 3, "valid_from": "2025-10-25T08:29:00Z", "feature_id": "1250587512_3" }, "geometry": { "type": "Point", "coordinates": [ 12.486241847185935, 51.122285409458051 ] } },
{ "type": "Feature", "properties": { "source": "hw=secondary_other", "target": "cw=track", "length_km": 0.01190983297541026, "osm_id": 1250587528, "osm_version": 3, "valid_from": "2025-10-25T08:29:00Z", "feature_id": "1250587528_3" }, "geometry": { "type": "Point", "coordinates": [ 12.48492345, 51.1232748 ] } },
{ "type": "Feature", "properties": { "source": "hw=secondary_other", "target": "cw=track", "length_km": 0.03588684847466285, "osm_id": 1250587529, "osm_version": 2, "valid_from": "2025-10-25T08:29:00Z", "feature_id": "1250587529_2" }, "geometry": { "type": "Point", "coordinates": [ 12.485220608017151, 51.12317235784969 ] } },
{ "type": "Feature", "properties": { "source": "hw=footway_bicycle=yes", "target": "hw=path_bicycle=designated", "length_km": 0.11052356476162635, "osm_id": 1252071095, "osm_version": 2, "valid_from": "2025-12-31T16:10:33Z", "feature_id": "1252071095_2" }, "geometry": { "type": "Point", "coordinates": [ 7.681039919259934, 49.442999576692792 ] } },
{ "type": "Feature", "properties": { "source": "hw=footway_bicycle=yes", "target": "hw=path_bicycle=designated", "length_km": 0.83007954768865022, "osm_id": 1252071097, "osm_version": 2, "valid_from": "2025-12-31T16:10:33Z", "feature_id": "1252071097_2" }, "geometry": { "type": "Point", "coordinates": [ 7.676224007687662, 49.442108617374117 ] } },
{ "type": "Feature", "properties": { "source": "hw=footway_bicycle=yes", "target": "hw=path_bicycle=designated", "length_km": 0.14774157040835786, "osm_id": 1263515599, "osm_version": 2, "valid_from": "2025-10-26T13:24:51Z", "feature_id": "1263515599_2" }, "geometry": { "type": "Point", "coordinates": [ 7.773508746426827, 49.448009412623804 ] } },
{ "type": "Feature", "properties": { "source": "hw=footway_bicycle=yes", "target": "hw=path_bicycle=designated", "length_km": 0.014152138355061981, "osm_id": 1263515600, "osm_version": 2, "valid_from": "2025-10-26T13:24:51Z", "feature_id": "1263515600_2" }, "geometry": { "type": "Point", "coordinates": [ 7.772427251015518, 49.447829565676194 ] } },
{ "type": "Feature", "properties": { "source": "hw=track_other", "target": "hw=path_bicycle=designated", "length_km": 0.69053476070825603, "osm_id": 1266398538, "osm_version": 2, "valid_from": "2025-11-09T09:03:46Z", "feature_id": "1266398538_2" }, "geometry": { "type": "Point", "coordinates": [ 10.561714384785322, 49.352743215574932 ] } },
{ "type": "Feature", "properties": { "source": "hw=path_other", "target": "hw=path_bicycle=designated", "length_km": 0.041011677432050066, "osm_id": 1275766049, "osm_version": 2, "valid_from": "2025-10-23T11:48:26Z", "feature_id": "1275766049_2" }, "geometry": { "type": "Point", "coordinates": [ 8.689962213808338, 52.18381544522066 ] } },
{ "type": "Feature", "properties": { "source": "hw=path_other", "target": "hw=path_bicycle=designated", "length_km": 0.27014308829136746, "osm_id": 1278069101, "osm_version": 4, "valid_from": "2025-10-19T15:39:30Z", "feature_id": "1278069101_4" }, "geometry": { "type": "Point", "coordinates": [ 10.578414286590352, 53.373638545727189 ] } },
{ "type": "Feature", "properties": { "source": "hw=residential_other", "target": "cw=lane", "length_km": 0.075937715194406105, "osm_id": 1282124707, "osm_version": 4, "valid_from": "2025-09-25T07:52:02Z", "feature_id": "1282124707_4" }, "geometry": { "type": "Point", "coordinates": [ 8.614247858329794, 50.222245938223814 ] } },
{ "type": "Feature", "properties": { "source": "hw=residential_other", "target": "cw=lane", "length_km": 0.073086767597608404, "osm_id": 1282124759, "osm_version": 4, "valid_from": "2025-09-25T07:52:02Z", "feature_id": "1282124759_4" }, "geometry": { "type": "Point", "coordinates": [ 8.61414850321899, 50.22226786854003 ] } },
{ "type": "Feature", "properties": { "source": "hw=track_other", "target": "hw=path_bicycle=designated", "length_km": 0.089390966054917365, "osm_id": 1282485464, "osm_version": 2, "valid_from": "2025-11-02T08:36:02Z", "feature_id": "1282485464_2" }, "geometry": { "type": "Point", "coordinates": [ 10.377136168522174, 49.062659297859312 ] } },
{ "type": "Feature", "properties": { "source": "hw=tertiary_other", "target": "cw=lane", "length_km": 0.019943101212017027, "osm_id": 1284674090, "osm_version": 3, "valid_from": "2025-10-20T15:55:58Z", "feature_id": "1284674090_3" }, "geometry": { "type": "Point", "coordinates": [ 12.3054242, 51.3518726 ] } },
{ "type": "Feature", "properties": { "source": "hw=path_other", "target": "hw=path_bicycle=designated", "length_km": 0.057390937752274024, "osm_id": 1285564156, "osm_version": 9, "valid_from": "2026-01-02T07:19:03Z", "feature_id": "1285564156_9" }, "geometry": { "type": "Point", "coordinates": [ 9.828062016497785, 47.677791248079785 ] } },
{ "type": "Feature", "properties": { "source": "hw=primary_other", "target": "cw=track", "length_km": 0.010311235268898721, "osm_id": 1288142225, "osm_version": 2, "valid_from": "2025-10-28T19:14:39Z", "feature_id": "1288142225_2" }, "geometry": { "type": "Point", "coordinates": [ 8.599685620388373, 51.670635706277508 ] } },
{ "type": "Feature", "properties": { "source": "hw=footway_bicycle=yes", "target": "hw=path_bicycle=designated", "length_km": 0.12128042856117684, "osm_id": 1306937968, "osm_version": 2, "valid_from": "2025-08-17T16:28:53Z", "feature_id": "1306937968_2" }, "geometry": { "type": "Point", "coordinates": [ 9.521078099247616, 51.750158258035903 ] } },
{ "type": "Feature", "properties": { "source": "hw=footway_other", "target": "hw=footway_bicycle=yes", "length_km": 0.39477136714415201, "osm_id": 1322721786, "osm_version": 2, "valid_from": "2025-09-06T14:18:45Z", "feature_id": "1322721786_2" }, "geometry": { "type": "Point", "coordinates": [ 12.108247107127028, 50.004285997429577 ] } },
{ "type": "Feature", "properties": { "source": "hw=track_other", "target": "hw=path_bicycle=designated", "length_km": 0.16059750282450108, "osm_id": 1324636890, "osm_version": 3, "valid_from": "2026-01-02T12:42:05Z", "feature_id": "1324636890_3" }, "geometry": { "type": "Point", "coordinates": [ 9.182329722580326, 49.23232667944491 ] } },
{ "type": "Feature", "properties": { "source": "hw=footway_other", "target": "hw=path_bicycle=designated", "length_km": 0.011878436326414719, "osm_id": 1334664188, "osm_version": 3, "valid_from": "2025-12-30T20:58:30Z", "feature_id": "1334664188_3" }, "geometry": { "type": "Point", "coordinates": [ 6.69339835, 50.88506055 ] } },
{ "type": "Feature", "properties": { "source": "hw=path_other", "target": "hw=path_bicycle=designated", "length_km": 0.012767631125767599, "osm_id": 1334664190, "osm_version": 3, "valid_from": "2025-12-30T20:58:30Z", "feature_id": "1334664190_3" }, "geometry": { "type": "Point", "coordinates": [ 6.693230295628169, 50.885050006974851 ] } },
{ "type": "Feature", "properties": { "source": "hw=track_other", "target": "hw=path_bicycle=designated", "length_km": 0.50121462806866157, "osm_id": 1339757136, "osm_version": 4, "valid_from": "2026-01-02T12:42:05Z", "feature_id": "1339757136_4" }, "geometry": { "type": "Point", "coordinates": [ 9.197757902066391, 49.224470484069542 ] } },
{ "type": "Feature", "properties": { "source": "hw=cycleway", "target": "hw=path_bicycle=designated", "length_km": 0.11020619859251589, "osm_id": 1346663227, "osm_version": 6, "valid_from": "2026-01-02T12:42:05Z", "feature_id": "1346663227_6" }, "geometry": { "type": "Point", "coordinates": [ 9.19560365862964, 49.226769677661473 ] } },
{ "type": "Feature", "properties": { "source": "hw=residential_other", "target": "cw=lane", "length_km": 0.017517697875844531, "osm_id": 1353178590, "osm_version": 2, "valid_from": "2025-09-21T08:47:21Z", "feature_id": "1353178590_2" }, "geometry": { "type": "Point", "coordinates": [ 9.2140544, 48.08826865 ] } },
{ "type": "Feature", "properties": { "source": "hw=footway_other", "target": "hw=path_bicycle=designated", "length_km": 0.4381424939107984, "osm_id": 1359641167, "osm_version": 6, "valid_from": "2025-11-25T09:27:47Z", "feature_id": "1359641167_6" }, "geometry": { "type": "Point", "coordinates": [ 10.674163305638913, 50.598897609322954 ] } },
{ "type": "Feature", "properties": { "source": "hw=footway_other", "target": "hw=footway_bicycle=yes", "length_km": 0.29245934427908704, "osm_id": 1367883914, "osm_version": 2, "valid_from": "2025-11-24T08:23:40Z", "feature_id": "1367883914_2" }, "geometry": { "type": "Point", "coordinates": [ 9.738436156318423, 51.664456254161408 ] } },
{ "type": "Feature", "properties": { "source": "hw=residential_other", "target": "cw=lane", "length_km": 0.065279577805087544, "osm_id": 1374819807, "osm_version": 2, "valid_from": "2025-08-17T09:32:54Z", "feature_id": "1374819807_2" }, "geometry": { "type": "Point", "coordinates": [ 12.034961712263947, 51.315779414341023 ] } },
{ "type": "Feature", "properties": { "source": "hw=path_bicycle=designated", "target": "hw=footway_bicycle=yes", "length_km": 0.0090877364410005736, "osm_id": 1375257296, "osm_version": 2, "valid_from": "2025-10-19T09:26:05Z", "feature_id": "1375257296_2" }, "geometry": { "type": "Point", "coordinates": [ 12.1104398, 50.52532675 ] } },
{ "type": "Feature", "properties": { "source": "hw=cycleway", "target": "hw=path_bicycle=designated", "length_km": 0.22393667605734319, "osm_id": 1375871640, "osm_version": 4, "valid_from": "2026-01-02T12:42:05Z", "feature_id": "1375871640_4" }, "geometry": { "type": "Point", "coordinates": [ 9.194365660050662, 49.228041041014677 ] } },
{ "type": "Feature", "properties": { "source": "hw=secondary_other", "target": "cw=track", "length_km": 0.068612538567689618, "osm_id": 1379293517, "osm_version": 2, "valid_from": "2025-11-07T11:56:40Z", "feature_id": "1379293517_2" }, "geometry": { "type": "Point", "coordinates": [ 12.747829873101386, 51.892169159484929 ] } },
{ "type": "Feature", "properties": { "source": "hw=footway_other", "target": "hw=path_bicycle=designated", "length_km": 0.065673440991574544, "osm_id": 1387884921, "osm_version": 2, "valid_from": "2025-08-22T16:15:12Z", "feature_id": "1387884921_2" }, "geometry": { "type": "Point", "coordinates": [ 7.133611163753272, 51.517587679119735 ] } },
{ "type": "Feature", "properties": { "source": "hw=path_other", "target": "hw=path_bicycle=designated", "length_km": 0.0060328196443155662, "osm_id": 1391081089, "osm_version": 2, "valid_from": "2025-11-03T19:40:16Z", "feature_id": "1391081089_2" }, "geometry": { "type": "Point", "coordinates": [ 12.21718965, 51.37494995 ] } },
{ "type": "Feature", "properties": { "source": "hw=footway_bicycle=yes", "target": "hw=path_bicycle=designated", "length_km": 0.38446972502602816, "osm_id": 1391429059, "osm_version": 2, "valid_from": "2025-10-19T15:09:09Z", "feature_id": "1391429059_2" }, "geometry": { "type": "Point", "coordinates": [ 10.56476804538714, 53.085718348818986 ] } },
{ "type": "Feature", "properties": { "source": "hw=footway_other", "target": "hw=footway_bicycle=yes", "length_km": 0.039203962690819785, "osm_id": 1392366508, "osm_version": 2, "valid_from": "2025-09-21T08:47:21Z", "feature_id": "1392366508_2" }, "geometry": { "type": "Point", "coordinates": [ 9.211340425439246, 48.086819601375289 ] } },
{ "type": "Feature", "properties": { "source": "hw=footway_other", "target": "hw=footway_bicycle=yes", "length_km": 0.016728811177053694, "osm_id": 1392366520, "osm_version": 2, "valid_from": "2025-09-21T08:47:21Z", "feature_id": "1392366520_2" }, "geometry": { "type": "Point", "coordinates": [ 9.21068533143823, 48.08696261106676 ] } },
{ "type": "Feature", "properties": { "source": "hw=footway_other", "target": "hw=footway_bicycle=yes", "length_km": 0.018928910610924464, "osm_id": 1392366527, "osm_version": 2, "valid_from": "2025-09-21T08:47:21Z", "feature_id": "1392366527_2" }, "geometry": { "type": "Point", "coordinates": [ 9.211272941231227, 48.086872850792297 ] } },
{ "type": "Feature", "properties": { "source": "hw=path_other", "target": "hw=path_bicycle=designated", "length_km": 0.0040199015608728423, "osm_id": 1393048037, "osm_version": 4, "valid_from": "2025-09-06T13:56:54Z", "feature_id": "1393048037_4" }, "geometry": { "type": "Point", "coordinates": [ 12.4241653, 50.40295875 ] } },
{ "type": "Feature", "properties": { "source": "hw=path_other", "target": "hw=path_bicycle=designated", "length_km": 0.38939852558575994, "osm_id": 1393048038, "osm_version": 5, "valid_from": "2025-09-06T13:56:54Z", "feature_id": "1393048038_5" }, "geometry": { "type": "Point", "coordinates": [ 12.42677811636209, 50.402398819827262 ] } },
{ "type": "Feature", "properties": { "source": "hw=path_other", "target": "hw=path_bicycle=designated", "length_km": 0.25200637875527193, "osm_id": 1393049900, "osm_version": 4, "valid_from": "2025-09-06T13:56:54Z", "feature_id": "1393049900_4" }, "geometry": { "type": "Point", "coordinates": [ 12.414790927677881, 50.409541089048609 ] } },
{ "type": "Feature", "properties": { "source": "hw=path_other", "target": "hw=cycleway", "length_km": 0.02321716985679529, "osm_id": 1393049902, "osm_version": 3, "valid_from": "2025-09-06T13:56:54Z", "feature_id": "1393049902_3" }, "geometry": { "type": "Point", "coordinates": [ 12.429334082850154, 50.401776965643258 ] } },
{ "type": "Feature", "properties": { "source": "hw=cycleway", "target": "hw=path_bicycle=designated", "length_km": 0.0066892056905151617, "osm_id": 1394009805, "osm_version": 2, "valid_from": "2025-10-26T11:57:25Z", "feature_id": "1394009805_2" }, "geometry": { "type": "Point", "coordinates": [ 8.57522525, 49.97811095 ] } },
{ "type": "Feature", "properties": { "source": "hw=unclassified_other", "target": "cw=track", "length_km": 0.024954092704876408, "osm_id": 1409432339, "osm_version": 2, "valid_from": "2025-08-19T15:16:32Z", "feature_id": "1409432339_2" }, "geometry": { "type": "Point", "coordinates": [ 9.553593358634268, 52.848328685539414 ] } },
{ "type": "Feature", "properties": { "source": "hw=unclassified_other", "target": "cw=track", "length_km": 0.37398423096660921, "osm_id": 1409432340, "osm_version": 2, "valid_from": "2025-08-19T15:16:32Z", "feature_id": "1409432340_2" }, "geometry": { "type": "Point", "coordinates": [ 9.55469885432389, 52.846438694863515 ] } },
{ "type": "Feature", "properties": { "source": "hw=footway_other", "target": "hw=path_bicycle=designated", "length_km": 0.59149025865336691, "osm_id": 1409647991, "osm_version": 2, "valid_from": "2025-09-21T06:55:03Z", "feature_id": "1409647991_2" }, "geometry": { "type": "Point", "coordinates": [ 12.215782216190101, 48.612023918499993 ] } },
{ "type": "Feature", "properties": { "source": "hw=path_bicycle=designated", "target": "hw=footway_bicycle=yes", "length_km": 0.010006865884902809, "osm_id": 1414641196, "osm_version": 2, "valid_from": "2025-10-19T15:39:30Z", "feature_id": "1414641196_2" }, "geometry": { "type": "Point", "coordinates": [ 10.58263555, 53.37674085 ] } },
{ "type": "Feature", "properties": { "source": "hw=path_other", "target": "hw=path_bicycle=designated", "length_km": 0.33956206864572824, "osm_id": 1416518319, "osm_version": 2, "valid_from": "2025-08-07T13:18:10Z", "feature_id": "1416518319_2" }, "geometry": { "type": "Point", "coordinates": [ 8.830595207094161, 47.723645510497491 ] } },
{ "type": "Feature", "properties": { "source": "hw=cycleway", "target": "hw=path_bicycle=designated", "length_km": 0.016621340652530042, "osm_id": 1416897296, "osm_version": 2, "valid_from": "2025-12-09T07:48:44Z", "feature_id": "1416897296_2" }, "geometry": { "type": "Point", "coordinates": [ 12.458926500346722, 50.983466858263235 ] } },
{ "type": "Feature", "properties": { "source": "hw=path_other", "target": "hw=path_bicycle=designated", "length_km": 0.31541022037442135, "osm_id": 1419600877, "osm_version": 3, "valid_from": "2025-08-24T08:23:21Z", "feature_id": "1419600877_3" }, "geometry": { "type": "Point", "coordinates": [ 11.933610691767543, 50.540737452965516 ] } },
{ "type": "Feature", "properties": { "source": "Added", "target": "hw=path_bicycle=designated", "length_km": 0.09541772210105938, "osm_id": 1420458163, "osm_version": 1, "valid_from": "2025-08-06T16:51:14Z", "feature_id": "1420458163_1" }, "geometry": { "type": "Point", "coordinates": [ 7.395276448174007, 52.739976743683556 ] } },
{ "type": "Feature", "properties": { "source": "Added", "target": "hw=path_bicycle=designated", "length_km": 0.033619733447702929, "osm_id": 1420743942, "osm_version": 1, "valid_from": "2025-08-07T13:20:28Z", "feature_id": "1420743942_1" }, "geometry": { "type": "Point", "coordinates": [ 9.268364896670011, 48.570291086435141 ] } },
{ "type": "Feature", "properties": { "source": "hw=tertiary_other", "target": "cw=track", "length_km": 0.011246123597660871, "osm_id": 1421142903, "osm_version": 2, "valid_from": "2025-10-28T12:18:55Z", "feature_id": "1421142903_2" }, "geometry": { "type": "Point", "coordinates": [ 11.179477735819273, 53.861315568894767 ] } },
{ "type": "Feature", "properties": { "source": "Added", "target": "hw=path_bicycle=designated", "length_km": 1.3752782803337005, "osm_id": 1421312488, "osm_version": 1, "valid_from": "2025-08-10T08:48:06Z", "feature_id": "1421312488_1" }, "geometry": { "type": "Point", "coordinates": [ 12.332917255279064, 50.46186939510816 ] } },
{ "type": "Feature", "properties": { "source": "Added", "target": "hw=path_bicycle=designated", "length_km": 0.026486929494425038, "osm_id": 1421312489, "osm_version": 1, "valid_from": "2025-08-10T08:48:06Z", "feature_id": "1421312489_1" }, "geometry": { "type": "Point", "coordinates": [ 12.339676351387938, 50.465391282769268 ] } },
{ "type": "Feature", "properties": { "source": "Added", "target": "hw=path_bicycle=designated", "length_km": 0.0090279129905015999, "osm_id": 1421312490, "osm_version": 1, "valid_from": "2025-08-10T08:48:06Z", "feature_id": "1421312490_1" }, "geometry": { "type": "Point", "coordinates": [ 12.3394417, 50.4653349 ] } },
{ "type": "Feature", "properties": { "source": "Added", "target": "hw=path_bicycle=designated", "length_km": 0.29384123776402177, "osm_id": 1421312491, "osm_version": 1, "valid_from": "2025-08-10T08:48:06Z", "feature_id": "1421312491_1" }, "geometry": { "type": "Point", "coordinates": [ 12.327016841293881, 50.455249741260836 ] } },
{ "type": "Feature", "properties": { "source": "Added", "target": "hw=cycleway", "length_km": 0.0073047911627196682, "osm_id": 1421312493, "osm_version": 1, "valid_from": "2025-08-10T08:48:06Z", "feature_id": "1421312493_1" }, "geometry": { "type": "Point", "coordinates": [ 12.3269533, 50.4551587 ] } },
{ "type": "Feature", "properties": { "source": "hw=footway_other", "target": "hw=path_bicycle=designated", "length_km": 0.036097117028252426, "osm_id": 1422411261, "osm_version": 2, "valid_from": "2025-09-21T13:09:37Z", "feature_id": "1422411261_2" }, "geometry": { "type": "Point", "coordinates": [ 9.39341972878119, 50.636002476589802 ] } },
{ "type": "Feature", "properties": { "source": "Added", "target": "hw=path_bicycle=designated", "length_km": 0.066314415761228804, "osm_id": 1422807562, "osm_version": 1, "valid_from": "2025-08-17T10:06:31Z", "feature_id": "1422807562_1" }, "geometry": { "type": "Point", "coordinates": [ 10.47821668845112, 52.705094598940484 ] } },
{ "type": "Feature", "properties": { "source": "Added", "target": "hw=path_bicycle=designated", "length_km": 0.062345926647185468, "osm_id": 1422807563, "osm_version": 1, "valid_from": "2025-08-17T10:06:31Z", "feature_id": "1422807563_1" }, "geometry": { "type": "Point", "coordinates": [ 10.477872911616275, 52.705349021023309 ] } },
{ "type": "Feature", "properties": { "source": "Added", "target": "hw=path_bicycle=designated", "length_km": 0.065274214389510227, "osm_id": 1422807564, "osm_version": 1, "valid_from": "2025-08-17T10:06:31Z", "feature_id": "1422807564_1" }, "geometry": { "type": "Point", "coordinates": [ 10.477818183686475, 52.70514732479581 ] } },
{ "type": "Feature", "properties": { "source": "Added", "target": "hw=path_bicycle=designated", "length_km": 0.071952334028284465, "osm_id": 1422807565, "osm_version": 1, "valid_from": "2025-08-17T10:06:31Z", "feature_id": "1422807565_1" }, "geometry": { "type": "Point", "coordinates": [ 10.478379684332312, 52.705308332377918 ] } },
{ "type": "Feature", "properties": { "source": "Added", "target": "hw=path_bicycle=designated", "length_km": 0.020863135369783552, "osm_id": 1422807567, "osm_version": 1, "valid_from": "2025-08-17T10:06:31Z", "feature_id": "1422807567_1" }, "geometry": { "type": "Point", "coordinates": [ 10.478097776015071, 52.705380130251982 ] } },
{ "type": "Feature", "properties": { "source": "Added", "target": "hw=path_bicycle=designated", "length_km": 0.02043220721455211, "osm_id": 1422807568, "osm_version": 1, "valid_from": "2025-08-17T10:06:31Z", "feature_id": "1422807568_1" }, "geometry": { "type": "Point", "coordinates": [ 10.47783310751185, 52.705249980449516 ] } },
{ "type": "Feature", "properties": { "source": "Added", "target": "hw=path_bicycle=designated", "length_km": 0.021889471456685961, "osm_id": 1422807569, "osm_version": 1, "valid_from": "2025-08-17T10:06:31Z", "feature_id": "1422807569_1" }, "geometry": { "type": "Point", "coordinates": [ 10.478017747879672, 52.705081765250661 ] } },
{ "type": "Feature", "properties": { "source": "Added", "target": "hw=path_bicycle=designated", "length_km": 0.084783489476188967, "osm_id": 1422816910, "osm_version": 1, "valid_from": "2025-08-17T11:07:08Z", "feature_id": "1422816910_1" }, "geometry": { "type": "Point", "coordinates": [ 13.221235913591515, 51.691170787884495 ] } },
{ "type": "Feature", "properties": { "source": "Added", "target": "hw=path_bicycle=designated", "length_km": 0.07222766156018974, "osm_id": 1422816912, "osm_version": 1, "valid_from": "2025-08-17T11:07:08Z", "feature_id": "1422816912_1" }, "geometry": { "type": "Point", "coordinates": [ 13.221881550437702, 51.690568219686121 ] } },
{ "type": "Feature", "properties": { "source": "Added", "target": "hw=path_bicycle=designated", "length_km": 0.20690263352811017, "osm_id": 1422843263, "osm_version": 1, "valid_from": "2025-08-17T14:03:02Z", "feature_id": "1422843263_1" }, "geometry": { "type": "Point", "coordinates": [ 7.46005123547496, 50.432277904178136 ] } },
{ "type": "Feature", "properties": { "source": "Added", "target": "hw=cycleway", "length_km": 0.0044021615458877585, "osm_id": 1422843264, "osm_version": 1, "valid_from": "2025-08-17T14:03:02Z", "feature_id": "1422843264_1" }, "geometry": { "type": "Point", "coordinates": [ 7.4601458, 50.43314025 ] } },
{ "type": "Feature", "properties": { "source": "Added", "target": "hw=cycleway", "length_km": 0.0099956911058531033, "osm_id": 1422843267, "osm_version": 1, "valid_from": "2025-08-17T14:03:02Z", "feature_id": "1422843267_1" }, "geometry": { "type": "Point", "coordinates": [ 7.46141665, 50.4336512 ] } },
{ "type": "Feature", "properties": { "source": "Added", "target": "hw=path_bicycle=designated", "length_km": 0.45660935537477326, "osm_id": 1422851784, "osm_version": 1, "valid_from": "2025-08-17T15:01:19Z", "feature_id": "1422851784_1" }, "geometry": { "type": "Point", "coordinates": [ 10.100057540544597, 52.842953190999822 ] } },
{ "type": "Feature", "properties": { "source": "Added", "target": "hw=path_bicycle=designated", "length_km": 0.19478144158094388, "osm_id": 1422851785, "osm_version": 1, "valid_from": "2025-08-17T15:01:19Z", "feature_id": "1422851785_1" }, "geometry": { "type": "Point", "coordinates": [ 10.098569107422797, 52.845357192340927 ] } },
{ "type": "Feature", "properties": { "source": "Added", "target": "hw=path_bicycle=designated", "length_km": 0.035274997606179699, "osm_id": 1422851786, "osm_version": 1, "valid_from": "2025-08-17T15:01:19Z", "feature_id": "1422851786_1" }, "geometry": { "type": "Point", "coordinates": [ 10.10013086550976, 52.844980443003209 ] } },
{ "type": "Feature", "properties": { "source": "Added", "target": "hw=path_bicycle=designated", "length_km": 0.082951633863863644, "osm_id": 1422855810, "osm_version": 1, "valid_from": "2025-08-17T15:30:02Z", "feature_id": "1422855810_1" }, "geometry": { "type": "Point", "coordinates": [ 10.463107647809679, 52.651143081073208 ] } },
{ "type": "Feature", "properties": { "source": "Added", "target": "hw=path_bicycle=designated", "length_km": 0.020136918177809833, "osm_id": 1422855811, "osm_version": 1, "valid_from": "2025-08-17T15:30:02Z", "feature_id": "1422855811_1" }, "geometry": { "type": "Point", "coordinates": [ 10.462799217252154, 52.650890404625571 ] } },
{ "type": "Feature", "properties": { "source": "Added", "target": "hw=path_bicycle=designated", "length_km": 0.91451478936265795, "osm_id": 1422861533, "osm_version": 1, "valid_from": "2025-08-17T16:08:10Z", "feature_id": "1422861533_1" }, "geometry": { "type": "Point", "coordinates": [ 6.920960643093923, 51.612614843901596 ] } },
{ "type": "Feature", "properties": { "source": "Added", "target": "hw=path_bicycle=designated", "length_km": 0.11891474858533253, "osm_id": 1422864606, "osm_version": 1, "valid_from": "2025-08-17T16:28:53Z", "feature_id": "1422864606_1" }, "geometry": { "type": "Point", "coordinates": [ 9.521640034909636, 51.751171402234945 ] } },
{ "type": "Feature", "properties": { "source": "Added", "target": "hw=path_bicycle=designated", "length_km": 0.07397452441995267, "osm_id": 1423335658, "osm_version": 1, "valid_from": "2025-08-19T15:31:53Z", "feature_id": "1423335658_1" }, "geometry": { "type": "Point", "coordinates": [ 9.094064174884007, 51.896540217253822 ] } },
{ "type": "Feature", "properties": { "source": "Added", "target": "hw=path_bicycle=designated", "length_km": 1.0415554984417472, "osm_id": 1424051401, "osm_version": 1, "valid_from": "2025-08-22T06:12:19Z", "feature_id": "1424051401_1" }, "geometry": { "type": "Point", "coordinates": [ 7.063147630686086, 51.531365681349811 ] } },
{ "type": "Feature", "properties": { "source": "Added", "target": "hw=path_bicycle=designated", "length_km": 0.19888606371782974, "osm_id": 1424051402, "osm_version": 1, "valid_from": "2025-08-22T06:12:19Z", "feature_id": "1424051402_1" }, "geometry": { "type": "Point", "coordinates": [ 7.069792784890975, 51.535679437137482 ] } },
{ "type": "Feature", "properties": { "source": "Added", "target": "hw=path_bicycle=designated", "length_km": 0.06813774952948469, "osm_id": 1424051403, "osm_version": 1, "valid_from": "2025-08-22T06:12:19Z", "feature_id": "1424051403_1" }, "geometry": { "type": "Point", "coordinates": [ 7.0682835, 51.53488405 ] } },
{ "type": "Feature", "properties": { "source": "Added", "target": "hw=path_bicycle=designated", "length_km": 0.10009930540371789, "osm_id": 1424051404, "osm_version": 1, "valid_from": "2025-08-22T06:12:19Z", "feature_id": "1424051404_1" }, "geometry": { "type": "Point", "coordinates": [ 7.071635614353251, 51.536298813960997 ] } },
{ "type": "Feature", "properties": { "source": "Added", "target": "hw=path_bicycle=designated", "length_km": 0.25866821281826757, "osm_id": 1424051405, "osm_version": 1, "valid_from": "2025-08-22T06:12:19Z", "feature_id": "1424051405_1" }, "geometry": { "type": "Point", "coordinates": [ 7.069991346568739, 51.535915727246589 ] } },
{ "type": "Feature", "properties": { "source": "Added", "target": "hw=path_bicycle=designated", "length_km": 0.19449961195689383, "osm_id": 1424051406, "osm_version": 1, "valid_from": "2025-08-22T06:12:19Z", "feature_id": "1424051406_1" }, "geometry": { "type": "Point", "coordinates": [ 7.066652278117338, 51.534268819260511 ] } },
{ "type": "Feature", "properties": { "source": "Added", "target": "hw=path_bicycle=designated", "length_km": 0.067398080256260817, "osm_id": 1424051407, "osm_version": 1, "valid_from": "2025-08-22T06:12:19Z", "feature_id": "1424051407_1" }, "geometry": { "type": "Point", "coordinates": [ 7.068197, 51.5349548 ] } },
{ "type": "Feature", "properties": { "source": "Added", "target": "hw=path_bicycle=designated", "length_km": 0.65478788010279643, "osm_id": 1424051408, "osm_version": 1, "valid_from": "2025-08-22T06:12:19Z", "feature_id": "1424051408_1" }, "geometry": { "type": "Point", "coordinates": [ 7.061031907726996, 51.530021916604547 ] } },
{ "type": "Feature", "properties": { "source": "Added", "target": "cw=lane", "length_km": 0.30153402074855462, "osm_id": 1424051409, "osm_version": 1, "valid_from": "2025-08-22T06:12:19Z", "feature_id": "1424051409_1" }, "geometry": { "type": "Point", "coordinates": [ 7.082970924718637, 51.53884317460183 ] } },
{ "type": "Feature", "properties": { "source": "Added", "target": "hw=path_bicycle=designated", "length_km": 0.030256849097945491, "osm_id": 1424052433, "osm_version": 1, "valid_from": "2025-08-22T06:19:02Z", "feature_id": "1424052433_1" }, "geometry": { "type": "Point", "coordinates": [ 7.072728382341841, 51.536623941239064 ] } },
{ "type": "Feature", "properties": { "source": "Added", "target": "hw=cycleway", "length_km": 0.017155616752419271, "osm_id": 1424052436, "osm_version": 1, "valid_from": "2025-08-22T06:19:02Z", "feature_id": "1424052436_1" }, "geometry": { "type": "Point", "coordinates": [ 7.0730966, 51.53688175 ] } },
{ "type": "Feature", "properties": { "source": "Added", "target": "hw=cycleway", "length_km": 0.018255282981896218, "osm_id": 1424052437, "osm_version": 1, "valid_from": "2025-08-22T06:19:02Z", "feature_id": "1424052437_1" }, "geometry": { "type": "Point", "coordinates": [ 7.0729562, 51.5367683 ] } },
{ "type": "Feature", "properties": { "source": "Added", "target": "hw=path_bicycle=designated", "length_km": 0.086999997847899774, "osm_id": 1424057781, "osm_version": 1, "valid_from": "2025-08-22T06:54:18Z", "feature_id": "1424057781_1" }, "geometry": { "type": "Point", "coordinates": [ 7.093096916263416, 51.551190479478237 ] } },
{ "type": "Feature", "properties": { "source": "Added", "target": "hw=path_bicycle=designated", "length_km": 0.086939173919645354, "osm_id": 1424058598, "osm_version": 1, "valid_from": "2025-08-22T07:01:43Z", "feature_id": "1424058598_1" }, "geometry": { "type": "Point", "coordinates": [ 7.093872563552306, 51.552291861998953 ] } },
{ "type": "Feature", "properties": { "source": "Added", "target": "hw=path_bicycle=designated", "length_km": 0.078765679120190807, "osm_id": 1424060760, "osm_version": 1, "valid_from": "2025-08-22T07:18:24Z", "feature_id": "1424060760_1" }, "geometry": { "type": "Point", "coordinates": [ 6.964195254543345, 51.56542066999473 ] } },
{ "type": "Feature", "properties": { "source": "Added", "target": "hw=cycleway", "length_km": 0.017499446671638989, "osm_id": 1424060761, "osm_version": 1, "valid_from": "2025-08-22T07:18:24Z", "feature_id": "1424060761_1" }, "geometry": { "type": "Point", "coordinates": [ 6.9637037, 51.56509765 ] } },
{ "type": "Feature", "properties": { "source": "Added", "target": "cw=track", "length_km": 0.55753419046809749, "osm_id": 1424065949, "osm_version": 1, "valid_from": "2025-08-22T07:54:44Z", "feature_id": "1424065949_1" }, "geometry": { "type": "Point", "coordinates": [ 6.943399661301428, 51.558871945240831 ] } },
{ "type": "Feature", "properties": { "source": "Added", "target": "hw=path_bicycle=designated", "length_km": 0.038670315901045957, "osm_id": 1424065951, "osm_version": 1, "valid_from": "2025-08-22T07:54:44Z", "feature_id": "1424065951_1" }, "geometry": { "type": "Point", "coordinates": [ 6.944159936175161, 51.555093799083878 ] } },
{ "type": "Feature", "properties": { "source": "Added", "target": "hw=path_bicycle=designated", "length_km": 0.0055268680207748401, "osm_id": 1424065952, "osm_version": 1, "valid_from": "2025-08-22T07:54:44Z", "feature_id": "1424065952_1" }, "geometry": { "type": "Point", "coordinates": [ 6.94433295, 51.5552597 ] } },
{ "type": "Feature", "properties": { "source": "Added", "target": "hw=path_bicycle=designated", "length_km": 0.016095738522574496, "osm_id": 1424065954, "osm_version": 1, "valid_from": "2025-08-22T07:54:44Z", "feature_id": "1424065954_1" }, "geometry": { "type": "Point", "coordinates": [ 6.94445245, 51.55511355 ] } },
{ "type": "Feature", "properties": { "source": "Added", "target": "hw=path_bicycle=designated", "length_km": 0.005522232234147763, "osm_id": 1424065955, "osm_version": 1, "valid_from": "2025-08-22T07:54:44Z", "feature_id": "1424065955_1" }, "geometry": { "type": "Point", "coordinates": [ 6.9445324, 51.5551969 ] } },
{ "type": "Feature", "properties": { "source": "Added", "target": "cw=track", "length_km": 0.14997096750105418, "osm_id": 1424136768, "osm_version": 1, "valid_from": "2025-08-22T14:11:22Z", "feature_id": "1424136768_1" }, "geometry": { "type": "Point", "coordinates": [ 7.019219241710818, 51.59386289575361 ] } },
{ "type": "Feature", "properties": { "source": "Added", "target": "cw=track", "length_km": 0.068792190230118039, "osm_id": 1424141796, "osm_version": 1, "valid_from": "2025-08-22T14:32:00Z", "feature_id": "1424141796_1" }, "geometry": { "type": "Point", "coordinates": [ 7.018450781140891, 51.59463826151687 ] } },
{ "type": "Feature", "properties": { "source": "Added", "target": "hw=path_bicycle=designated", "length_km": 0.76368374734007871, "osm_id": 1424141797, "osm_version": 1, "valid_from": "2025-08-22T14:32:00Z", "feature_id": "1424141797_1" }, "geometry": { "type": "Point", "coordinates": [ 7.011769735967612, 51.602281403916201 ] } },
{ "type": "Feature", "properties": { "source": "Added", "target": "hw=path_bicycle=designated", "length_km": 0.3356358902088713, "osm_id": 1424141798, "osm_version": 1, "valid_from": "2025-08-22T14:32:00Z", "feature_id": "1424141798_1" }, "geometry": { "type": "Point", "coordinates": [ 7.007990130265292, 51.606659454327769 ] } },
{ "type": "Feature", "properties": { "source": "Added", "target": "hw=path_bicycle=designated", "length_km": 0.54519953017285638, "osm_id": 1424146080, "osm_version": 1, "valid_from": "2025-08-22T14:52:12Z", "feature_id": "1424146080_1" }, "geometry": { "type": "Point", "coordinates": [ 7.003122854318252, 51.608374081301321 ] } },
{ "type": "Feature", "properties": { "source": "Added", "target": "hw=path_bicycle=designated", "length_km": 0.62690095304489291, "osm_id": 1424146081, "osm_version": 1, "valid_from": "2025-08-22T14:52:12Z", "feature_id": "1424146081_1" }, "geometry": { "type": "Point", "coordinates": [ 6.994948645388269, 51.609111969966051 ] } },
{ "type": "Feature", "properties": { "source": "Added", "target": "cw=lane", "length_km": 0.12136203593010966, "osm_id": 1424160518, "osm_version": 1, "valid_from": "2025-08-22T16:15:12Z", "feature_id": "1424160518_1" }, "geometry": { "type": "Point", "coordinates": [ 7.128697259973001, 51.515903806564005 ] } },
{ "type": "Feature", "properties": { "source": "Added", "target": "hw=path_bicycle=designated", "length_km": 1.9401148316250443, "osm_id": 1424215460, "osm_version": 1, "valid_from": "2025-08-22T19:09:34Z", "feature_id": "1424215460_1" }, "geometry": { "type": "Point", "coordinates": [ 7.854645561286515, 51.163698614355766 ] } },
{ "type": "Feature", "properties": { "source": "Added", "target": "hw=cycleway", "length_km": 0.1795326331977416, "osm_id": 1424215461, "osm_version": 1, "valid_from": "2025-08-22T19:09:34Z", "feature_id": "1424215461_1" }, "geometry": { "type": "Point", "coordinates": [ 7.861089663393041, 51.170748172256772 ] } },
{ "type": "Feature", "properties": { "source": "Added", "target": "hw=path_bicycle=designated", "length_km": 0.16706059854891342, "osm_id": 1424215462, "osm_version": 1, "valid_from": "2025-08-22T19:09:34Z", "feature_id": "1424215462_1" }, "geometry": { "type": "Point", "coordinates": [ 7.860935479761681, 51.170852986641371 ] } },
{ "type": "Feature", "properties": { "source": "Added", "target": "hw=path_bicycle=designated", "length_km": 0.13714128202125472, "osm_id": 1424220157, "osm_version": 1, "valid_from": "2025-08-22T19:34:44Z", "feature_id": "1424220157_1" }, "geometry": { "type": "Point", "coordinates": [ 7.820457406000807, 51.196995304655033 ] } },
{ "type": "Feature", "properties": { "source": "Added", "target": "hw=path_bicycle=designated", "length_km": 0.12449127538172083, "osm_id": 1424220158, "osm_version": 1, "valid_from": "2025-08-22T19:34:44Z", "feature_id": "1424220158_1" }, "geometry": { "type": "Point", "coordinates": [ 7.820249156393402, 51.197050777365881 ] } },
{ "type": "Feature", "properties": { "source": "Added", "target": "hw=path_bicycle=designated", "length_km": 0.014308561895715296, "osm_id": 1424220159, "osm_version": 1, "valid_from": "2025-08-22T19:34:44Z", "feature_id": "1424220159_1" }, "geometry": { "type": "Point", "coordinates": [ 7.82241417680475, 51.196506829166843 ] } },
{ "type": "Feature", "properties": { "source": "Added", "target": "hw=path_bicycle=designated", "length_km": 0.013943464703950224, "osm_id": 1424220160, "osm_version": 1, "valid_from": "2025-08-22T19:34:44Z", "feature_id": "1424220160_1" }, "geometry": { "type": "Point", "coordinates": [ 7.8222764, 51.1965793 ] } },
{ "type": "Feature", "properties": { "source": "Added", "target": "hw=path_bicycle=designated", "length_km": 0.71780742303743295, "osm_id": 1424220161, "osm_version": 1, "valid_from": "2025-08-22T19:34:44Z", "feature_id": "1424220161_1" }, "geometry": { "type": "Point", "coordinates": [ 7.807474029986472, 51.192827913102299 ] } },
{ "type": "Feature", "properties": { "source": "Added", "target": "hw=path_bicycle=designated", "length_km": 0.51913157883824446, "osm_id": 1424237468, "osm_version": 1, "valid_from": "2025-08-22T20:20:12Z", "feature_id": "1424237468_1" }, "geometry": { "type": "Point", "coordinates": [ 7.058813199867451, 51.586644604249479 ] } },
{ "type": "Feature", "properties": { "source": "Added", "target": "hw=path_bicycle=designated", "length_km": 0.54755363834846504, "osm_id": 1424237469, "osm_version": 1, "valid_from": "2025-08-22T20:20:12Z", "feature_id": "1424237469_1" }, "geometry": { "type": "Point", "coordinates": [ 7.059169333355231, 51.58644502153912 ] } },
{ "type": "Feature", "properties": { "source": "Added", "target": "hw=path_bicycle=designated", "length_km": 0.30903085096993316, "osm_id": 1424237471, "osm_version": 1, "valid_from": "2025-08-22T20:20:12Z", "feature_id": "1424237471_1" }, "geometry": { "type": "Point", "coordinates": [ 7.052615969741818, 51.586294310743213 ] } },
{ "type": "Feature", "properties": { "source": "Added", "target": "hw=path_bicycle=designated", "length_km": 0.020814140022536776, "osm_id": 1424237472, "osm_version": 1, "valid_from": "2025-08-22T20:20:12Z", "feature_id": "1424237472_1" }, "geometry": { "type": "Point", "coordinates": [ 7.054943769809896, 51.586531779734834 ] } },
{ "type": "Feature", "properties": { "source": "Added", "target": "hw=path_bicycle=designated", "length_km": 0.02429864828981021, "osm_id": 1424237473, "osm_version": 1, "valid_from": "2025-08-22T20:20:12Z", "feature_id": "1424237473_1" }, "geometry": { "type": "Point", "coordinates": [ 7.055093321503167, 51.586229482046292 ] } },
{ "type": "Feature", "properties": { "source": "Added", "target": "hw=path_bicycle=designated", "length_km": 0.32551956529968201, "osm_id": 1424237474, "osm_version": 1, "valid_from": "2025-08-22T20:20:12Z", "feature_id": "1424237474_1" }, "geometry": { "type": "Point", "coordinates": [ 7.051029408116131, 51.584082540177491 ] } },
{ "type": "Feature", "properties": { "source": "Added", "target": "hw=path_bicycle=designated", "length_km": 0.035830867331352559, "osm_id": 1424237475, "osm_version": 1, "valid_from": "2025-08-22T20:20:12Z", "feature_id": "1424237475_1" }, "geometry": { "type": "Point", "coordinates": [ 7.05035339825698, 51.585497324222963 ] } },
{ "type": "Feature", "properties": { "source": "Added", "target": "hw=path_bicycle=designated", "length_km": 0.19694668192387912, "osm_id": 1424327151, "osm_version": 1, "valid_from": "2025-08-23T05:46:55Z", "feature_id": "1424327151_1" }, "geometry": { "type": "Point", "coordinates": [ 7.108871505627327, 51.57453464398786 ] } },
{ "type": "Feature", "properties": { "source": "Added", "target": "hw=footway_bicycle=yes", "length_km": 0.410902458389657, "osm_id": 1424327152, "osm_version": 1, "valid_from": "2025-08-23T05:46:55Z", "feature_id": "1424327152_1" }, "geometry": { "type": "Point", "coordinates": [ 7.098093717425839, 51.562597298869306 ] } },
{ "type": "Feature", "properties": { "source": "hw=cycleway", "target": "hw=path_bicycle=designated", "length_km": 1.1048650747030482, "osm_id": 1424327931, "osm_version": 3, "valid_from": "2025-11-09T09:10:46Z", "feature_id": "1424327931_3" }, "geometry": { "type": "Point", "coordinates": [ 10.566127123472592, 49.337673891184302 ] } },
{ "type": "Feature", "properties": { "source": "Added", "target": "hw=path_bicycle=designated", "length_km": 0.4966112415702349, "osm_id": 1424334224, "osm_version": 1, "valid_from": "2025-08-23T07:16:06Z", "feature_id": "1424334224_1" }, "geometry": { "type": "Point", "coordinates": [ 6.202830385373207, 51.313680850625701 ] } },
{ "type": "Feature", "properties": { "source": "Added", "target": "hw=path_bicycle=designated", "length_km": 0.21537350080884346, "osm_id": 1424334225, "osm_version": 1, "valid_from": "2025-08-23T07:16:06Z", "feature_id": "1424334225_1" }, "geometry": { "type": "Point", "coordinates": [ 6.201747603730311, 51.314740562679276 ] } },
{ "type": "Feature", "properties": { "source": "Added", "target": "hw=path_bicycle=designated", "length_km": 0.1840121985321799, "osm_id": 1424334227, "osm_version": 1, "valid_from": "2025-08-23T07:16:06Z", "feature_id": "1424334227_1" }, "geometry": { "type": "Point", "coordinates": [ 6.201210391054846, 51.316399225814656 ] } },
{ "type": "Feature", "properties": { "source": "Added", "target": "hw=footway_bicycle=yes", "length_km": 0.17716720698926647, "osm_id": 1424334228, "osm_version": 1, "valid_from": "2025-08-23T07:16:06Z", "feature_id": "1424334228_1" }, "geometry": { "type": "Point", "coordinates": [ 6.201370701346191, 51.316453034819389 ] } },
{ "type": "Feature", "properties": { "source": "Added", "target": "hw=footway_bicycle=yes", "length_km": 0.011313794254797324, "osm_id": 1424334229, "osm_version": 1, "valid_from": "2025-08-23T07:16:06Z", "feature_id": "1424334229_1" }, "geometry": { "type": "Point", "coordinates": [ 6.201480520381376, 51.315828402470473 ] } },
{ "type": "Feature", "properties": { "source": "Added", "target": "hw=path_bicycle=designated", "length_km": 0.31498039682822804, "osm_id": 1424334230, "osm_version": 1, "valid_from": "2025-08-23T07:16:06Z", "feature_id": "1424334230_1" }, "geometry": { "type": "Point", "coordinates": [ 6.202959757413415, 51.32357030948981 ] } },
{ "type": "Feature", "properties": { "source": "Added", "target": "hw=path_bicycle=designated", "length_km": 0.41285468948963328, "osm_id": 1424334231, "osm_version": 1, "valid_from": "2025-08-23T07:16:06Z", "feature_id": "1424334231_1" }, "geometry": { "type": "Point", "coordinates": [ 6.199461641780055, 51.326181946590268 ] } },
{ "type": "Feature", "properties": { "source": "Added", "target": "hw=path_bicycle=designated", "length_km": 0.41355549995679003, "osm_id": 1424334232, "osm_version": 1, "valid_from": "2025-08-23T07:16:06Z", "feature_id": "1424334232_1" }, "geometry": { "type": "Point", "coordinates": [ 6.199356037878487, 51.326135746300714 ] } },
{ "type": "Feature", "properties": { "source": "Added", "target": "hw=path_bicycle=designated", "length_km": 0.43747301939084243, "osm_id": 1424337172, "osm_version": 1, "valid_from": "2025-08-23T07:45:18Z", "feature_id": "1424337172_1" }, "geometry": { "type": "Point", "coordinates": [ 6.172839459743166, 51.328860405600189 ] } },
{ "type": "Feature", "properties": { "source": "Added", "target": "hw=path_bicycle=designated", "length_km": 1.2516637260475962, "osm_id": 1424337173, "osm_version": 1, "valid_from": "2025-08-23T07:45:18Z", "feature_id": "1424337173_1" }, "geometry": { "type": "Point", "coordinates": [ 6.182900013124789, 51.324667910346044 ] } },
{ "type": "Feature", "properties": { "source": "Added", "target": "hw=path_bicycle=designated", "length_km": 1.2590344432168545, "osm_id": 1424337174, "osm_version": 1, "valid_from": "2025-08-23T07:45:18Z", "feature_id": "1424337174_1" }, "geometry": { "type": "Point", "coordinates": [ 6.182756850751362, 51.324821877461446 ] } },
{ "type": "Feature", "properties": { "source": "Added", "target": "hw=path_bicycle=designated", "length_km": 0.46952216952201298, "osm_id": 1424337175, "osm_version": 1, "valid_from": "2025-08-23T07:45:18Z", "feature_id": "1424337175_1" }, "geometry": { "type": "Point", "coordinates": [ 6.172436756934006, 51.329088518963459 ] } },
{ "type": "Feature", "properties": { "source": "Added", "target": "hw=path_bicycle=designated", "length_km": 0.69801228710505769, "osm_id": 1424337176, "osm_version": 1, "valid_from": "2025-08-23T07:45:18Z", "feature_id": "1424337176_1" }, "geometry": { "type": "Point", "coordinates": [ 6.193539890442823, 51.324655055363671 ] } },
{ "type": "Feature", "properties": { "source": "Added", "target": "cw=lane", "length_km": 0.045028403074107326, "osm_id": 1424352033, "osm_version": 1, "valid_from": "2025-08-23T09:28:15Z", "feature_id": "1424352033_1" }, "geometry": { "type": "Point", "coordinates": [ 7.071011865929335, 51.513212276250954 ] } },
{ "type": "Feature", "properties": { "source": "Added", "target": "hw=path_bicycle=designated", "length_km": 0.17519313530812589, "osm_id": 1424369513, "osm_version": 1, "valid_from": "2025-08-23T09:41:45Z", "feature_id": "1424369513_1" }, "geometry": { "type": "Point", "coordinates": [ 10.577941867710809, 48.620909970020755 ] } },
{ "type": "Feature", "properties": { "source": "Added", "target": "hw=path_bicycle=designated", "length_km": 0.049256696836538848, "osm_id": 1424369514, "osm_version": 1, "valid_from": "2025-08-23T09:41:45Z", "feature_id": "1424369514_1" }, "geometry": { "type": "Point", "coordinates": [ 10.589897387042795, 48.622735940496646 ] } },
{ "type": "Feature", "properties": { "source": "Added", "target": "hw=path_bicycle=designated", "length_km": 0.41569854393202721, "osm_id": 1424378564, "osm_version": 1, "valid_from": "2025-08-23T10:44:13Z", "feature_id": "1424378564_1" }, "geometry": { "type": "Point", "coordinates": [ 12.477226753384608, 47.840092318610559 ] } },
{ "type": "Feature", "properties": { "source": "Added", "target": "hw=path_bicycle=designated", "length_km": 0.53359126918744548, "osm_id": 1424382456, "osm_version": 1, "valid_from": "2025-08-23T11:20:03Z", "feature_id": "1424382456_1" }, "geometry": { "type": "Point", "coordinates": [ 10.546276710137935, 52.956750772990304 ] } },
{ "type": "Feature", "properties": { "source": "Added", "target": "hw=path_bicycle=designated", "length_km": 0.63062131478670813, "osm_id": 1424382457, "osm_version": 1, "valid_from": "2025-08-23T11:20:03Z", "feature_id": "1424382457_1" }, "geometry": { "type": "Point", "coordinates": [ 10.54693429183404, 52.951520349344349 ] } },
{ "type": "Feature", "properties": { "source": "Added", "target": "hw=path_bicycle=designated", "length_km": 0.015795555595340745, "osm_id": 1424382458, "osm_version": 1, "valid_from": "2025-08-23T11:20:03Z", "feature_id": "1424382458_1" }, "geometry": { "type": "Point", "coordinates": [ 10.544833771987269, 52.949118572335308 ] } },
{ "type": "Feature", "properties": { "source": "Added", "target": "hw=path_bicycle=designated", "length_km": 0.39475501298179161, "osm_id": 1424382459, "osm_version": 1, "valid_from": "2025-08-23T11:20:03Z", "feature_id": "1424382459_1" }, "geometry": { "type": "Point", "coordinates": [ 10.546355180802687, 52.950633888283335 ] } },
{ "type": "Feature", "properties": { "source": "hw=path_other", "target": "hw=path_bicycle=designated", "length_km": 0.011091087676710311, "osm_id": 1425770307, "osm_version": 2, "valid_from": "2025-09-06T13:56:54Z", "feature_id": "1425770307_2" }, "geometry": { "type": "Point", "coordinates": [ 12.42407655, 50.4029961 ] } },
{ "type": "Feature", "properties": { "source": "hw=path_other", "target": "hw=path_bicycle=designated", "length_km": 0.06529922056989533, "osm_id": 1425770309, "osm_version": 2, "valid_from": "2025-09-06T13:56:54Z", "feature_id": "1425770309_2" }, "geometry": { "type": "Point", "coordinates": [ 12.4236846, 50.4032297 ] } },
{ "type": "Feature", "properties": { "source": "hw=path_other", "target": "hw=path_bicycle=designated", "length_km": 0.086418046478488525, "osm_id": 1426095652, "osm_version": 2, "valid_from": "2025-11-08T16:44:05Z", "feature_id": "1426095652_2" }, "geometry": { "type": "Point", "coordinates": [ 11.928520019016222, 51.206062890295371 ] } },
{ "type": "Feature", "properties": { "source": "Added", "target": "hw=cycleway", "length_km": 0.0074116128078321932, "osm_id": 1427489873, "osm_version": 1, "valid_from": "2025-09-06T10:03:16Z", "feature_id": "1427489873_1" }, "geometry": { "type": "Point", "coordinates": [ 11.99260855, 51.3550443 ] } },
{ "type": "Feature", "properties": { "source": "Added", "target": "hw=cycleway", "length_km": 0.014945444148810381, "osm_id": 1427489875, "osm_version": 1, "valid_from": "2025-09-06T10:03:16Z", "feature_id": "1427489875_1" }, "geometry": { "type": "Point", "coordinates": [ 11.9928738, 51.35462515 ] } },
{ "type": "Feature", "properties": { "source": "Added", "target": "hw=path_bicycle=designated", "length_km": 0.17143272091089301, "osm_id": 1427489877, "osm_version": 1, "valid_from": "2025-09-06T10:03:16Z", "feature_id": "1427489877_1" }, "geometry": { "type": "Point", "coordinates": [ 11.991526801944572, 51.354050203871722 ] } },
{ "type": "Feature", "properties": { "source": "Added", "target": "hw=cycleway", "length_km": 0.097930887950960527, "osm_id": 1427514274, "osm_version": 1, "valid_from": "2025-09-06T12:48:15Z", "feature_id": "1427514274_1" }, "geometry": { "type": "Point", "coordinates": [ 12.426651783313536, 51.11190271613598 ] } },
{ "type": "Feature", "properties": { "source": "Added", "target": "hw=path_bicycle=designated", "length_km": 0.39251815312464838, "osm_id": 1427514275, "osm_version": 1, "valid_from": "2025-09-06T12:48:15Z", "feature_id": "1427514275_1" }, "geometry": { "type": "Point", "coordinates": [ 12.42365083295411, 51.1128818875669 ] } },
{ "type": "Feature", "properties": { "source": "Added", "target": "hw=path_bicycle=designated", "length_km": 0.26005394423956696, "osm_id": 1427529752, "osm_version": 1, "valid_from": "2025-09-06T14:18:45Z", "feature_id": "1427529752_1" }, "geometry": { "type": "Point", "coordinates": [ 12.100882175941942, 50.004748490649455 ] } },
{ "type": "Feature", "properties": { "source": "Added", "target": "hw=footway_bicycle=yes", "length_km": 0.026230056932304447, "osm_id": 1427529753, "osm_version": 1, "valid_from": "2025-09-06T14:18:45Z", "feature_id": "1427529753_1" }, "geometry": { "type": "Point", "coordinates": [ 12.106294384281568, 50.004818033266311 ] } },
{ "type": "Feature", "properties": { "source": "Added", "target": "hw=path_bicycle=designated", "length_km": 0.075900167001126326, "osm_id": 1427553340, "osm_version": 1, "valid_from": "2025-09-06T17:18:20Z", "feature_id": "1427553340_1" }, "geometry": { "type": "Point", "coordinates": [ 10.822297601756238, 49.931942265536897 ] } },
{ "type": "Feature", "properties": { "source": "Added", "target": "hw=path_bicycle=designated", "length_km": 0.093912536367581081, "osm_id": 1427554545, "osm_version": 1, "valid_from": "2025-09-06T17:23:48Z", "feature_id": "1427554545_1" }, "geometry": { "type": "Point", "coordinates": [ 10.790999046847807, 49.829140082216838 ] } },
{ "type": "Feature", "properties": { "source": "Added", "target": "hw=path_bicycle=designated", "length_km": 0.035437013283108693, "osm_id": 1427554546, "osm_version": 1, "valid_from": "2025-09-06T17:23:48Z", "feature_id": "1427554546_1" }, "geometry": { "type": "Point", "coordinates": [ 10.791733637040927, 49.82956716002878 ] } },
{ "type": "Feature", "properties": { "source": "Added", "target": "hw=path_bicycle=designated", "length_km": 0.0065800000646837279, "osm_id": 1427554547, "osm_version": 1, "valid_from": "2025-09-06T17:23:48Z", "feature_id": "1427554547_1" }, "geometry": { "type": "Point", "coordinates": [ 10.79152235, 49.82944225 ] } },
{ "type": "Feature", "properties": { "source": "Added", "target": "hw=path_bicycle=designated", "length_km": 0.90065636769279356, "osm_id": 1427560458, "osm_version": 1, "valid_from": "2025-09-06T18:11:42Z", "feature_id": "1427560458_1" }, "geometry": { "type": "Point", "coordinates": [ 10.120539846156674, 48.971665275323915 ] } },
{ "type": "Feature", "properties": { "source": "Added", "target": "hw=path_bicycle=designated", "length_km": 0.11467134464279093, "osm_id": 1427560459, "osm_version": 1, "valid_from": "2025-09-06T18:11:42Z", "feature_id": "1427560459_1" }, "geometry": { "type": "Point", "coordinates": [ 10.124212004892044, 48.967758476041951 ] } },
{ "type": "Feature", "properties": { "source": "Added", "target": "hw=path_bicycle=designated", "length_km": 0.5775945528246339, "osm_id": 1427560460, "osm_version": 1, "valid_from": "2025-09-06T18:11:42Z", "feature_id": "1427560460_1" }, "geometry": { "type": "Point", "coordinates": [ 10.12206177167965, 48.97069152084179 ] } },
{ "type": "Feature", "properties": { "source": "Added", "target": "hw=path_bicycle=designated", "length_km": 0.11749625344757164, "osm_id": 1427560461, "osm_version": 1, "valid_from": "2025-09-06T18:11:42Z", "feature_id": "1427560461_1" }, "geometry": { "type": "Point", "coordinates": [ 10.124335572173562, 48.967869913263605 ] } },
{ "type": "Feature", "properties": { "source": "Added", "target": "hw=path_bicycle=designated", "length_km": 0.24599027888284186, "osm_id": 1427563770, "osm_version": 1, "valid_from": "2025-09-06T18:38:53Z", "feature_id": "1427563770_1" }, "geometry": { "type": "Point", "coordinates": [ 9.329169574595513, 49.233658122100906 ] } },
{ "type": "Feature", "properties": { "source": "Added", "target": "hw=path_bicycle=designated", "length_km": 0.2697939014070504, "osm_id": 1427563771, "osm_version": 1, "valid_from": "2025-09-06T18:38:53Z", "feature_id": "1427563771_1" }, "geometry": { "type": "Point", "coordinates": [ 9.329266970341331, 49.23358249913047 ] } },
{ "type": "Feature", "properties": { "source": "Added", "target": "hw=cycleway", "length_km": 0.038675903141250162, "osm_id": 1427651193, "osm_version": 1, "valid_from": "2025-09-07T08:08:59Z", "feature_id": "1427651193_1" }, "geometry": { "type": "Point", "coordinates": [ 12.371224471807134, 51.329904210406809 ] } },
{ "type": "Feature", "properties": { "source": "Added", "target": "hw=path_bicycle=designated", "length_km": 0.026582027988629634, "osm_id": 1427655807, "osm_version": 1, "valid_from": "2025-09-07T08:42:23Z", "feature_id": "1427655807_1" }, "geometry": { "type": "Point", "coordinates": [ 12.402002834912283, 51.399588927171926 ] } },
{ "type": "Feature", "properties": { "source": "Added", "target": "hw=path_bicycle=designated", "length_km": 0.16554638110202954, "osm_id": 1427655808, "osm_version": 1, "valid_from": "2025-09-07T08:42:23Z", "feature_id": "1427655808_1" }, "geometry": { "type": "Point", "coordinates": [ 12.403138620279142, 51.400030147353419 ] } },
{ "type": "Feature", "properties": { "source": "Added", "target": "hw=footway_bicycle=yes", "length_km": 0.033489528199202041, "osm_id": 1427655809, "osm_version": 1, "valid_from": "2025-09-07T08:42:23Z", "feature_id": "1427655809_1" }, "geometry": { "type": "Point", "coordinates": [ 12.409428881237485, 51.402249992175058 ] } },
{ "type": "Feature", "properties": { "source": "Added", "target": "hw=footway_bicycle=yes", "length_km": 0.088822726537019281, "osm_id": 1427655810, "osm_version": 1, "valid_from": "2025-09-07T08:42:23Z", "feature_id": "1427655810_1" }, "geometry": { "type": "Point", "coordinates": [ 12.409963942482806, 51.402341434118867 ] } },
{ "type": "Feature", "properties": { "source": "Added", "target": "hw=path_bicycle=designated", "length_km": 0.17743654987669885, "osm_id": 1427659877, "osm_version": 1, "valid_from": "2025-09-07T09:06:37Z", "feature_id": "1427659877_1" }, "geometry": { "type": "Point", "coordinates": [ 12.338313428055262, 51.625711364906927 ] } },
{ "type": "Feature", "properties": { "source": "Added", "target": "hw=path_bicycle=designated", "length_km": 0.24738154180070232, "osm_id": 1427659878, "osm_version": 1, "valid_from": "2025-09-07T09:06:37Z", "feature_id": "1427659878_1" }, "geometry": { "type": "Point", "coordinates": [ 12.33783024638787, 51.626862118975353 ] } },
{ "type": "Feature", "properties": { "source": "Added", "target": "hw=path_bicycle=designated", "length_km": 0.063816863469030261, "osm_id": 1427659879, "osm_version": 1, "valid_from": "2025-09-07T09:06:37Z", "feature_id": "1427659879_1" }, "geometry": { "type": "Point", "coordinates": [ 12.33645115, 51.6275533 ] } },
{ "type": "Feature", "properties": { "source": "Added", "target": "hw=path_bicycle=designated", "length_km": 0.10696755745134572, "osm_id": 1427665966, "osm_version": 1, "valid_from": "2025-09-07T09:59:34Z", "feature_id": "1427665966_1" }, "geometry": { "type": "Point", "coordinates": [ 11.667928462765479, 51.717994862885753 ] } },
{ "type": "Feature", "properties": { "source": "Added", "target": "hw=path_bicycle=designated", "length_km": 0.22427289255818864, "osm_id": 1427668375, "osm_version": 1, "valid_from": "2025-09-07T10:25:17Z", "feature_id": "1427668375_1" }, "geometry": { "type": "Point", "coordinates": [ 7.445739256821091, 50.416988618985989 ] } },
{ "type": "Feature", "properties": { "source": "Added", "target": "hw=path_bicycle=designated", "length_km": 0.42736724957071748, "osm_id": 1427668376, "osm_version": 1, "valid_from": "2025-09-07T10:25:17Z", "feature_id": "1427668376_1" }, "geometry": { "type": "Point", "coordinates": [ 7.448664370981961, 50.414727233018027 ] } },
{ "type": "Feature", "properties": { "source": "Added", "target": "hw=track_bicycle=designated", "length_km": 0.012010905279893012, "osm_id": 1427676772, "osm_version": 1, "valid_from": "2025-09-07T11:26:15Z", "feature_id": "1427676772_1" }, "geometry": { "type": "Point", "coordinates": [ 12.7028673, 47.80515805 ] } },
{ "type": "Feature", "properties": { "source": "Added", "target": "hw=path_bicycle=designated", "length_km": 0.0079991372540621254, "osm_id": 1427680334, "osm_version": 1, "valid_from": "2025-09-07T11:48:27Z", "feature_id": "1427680334_1" }, "geometry": { "type": "Point", "coordinates": [ 12.478344916497839, 47.933749459661634 ] } },
{ "type": "Feature", "properties": { "source": "Added", "target": "hw=path_bicycle=designated", "length_km": 0.10914114947365024, "osm_id": 1427683225, "osm_version": 1, "valid_from": "2025-09-07T12:15:35Z", "feature_id": "1427683225_1" }, "geometry": { "type": "Point", "coordinates": [ 12.296040489328382, 49.264436736962487 ] } },
{ "type": "Feature", "properties": { "source": "Added", "target": "hw=path_bicycle=designated", "length_km": 0.093485930786315008, "osm_id": 1427696846, "osm_version": 1, "valid_from": "2025-09-07T13:23:17Z", "feature_id": "1427696846_1" }, "geometry": { "type": "Point", "coordinates": [ 8.068555186547332, 49.373047824641688 ] } },
{ "type": "Feature", "properties": { "source": "Added", "target": "hw=path_bicycle=designated", "length_km": 0.13462716439916331, "osm_id": 1427696847, "osm_version": 1, "valid_from": "2025-09-07T13:23:17Z", "feature_id": "1427696847_1" }, "geometry": { "type": "Point", "coordinates": [ 8.070798592861875, 49.372726467955253 ] } },
{ "type": "Feature", "properties": { "source": "Added", "target": "hw=path_bicycle=designated", "length_km": 0.35900192936247544, "osm_id": 1427696848, "osm_version": 1, "valid_from": "2025-09-07T13:23:17Z", "feature_id": "1427696848_1" }, "geometry": { "type": "Point", "coordinates": [ 8.083924363720465, 49.374108077650732 ] } },
{ "type": "Feature", "properties": { "source": "Added", "target": "hw=footway_bicycle=yes", "length_km": 0.24478276343510944, "osm_id": 1427700617, "osm_version": 1, "valid_from": "2025-09-07T13:53:15Z", "feature_id": "1427700617_1" }, "geometry": { "type": "Point", "coordinates": [ 8.490701776334355, 50.068680088292062 ] } },
{ "type": "Feature", "properties": { "source": "Added", "target": "hw=footway_bicycle=yes", "length_km": 0.0301716648821235, "osm_id": 1427700618, "osm_version": 1, "valid_from": "2025-09-07T13:53:15Z", "feature_id": "1427700618_1" }, "geometry": { "type": "Point", "coordinates": [ 8.48931219250499, 50.069443819904961 ] } },
{ "type": "Feature", "properties": { "source": "Added", "target": "hw=footway_bicycle=yes", "length_km": 0.075680981868878852, "osm_id": 1427700619, "osm_version": 1, "valid_from": "2025-09-07T13:53:15Z", "feature_id": "1427700619_1" }, "geometry": { "type": "Point", "coordinates": [ 8.491913315984934, 50.067430256233202 ] } },
{ "type": "Feature", "properties": { "source": "Added", "target": "hw=footway_bicycle=yes", "length_km": 0.24004441401037394, "osm_id": 1427700620, "osm_version": 1, "valid_from": "2025-09-07T13:53:15Z", "feature_id": "1427700620_1" }, "geometry": { "type": "Point", "coordinates": [ 8.490564548275204, 50.068629730821954 ] } },
{ "type": "Feature", "properties": { "source": "Added", "target": "hw=footway_bicycle=yes", "length_km": 0.073781083043058651, "osm_id": 1427700621, "osm_version": 1, "valid_from": "2025-09-07T13:53:15Z", "feature_id": "1427700621_1" }, "geometry": { "type": "Point", "coordinates": [ 8.491735092808494, 50.067394740936628 ] } },
{ "type": "Feature", "properties": { "source": "Added", "target": "hw=footway_bicycle=yes", "length_km": 0.044934117538714631, "osm_id": 1427700622, "osm_version": 1, "valid_from": "2025-09-07T13:53:15Z", "feature_id": "1427700622_1" }, "geometry": { "type": "Point", "coordinates": [ 8.489092751086151, 50.069383264215254 ] } },
{ "type": "Feature", "properties": { "source": "Added", "target": "hw=path_bicycle=designated", "length_km": 0.16888669424343952, "osm_id": 1427704289, "osm_version": 1, "valid_from": "2025-09-07T14:17:42Z", "feature_id": "1427704289_1" }, "geometry": { "type": "Point", "coordinates": [ 6.6130976223105, 50.959616990236555 ] } },
{ "type": "Feature", "properties": { "source": "Added", "target": "hw=cycleway", "length_km": 0.073100628849584223, "osm_id": 1427704290, "osm_version": 1, "valid_from": "2025-09-07T14:17:42Z", "feature_id": "1427704290_1" }, "geometry": { "type": "Point", "coordinates": [ 6.612599830657921, 50.959813571560808 ] } },
{ "type": "Feature", "properties": { "source": "Added", "target": "hw=path_bicycle=designated", "length_km": 0.040880078803358776, "osm_id": 1427704291, "osm_version": 1, "valid_from": "2025-09-07T14:17:42Z", "feature_id": "1427704291_1" }, "geometry": { "type": "Point", "coordinates": [ 6.612203749950988, 50.960220251367282 ] } },
{ "type": "Feature", "properties": { "source": "Added", "target": "hw=path_bicycle=designated", "length_km": 0.59928776739970879, "osm_id": 1427704292, "osm_version": 1, "valid_from": "2025-09-07T14:17:42Z", "feature_id": "1427704292_1" }, "geometry": { "type": "Point", "coordinates": [ 6.61648194496674, 50.956834560991226 ] } },
{ "type": "Feature", "properties": { "source": "Added", "target": "hw=path_bicycle=designated", "length_km": 0.13262475907663901, "osm_id": 1427704293, "osm_version": 1, "valid_from": "2025-09-07T14:17:42Z", "feature_id": "1427704293_1" }, "geometry": { "type": "Point", "coordinates": [ 6.6198592590595, 50.954800649741209 ] } },
{ "type": "Feature", "properties": { "source": "Added", "target": "hw=cycleway", "length_km": 0.021457779622571008, "osm_id": 1427704294, "osm_version": 1, "valid_from": "2025-09-07T14:17:42Z", "feature_id": "1427704294_1" }, "geometry": { "type": "Point", "coordinates": [ 6.619453341441198, 50.954734884562349 ] } },
{ "type": "Feature", "properties": { "source": "Added", "target": "hw=cycleway", "length_km": 0.021996077791181314, "osm_id": 1427704295, "osm_version": 1, "valid_from": "2025-09-07T14:17:42Z", "feature_id": "1427704295_1" }, "geometry": { "type": "Point", "coordinates": [ 6.619381439927709, 50.95479262385809 ] } },
{ "type": "Feature", "properties": { "source": "Added", "target": "hw=path_bicycle=designated", "length_km": 0.41604662713647161, "osm_id": 1427722981, "osm_version": 1, "valid_from": "2025-09-07T16:15:36Z", "feature_id": "1427722981_1" }, "geometry": { "type": "Point", "coordinates": [ 7.001310407832491, 52.075251375416507 ] } },
{ "type": "Feature", "properties": { "source": "Added", "target": "hw=path_bicycle=designated", "length_km": 0.59156448839306008, "osm_id": 1427722982, "osm_version": 1, "valid_from": "2025-09-07T16:15:36Z", "feature_id": "1427722982_1" }, "geometry": { "type": "Point", "coordinates": [ 7.000868757255508, 52.075202960396219 ] } },
{ "type": "Feature", "properties": { "source": "Added", "target": "hw=path_bicycle=designated", "length_km": 0.10621943375151936, "osm_id": 1427725030, "osm_version": 1, "valid_from": "2025-09-07T16:30:27Z", "feature_id": "1427725030_1" }, "geometry": { "type": "Point", "coordinates": [ 7.021606019715644, 52.086987886186023 ] } },
{ "type": "Feature", "properties": { "source": "Added", "target": "hw=path_bicycle=designated", "length_km": 0.21215970118305674, "osm_id": 1427725031, "osm_version": 1, "valid_from": "2025-09-07T16:30:27Z", "feature_id": "1427725031_1" }, "geometry": { "type": "Point", "coordinates": [ 7.022989995208269, 52.087893802848924 ] } },
{ "type": "Feature", "properties": { "source": "Added", "target": "hw=path_bicycle=designated", "length_km": 0.20172439887724405, "osm_id": 1427725032, "osm_version": 1, "valid_from": "2025-09-07T16:30:27Z", "feature_id": "1427725032_1" }, "geometry": { "type": "Point", "coordinates": [ 7.022781848378859, 52.087953515181383 ] } },
{ "type": "Feature", "properties": { "source": "Added", "target": "hw=cycleway", "length_km": 0.38855922046376917, "osm_id": 1427727622, "osm_version": 1, "valid_from": "2025-09-07T16:49:20Z", "feature_id": "1427727622_1" }, "geometry": { "type": "Point", "coordinates": [ 6.551375888622763, 51.336910203269376 ] } },
{ "type": "Feature", "properties": { "source": "Added", "target": "hw=path_bicycle=designated", "length_km": 0.082321136712594611, "osm_id": 1427727623, "osm_version": 1, "valid_from": "2025-09-07T16:49:20Z", "feature_id": "1427727623_1" }, "geometry": { "type": "Point", "coordinates": [ 6.550802061574545, 51.335317463920113 ] } },
{ "type": "Feature", "properties": { "source": "Added", "target": "hw=footway_bicycle=yes", "length_km": 0.035032282962619024, "osm_id": 1427729172, "osm_version": 1, "valid_from": "2025-09-07T16:58:54Z", "feature_id": "1427729172_1" }, "geometry": { "type": "Point", "coordinates": [ 6.560794097610891, 51.323698776509552 ] } },
{ "type": "Feature", "properties": { "source": "Added", "target": "hw=path_bicycle=designated", "length_km": 0.042540397166158206, "osm_id": 1427729173, "osm_version": 1, "valid_from": "2025-09-07T16:58:54Z", "feature_id": "1427729173_1" }, "geometry": { "type": "Point", "coordinates": [ 6.5633707369984, 51.322889071165392 ] } },
{ "type": "Feature", "properties": { "source": "Added", "target": "hw=path_bicycle=designated", "length_km": 0.095208999930966348, "osm_id": 1427987464, "osm_version": 1, "valid_from": "2025-09-08T14:32:35Z", "feature_id": "1427987464_1" }, "geometry": { "type": "Point", "coordinates": [ 11.681711766041246, 50.03599563962625 ] } },
{ "type": "Feature", "properties": { "source": "Added", "target": "hw=path_bicycle=designated", "length_km": 0.056758152744090705, "osm_id": 1427987465, "osm_version": 1, "valid_from": "2025-09-08T14:32:35Z", "feature_id": "1427987465_1" }, "geometry": { "type": "Point", "coordinates": [ 11.681667597176148, 50.036233627683963 ] } },
{ "type": "Feature", "properties": { "source": "Added", "target": "hw=path_bicycle=designated", "length_km": 0.23302380313133397, "osm_id": 1427998988, "osm_version": 1, "valid_from": "2025-09-08T15:12:05Z", "feature_id": "1427998988_1" }, "geometry": { "type": "Point", "coordinates": [ 12.685941796657762, 49.3855781531677 ] } },
{ "type": "Feature", "properties": { "source": "Added", "target": "hw=path_bicycle=designated", "length_km": 0.10742028485754057, "osm_id": 1428002852, "osm_version": 1, "valid_from": "2025-09-08T15:29:51Z", "feature_id": "1428002852_1" }, "geometry": { "type": "Point", "coordinates": [ 7.155381938884513, 51.303064035963459 ] } },
{ "type": "Feature", "properties": { "source": "Added", "target": "hw=path_bicycle=designated", "length_km": 0.70954447821993816, "osm_id": 1428005240, "osm_version": 1, "valid_from": "2025-09-08T15:45:57Z", "feature_id": "1428005240_1" }, "geometry": { "type": "Point", "coordinates": [ 6.196290952299082, 51.288848321140073 ] } },
{ "type": "Feature", "properties": { "source": "Added", "target": "hw=path_bicycle=designated", "length_km": 0.1736590851548756, "osm_id": 1428005241, "osm_version": 1, "valid_from": "2025-09-08T15:45:57Z", "feature_id": "1428005241_1" }, "geometry": { "type": "Point", "coordinates": [ 6.195497214519627, 51.284979327229657 ] } },
{ "type": "Feature", "properties": { "source": "Added", "target": "hw=path_bicycle=designated", "length_km": 0.1975808753021302, "osm_id": 1428005242, "osm_version": 1, "valid_from": "2025-09-08T15:45:57Z", "feature_id": "1428005242_1" }, "geometry": { "type": "Point", "coordinates": [ 6.19500991833232, 51.284990276236428 ] } },
{ "type": "Feature", "properties": { "source": "Added", "target": "cw=lane", "length_km": 0.043806555226521361, "osm_id": 1428005244, "osm_version": 1, "valid_from": "2025-09-08T15:45:57Z", "feature_id": "1428005244_1" }, "geometry": { "type": "Point", "coordinates": [ 6.194287991703395, 51.284710990720775 ] } },
{ "type": "Feature", "properties": { "source": "Added", "target": "hw=footway_bicycle=yes", "length_km": 0.26580060200295497, "osm_id": 1428011299, "osm_version": 1, "valid_from": "2025-09-08T16:17:24Z", "feature_id": "1428011299_1" }, "geometry": { "type": "Point", "coordinates": [ 13.485196114744459, 51.154555963981743 ] } },
{ "type": "Feature", "properties": { "source": "Added", "target": "hw=path_bicycle=designated", "length_km": 0.26545542807606359, "osm_id": 1428965361, "osm_version": 1, "valid_from": "2025-09-11T10:27:57Z", "feature_id": "1428965361_1" }, "geometry": { "type": "Point", "coordinates": [ 10.944877699315887, 51.229978095347924 ] } },
{ "type": "Feature", "properties": { "source": "Added", "target": "hw=path_bicycle=designated", "length_km": 0.10464140625760178, "osm_id": 1429458815, "osm_version": 1, "valid_from": "2025-09-13T08:21:06Z", "feature_id": "1429458815_1" }, "geometry": { "type": "Point", "coordinates": [ 10.950318554527028, 52.928728533754644 ] } },
{ "type": "Feature", "properties": { "source": "Added", "target": "hw=path_bicycle=designated", "length_km": 0.32482217473070857, "osm_id": 1429459346, "osm_version": 1, "valid_from": "2025-09-13T08:26:41Z", "feature_id": "1429459346_1" }, "geometry": { "type": "Point", "coordinates": [ 10.481986406542989, 52.932758746779669 ] } },
{ "type": "Feature", "properties": { "source": "Added", "target": "hw=path_bicycle=designated", "length_km": 0.057476026361026805, "osm_id": 1429464006, "osm_version": 1, "valid_from": "2025-09-13T09:16:30Z", "feature_id": "1429464006_1" }, "geometry": { "type": "Point", "coordinates": [ 8.376471102113168, 51.691684958370985 ] } },
{ "type": "Feature", "properties": { "source": "Added", "target": "hw=footway_bicycle=yes", "length_km": 0.19650951343316614, "osm_id": 1429464007, "osm_version": 1, "valid_from": "2025-09-13T09:16:30Z", "feature_id": "1429464007_1" }, "geometry": { "type": "Point", "coordinates": [ 8.37512686314075, 51.690969106709453 ] } },
{ "type": "Feature", "properties": { "source": "Added", "target": "hw=footway_bicycle=yes", "length_km": 0.53048466947847639, "osm_id": 1429464008, "osm_version": 1, "valid_from": "2025-09-13T09:16:30Z", "feature_id": "1429464008_1" }, "geometry": { "type": "Point", "coordinates": [ 8.37106959620653, 51.689172797172084 ] } },
{ "type": "Feature", "properties": { "source": "Added", "target": "hw=footway_bicycle=yes", "length_km": 0.30501527251239524, "osm_id": 1429464009, "osm_version": 1, "valid_from": "2025-09-13T09:16:30Z", "feature_id": "1429464009_1" }, "geometry": { "type": "Point", "coordinates": [ 8.367495291390835, 51.685978759623247 ] } },
{ "type": "Feature", "properties": { "source": "Added", "target": "hw=footway_bicycle=yes", "length_km": 0.10525307401318289, "osm_id": 1429464010, "osm_version": 1, "valid_from": "2025-09-13T09:16:30Z", "feature_id": "1429464010_1" }, "geometry": { "type": "Point", "coordinates": [ 8.36667656830423, 51.685334281648018 ] } },
{ "type": "Feature", "properties": { "source": "Added", "target": "hw=footway_bicycle=yes", "length_km": 0.44800436077697242, "osm_id": 1429464011, "osm_version": 1, "valid_from": "2025-09-13T09:16:30Z", "feature_id": "1429464011_1" }, "geometry": { "type": "Point", "coordinates": [ 8.368734771663126, 51.687602027834942 ] } },
{ "type": "Feature", "properties": { "source": "Added", "target": "hw=footway_bicycle=yes", "length_km": 0.20399345149203124, "osm_id": 1429464012, "osm_version": 1, "valid_from": "2025-09-13T09:16:30Z", "feature_id": "1429464012_1" }, "geometry": { "type": "Point", "coordinates": [ 8.37177587807119, 51.689695457932245 ] } },
{ "type": "Feature", "properties": { "source": "Added", "target": "hw=footway_bicycle=yes", "length_km": 0.20907873259377602, "osm_id": 1429464013, "osm_version": 1, "valid_from": "2025-09-13T09:16:30Z", "feature_id": "1429464013_1" }, "geometry": { "type": "Point", "coordinates": [ 8.374211168248308, 51.690685743540143 ] } },
{ "type": "Feature", "properties": { "source": "Added", "target": "hw=path_bicycle=designated", "length_km": 0.63697153438141885, "osm_id": 1429473288, "osm_version": 1, "valid_from": "2025-09-13T10:39:10Z", "feature_id": "1429473288_1" }, "geometry": { "type": "Point", "coordinates": [ 8.375491382784952, 51.696549274767577 ] } },
{ "type": "Feature", "properties": { "source": "Added", "target": "hw=path_bicycle=designated", "length_km": 0.23392712547153202, "osm_id": 1429473289, "osm_version": 1, "valid_from": "2025-09-13T10:39:10Z", "feature_id": "1429473289_1" }, "geometry": { "type": "Point", "coordinates": [ 8.373944569918365, 51.700290769269607 ] } },
{ "type": "Feature", "properties": { "source": "Added", "target": "hw=path_bicycle=designated", "length_km": 0.21017119673513712, "osm_id": 1429474344, "osm_version": 1, "valid_from": "2025-09-13T10:50:17Z", "feature_id": "1429474344_1" }, "geometry": { "type": "Point", "coordinates": [ 6.060368888548067, 50.953819944433619 ] } },
{ "type": "Feature", "properties": { "source": "hw=track_bicycle=designated", "target": "hw=path_bicycle=designated", "length_km": 0.068704325136618019, "osm_id": 1429686282, "osm_version": 2, "valid_from": "2025-10-30T18:57:23Z", "feature_id": "1429686282_2" }, "geometry": { "type": "Point", "coordinates": [ 9.150386840467077, 48.093716709776288 ] } },
{ "type": "Feature", "properties": { "source": "Added", "target": "hw=path_bicycle=designated", "length_km": 0.10799705707398993, "osm_id": 1429896931, "osm_version": 1, "valid_from": "2025-09-15T07:22:39Z", "feature_id": "1429896931_1" }, "geometry": { "type": "Point", "coordinates": [ 7.894851615309901, 49.495993595748658 ] } },
{ "type": "Feature", "properties": { "source": "hw=track_bicycle=designated", "target": "hw=path_bicycle=designated", "length_km": 0.094312343064642687, "osm_id": 1429964436, "osm_version": 2, "valid_from": "2025-11-03T17:53:51Z", "feature_id": "1429964436_2" }, "geometry": { "type": "Point", "coordinates": [ 10.169330497378565, 49.588819022031082 ] } },
{ "type": "Feature", "properties": { "source": "hw=track_other", "target": "hw=path_bicycle=designated", "length_km": 0.11077844735511239, "osm_id": 1429965055, "osm_version": 2, "valid_from": "2025-11-03T17:53:51Z", "feature_id": "1429965055_2" }, "geometry": { "type": "Point", "coordinates": [ 10.174088610577385, 49.585204449290302 ] } },
{ "type": "Feature", "properties": { "source": "hw=track_other", "target": "hw=path_bicycle=designated", "length_km": 0.1375752936280914, "osm_id": 1429965427, "osm_version": 2, "valid_from": "2025-11-03T17:53:51Z", "feature_id": "1429965427_2" }, "geometry": { "type": "Point", "coordinates": [ 10.173327313039842, 49.586191839450535 ] } },
{ "type": "Feature", "properties": { "source": "Added", "target": "hw=cycleway", "length_km": 0.014117000427498463, "osm_id": 1430012566, "osm_version": 1, "valid_from": "2025-09-15T16:03:37Z", "feature_id": "1430012566_1" }, "geometry": { "type": "Point", "coordinates": [ 9.70551495, 50.8725229 ] } },
{ "type": "Feature", "properties": { "source": "Added", "target": "hw=path_bicycle=designated", "length_km": 0.10671013422968961, "osm_id": 1430012567, "osm_version": 1, "valid_from": "2025-09-15T16:03:37Z", "feature_id": "1430012567_1" }, "geometry": { "type": "Point", "coordinates": [ 9.705236461310106, 50.871994194866573 ] } },
{ "type": "Feature", "properties": { "source": "Added", "target": "hw=cycleway", "length_km": 0.065314172673468715, "osm_id": 1430020025, "osm_version": 1, "valid_from": "2025-09-15T16:43:18Z", "feature_id": "1430020025_1" }, "geometry": { "type": "Point", "coordinates": [ 7.662236080124279, 51.307353355180915 ] } },
{ "type": "Feature", "properties": { "source": "Added", "target": "hw=path_bicycle=designated", "length_km": 0.15877752949024068, "osm_id": 1430020026, "osm_version": 1, "valid_from": "2025-09-15T16:43:18Z", "feature_id": "1430020026_1" }, "geometry": { "type": "Point", "coordinates": [ 7.663237114406799, 51.307331318221244 ] } },
{ "type": "Feature", "properties": { "source": "Added", "target": "hw=path_bicycle=designated", "length_km": 0.040000298104467299, "osm_id": 1430020027, "osm_version": 1, "valid_from": "2025-09-15T16:43:18Z", "feature_id": "1430020027_1" }, "geometry": { "type": "Point", "coordinates": [ 7.662810574368035, 51.307888842222262 ] } },
{ "type": "Feature", "properties": { "source": "Added", "target": "hw=path_bicycle=designated", "length_km": 0.044668088978167056, "osm_id": 1430020028, "osm_version": 1, "valid_from": "2025-09-15T16:43:18Z", "feature_id": "1430020028_1" }, "geometry": { "type": "Point", "coordinates": [ 7.663007199869736, 51.307952134760278 ] } },
{ "type": "Feature", "properties": { "source": "Added", "target": "hw=path_bicycle=designated", "length_km": 0.062362028957062193, "osm_id": 1430020029, "osm_version": 1, "valid_from": "2025-09-15T16:43:18Z", "feature_id": "1430020029_1" }, "geometry": { "type": "Point", "coordinates": [ 7.662246281004895, 51.307486196837218 ] } },
{ "type": "Feature", "properties": { "source": "Added", "target": "hw=path_bicycle=designated", "length_km": 0.057299075466955458, "osm_id": 1430020030, "osm_version": 1, "valid_from": "2025-09-15T16:43:18Z", "feature_id": "1430020030_1" }, "geometry": { "type": "Point", "coordinates": [ 7.663025779479643, 51.307008536995198 ] } },
{ "type": "Feature", "properties": { "source": "Added", "target": "hw=path_bicycle=designated", "length_km": 0.08267525431626209, "osm_id": 1430020031, "osm_version": 1, "valid_from": "2025-09-15T16:43:18Z", "feature_id": "1430020031_1" }, "geometry": { "type": "Point", "coordinates": [ 7.663271231290339, 51.30693968016179 ] } },
{ "type": "Feature", "properties": { "source": "Added", "target": "hw=cycleway", "length_km": 0.031476645501913127, "osm_id": 1430020381, "osm_version": 1, "valid_from": "2025-09-15T16:47:33Z", "feature_id": "1430020381_1" }, "geometry": { "type": "Point", "coordinates": [ 7.663548696573268, 51.307405417564418 ] } },
{ "type": "Feature", "properties": { "source": "Added", "target": "hw=cycleway", "length_km": 0.04043140543687046, "osm_id": 1430020382, "osm_version": 1, "valid_from": "2025-09-15T16:47:33Z", "feature_id": "1430020382_1" }, "geometry": { "type": "Point", "coordinates": [ 7.663579291749331, 51.307527274985588 ] } },
{ "type": "Feature", "properties": { "source": "Added", "target": "hw=path_bicycle=designated", "length_km": 0.096857796072277819, "osm_id": 1430196291, "osm_version": 1, "valid_from": "2025-09-16T09:50:57Z", "feature_id": "1430196291_1" }, "geometry": { "type": "Point", "coordinates": [ 6.729394825471632, 51.551868375781261 ] } },
{ "type": "Feature", "properties": { "source": "Added", "target": "hw=path_bicycle=designated", "length_km": 0.040686257505119922, "osm_id": 1430196292, "osm_version": 1, "valid_from": "2025-09-16T09:50:57Z", "feature_id": "1430196292_1" }, "geometry": { "type": "Point", "coordinates": [ 6.72931665, 51.5512485 ] } },
{ "type": "Feature", "properties": { "source": "Added", "target": "hw=path_bicycle=designated", "length_km": 0.0066791120286211359, "osm_id": 1430196293, "osm_version": 1, "valid_from": "2025-09-16T09:50:57Z", "feature_id": "1430196293_1" }, "geometry": { "type": "Point", "coordinates": [ 6.7292837, 51.55103675 ] } },
{ "type": "Feature", "properties": { "source": "Added", "target": "hw=path_bicycle=designated", "length_km": 0.10931648882340543, "osm_id": 1430196294, "osm_version": 1, "valid_from": "2025-09-16T09:50:57Z", "feature_id": "1430196294_1" }, "geometry": { "type": "Point", "coordinates": [ 6.729102744925263, 51.551995312564188 ] } },
{ "type": "Feature", "properties": { "source": "Added", "target": "hw=cycleway", "length_km": 0.017108904922712231, "osm_id": 1430196295, "osm_version": 1, "valid_from": "2025-09-16T09:50:57Z", "feature_id": "1430196295_1" }, "geometry": { "type": "Point", "coordinates": [ 6.7290448, 51.55224535 ] } },
{ "type": "Feature", "properties": { "source": "Added", "target": "hw=path_bicycle=designated", "length_km": 0.041505651079688517, "osm_id": 1430196296, "osm_version": 1, "valid_from": "2025-09-16T09:50:57Z", "feature_id": "1430196296_1" }, "geometry": { "type": "Point", "coordinates": [ 6.7291197, 51.5513041 ] } },
{ "type": "Feature", "properties": { "source": "Added", "target": "hw=path_bicycle=designated", "length_km": 0.16116881042578282, "osm_id": 1430196298, "osm_version": 1, "valid_from": "2025-09-16T09:50:57Z", "feature_id": "1430196298_1" }, "geometry": { "type": "Point", "coordinates": [ 6.738256124948938, 51.538640887365041 ] } },
{ "type": "Feature", "properties": { "source": "Added", "target": "hw=cycleway", "length_km": 0.037807345599357181, "osm_id": 1430196300, "osm_version": 1, "valid_from": "2025-09-16T09:50:57Z", "feature_id": "1430196300_1" }, "geometry": { "type": "Point", "coordinates": [ 6.738654172908174, 51.537798704914898 ] } },
{ "type": "Feature", "properties": { "source": "Added", "target": "hw=path_bicycle=designated", "length_km": 0.039280761549348522, "osm_id": 1430196303, "osm_version": 1, "valid_from": "2025-09-16T09:50:57Z", "feature_id": "1430196303_1" }, "geometry": { "type": "Point", "coordinates": [ 6.729436937143164, 51.552565095961761 ] } },
{ "type": "Feature", "properties": { "source": "Added", "target": "hw=path_bicycle=designated", "length_km": 0.025184737438275661, "osm_id": 1430196304, "osm_version": 1, "valid_from": "2025-09-16T09:50:57Z", "feature_id": "1430196304_1" }, "geometry": { "type": "Point", "coordinates": [ 6.729020325797225, 51.552494153849644 ] } },
{ "type": "Feature", "properties": { "source": "Added", "target": "hw=path_bicycle=designated", "length_km": 0.0039128787268749923, "osm_id": 1430196305, "osm_version": 1, "valid_from": "2025-09-16T09:50:57Z", "feature_id": "1430196305_1" }, "geometry": { "type": "Point", "coordinates": [ 6.729089, 51.551101 ] } },
{ "type": "Feature", "properties": { "source": "Added", "target": "hw=path_bicycle=designated", "length_km": 0.0071043754111572589, "osm_id": 1430196306, "osm_version": 1, "valid_from": "2025-09-16T09:50:57Z", "feature_id": "1430196306_1" }, "geometry": { "type": "Point", "coordinates": [ 6.7292374, 51.5510256 ] } },
{ "type": "Feature", "properties": { "source": "Added", "target": "hw=path_bicycle=designated", "length_km": 0.048480472955133351, "osm_id": 1430196307, "osm_version": 1, "valid_from": "2025-09-16T09:50:57Z", "feature_id": "1430196307_1" }, "geometry": { "type": "Point", "coordinates": [ 6.72964622156506, 51.552501052458702 ] } },
{ "type": "Feature", "properties": { "source": "Added", "target": "hw=path_bicycle=designated", "length_km": 0.33022965823133216, "osm_id": 1430201572, "osm_version": 1, "valid_from": "2025-09-16T10:21:50Z", "feature_id": "1430201572_1" }, "geometry": { "type": "Point", "coordinates": [ 6.735326745753179, 51.551476434762868 ] } },
{ "type": "Feature", "properties": { "source": "Added", "target": "hw=path_bicycle=designated", "length_km": 0.040710601539526874, "osm_id": 1430201573, "osm_version": 1, "valid_from": "2025-09-16T10:21:50Z", "feature_id": "1430201573_1" }, "geometry": { "type": "Point", "coordinates": [ 6.73388765, 51.55006915 ] } },
{ "type": "Feature", "properties": { "source": "Added", "target": "hw=path_bicycle=designated", "length_km": 0.39014796657355882, "osm_id": 1430201574, "osm_version": 1, "valid_from": "2025-09-16T10:21:50Z", "feature_id": "1430201574_1" }, "geometry": { "type": "Point", "coordinates": [ 6.73179596214177, 51.548584158034672 ] } },
{ "type": "Feature", "properties": { "source": "Added", "target": "hw=path_bicycle=designated", "length_km": 0.32841062674132554, "osm_id": 1430201575, "osm_version": 1, "valid_from": "2025-09-16T10:21:50Z", "feature_id": "1430201575_1" }, "geometry": { "type": "Point", "coordinates": [ 6.735483527482017, 51.551417780834079 ] } },
{ "type": "Feature", "properties": { "source": "Added", "target": "hw=path_bicycle=designated", "length_km": 0.041702502658445197, "osm_id": 1430201576, "osm_version": 1, "valid_from": "2025-09-16T10:21:50Z", "feature_id": "1430201576_1" }, "geometry": { "type": "Point", "coordinates": [ 6.73401855, 51.5500315 ] } },
{ "type": "Feature", "properties": { "source": "Added", "target": "hw=cycleway", "length_km": 0.097199036891039092, "osm_id": 1430201577, "osm_version": 1, "valid_from": "2025-09-16T10:21:50Z", "feature_id": "1430201577_1" }, "geometry": { "type": "Point", "coordinates": [ 6.732477970229422, 51.544440526773116 ] } },
{ "type": "Feature", "properties": { "source": "Added", "target": "hw=path_bicycle=designated", "length_km": 0.63981459882236091, "osm_id": 1430201579, "osm_version": 1, "valid_from": "2025-09-16T10:21:50Z", "feature_id": "1430201579_1" }, "geometry": { "type": "Point", "coordinates": [ 6.735648817367212, 51.541840183308594 ] } },
{ "type": "Feature", "properties": { "source": "Added", "target": "hw=cycleway", "length_km": 0.0094549966188932615, "osm_id": 1430201581, "osm_version": 1, "valid_from": "2025-09-16T10:21:50Z", "feature_id": "1430201581_1" }, "geometry": { "type": "Point", "coordinates": [ 6.73813675, 51.53944855 ] } },
{ "type": "Feature", "properties": { "source": "Added", "target": "hw=path_bicycle=designated", "length_km": 0.027085612160142693, "osm_id": 1430201583, "osm_version": 1, "valid_from": "2025-09-16T10:21:50Z", "feature_id": "1430201583_1" }, "geometry": { "type": "Point", "coordinates": [ 6.729181720763738, 51.54804515852247 ] } },
{ "type": "Feature", "properties": { "source": "Added", "target": "hw=path_bicycle=designated", "length_km": 0.026722941817199843, "osm_id": 1430201584, "osm_version": 1, "valid_from": "2025-09-16T10:21:50Z", "feature_id": "1430201584_1" }, "geometry": { "type": "Point", "coordinates": [ 6.729325227643638, 51.547929901330576 ] } },
{ "type": "Feature", "properties": { "source": "Added", "target": "hw=path_bicycle=designated", "length_km": 1.1138981994774599, "osm_id": 1430568649, "osm_version": 1, "valid_from": "2025-09-17T14:03:18Z", "feature_id": "1430568649_1" }, "geometry": { "type": "Point", "coordinates": [ 8.325112197602932, 51.610506594543253 ] } },
{ "type": "Feature", "properties": { "source": "Added", "target": "hw=cycleway", "length_km": 0.045776404943792037, "osm_id": 1430568650, "osm_version": 1, "valid_from": "2025-09-17T14:03:18Z", "feature_id": "1430568650_1" }, "geometry": { "type": "Point", "coordinates": [ 8.34228499472375, 51.612524616414817 ] } },
{ "type": "Feature", "properties": { "source": "Added", "target": "hw=path_bicycle=designated", "length_km": 0.25704314223167674, "osm_id": 1430568651, "osm_version": 1, "valid_from": "2025-09-17T14:03:18Z", "feature_id": "1430568651_1" }, "geometry": { "type": "Point", "coordinates": [ 8.344345735855484, 51.612964441989028 ] } },
{ "type": "Feature", "properties": { "source": "Added", "target": "hw=path_bicycle=designated", "length_km": 0.34592680138196946, "osm_id": 1430568652, "osm_version": 1, "valid_from": "2025-09-17T14:03:18Z", "feature_id": "1430568652_1" }, "geometry": { "type": "Point", "coordinates": [ 8.348441650401394, 51.613876437314552 ] } },
{ "type": "Feature", "properties": { "source": "Added", "target": "hw=path_bicycle=designated", "length_km": 0.37366712947713249, "osm_id": 1430568653, "osm_version": 1, "valid_from": "2025-09-17T14:03:18Z", "feature_id": "1430568653_1" }, "geometry": { "type": "Point", "coordinates": [ 8.348514375169414, 51.614027186626345 ] } },
{ "type": "Feature", "properties": { "source": "Added", "target": "hw=path_bicycle=designated", "length_km": 0.28181252116550137, "osm_id": 1430568654, "osm_version": 1, "valid_from": "2025-09-17T14:03:18Z", "feature_id": "1430568654_1" }, "geometry": { "type": "Point", "coordinates": [ 8.34408195336786, 51.613026122376212 ] } },
{ "type": "Feature", "properties": { "source": "Added", "target": "hw=path_bicycle=designated", "length_km": 0.062640515575339673, "osm_id": 1430570137, "osm_version": 1, "valid_from": "2025-09-17T14:08:21Z", "feature_id": "1430570137_1" }, "geometry": { "type": "Point", "coordinates": [ 9.105274701574622, 51.17179092922337 ] } },
{ "type": "Feature", "properties": { "source": "Added", "target": "hw=footway_bicycle=yes", "length_km": 0.3053045545331608, "osm_id": 1430574039, "osm_version": 1, "valid_from": "2025-09-17T14:24:47Z", "feature_id": "1430574039_1" }, "geometry": { "type": "Point", "coordinates": [ 8.251033661463403, 48.13189641722726 ] } },
{ "type": "Feature", "properties": { "source": "Added", "target": "hw=path_bicycle=designated", "length_km": 3.1749130599380559, "osm_id": 1430872691, "osm_version": 1, "valid_from": "2025-09-18T12:48:21Z", "feature_id": "1430872691_1" }, "geometry": { "type": "Point", "coordinates": [ 10.254049350193586, 53.394119705289718 ] } },
{ "type": "Feature", "properties": { "source": "Added", "target": "hw=path_bicycle=designated", "length_km": 1.7111356831056483, "osm_id": 1430872694, "osm_version": 1, "valid_from": "2025-09-18T12:48:21Z", "feature_id": "1430872694_1" }, "geometry": { "type": "Point", "coordinates": [ 10.263802810730827, 53.413790075871432 ] } },
{ "type": "Feature", "properties": { "source": "Added", "target": "hw=path_bicycle=designated", "length_km": 0.11577400524854341, "osm_id": 1431250656, "osm_version": 1, "valid_from": "2025-09-19T18:08:35Z", "feature_id": "1431250656_1" }, "geometry": { "type": "Point", "coordinates": [ 10.953600544633559, 54.379984924933531 ] } },
{ "type": "Feature", "properties": { "source": "Added", "target": "hw=path_bicycle=designated", "length_km": 0.0594144293192738, "osm_id": 1431250659, "osm_version": 1, "valid_from": "2025-09-19T18:08:35Z", "feature_id": "1431250659_1" }, "geometry": { "type": "Point", "coordinates": [ 10.9530454409207, 54.380562678495366 ] } },
{ "type": "Feature", "properties": { "source": "Added", "target": "hw=cycleway", "length_km": 0.0074870803242138443, "osm_id": 1431253572, "osm_version": 1, "valid_from": "2025-09-19T18:23:38Z", "feature_id": "1431253572_1" }, "geometry": { "type": "Point", "coordinates": [ 10.55771335, 54.20426905 ] } },
{ "type": "Feature", "properties": { "source": "Added", "target": "hw=path_bicycle=designated", "length_km": 0.15371452242543251, "osm_id": 1431292628, "osm_version": 1, "valid_from": "2025-09-19T18:46:37Z", "feature_id": "1431292628_1" }, "geometry": { "type": "Point", "coordinates": [ 10.489618448633124, 54.197882657300767 ] } },
{ "type": "Feature", "properties": { "source": "Added", "target": "hw=path_bicycle=designated", "length_km": 0.13665253057023141, "osm_id": 1431292629, "osm_version": 1, "valid_from": "2025-09-19T18:46:37Z", "feature_id": "1431292629_1" }, "geometry": { "type": "Point", "coordinates": [ 10.491835858947166, 54.1978260889504 ] } },
{ "type": "Feature", "properties": { "source": "Added", "target": "hw=path_bicycle=designated", "length_km": 0.75936992773293654, "osm_id": 1431292633, "osm_version": 1, "valid_from": "2025-09-19T18:46:37Z", "feature_id": "1431292633_1" }, "geometry": { "type": "Point", "coordinates": [ 10.478021936018273, 54.198293188153272 ] } },
{ "type": "Feature", "properties": { "source": "Added", "target": "hw=path_bicycle=designated", "length_km": 0.10118776430507088, "osm_id": 1431447235, "osm_version": 1, "valid_from": "2025-09-20T08:19:39Z", "feature_id": "1431447235_1" }, "geometry": { "type": "Point", "coordinates": [ 8.110912146412552, 49.191823939386531 ] } },
{ "type": "Feature", "properties": { "source": "Added", "target": "hw=path_bicycle=designated", "length_km": 0.08105499066386275, "osm_id": 1431447237, "osm_version": 1, "valid_from": "2025-09-20T08:19:39Z", "feature_id": "1431447237_1" }, "geometry": { "type": "Point", "coordinates": [ 8.11234272739633, 49.192169202049911 ] } },
{ "type": "Feature", "properties": { "source": "Added", "target": "hw=cycleway", "length_km": 0.010516881367772889, "osm_id": 1431448388, "osm_version": 1, "valid_from": "2025-09-20T08:28:30Z", "feature_id": "1431448388_1" }, "geometry": { "type": "Point", "coordinates": [ 8.5500757, 50.10043785 ] } },
{ "type": "Feature", "properties": { "source": "Added", "target": "hw=path_bicycle=designated", "length_km": 0.10507327590811524, "osm_id": 1431448389, "osm_version": 1, "valid_from": "2025-09-20T08:28:30Z", "feature_id": "1431448389_1" }, "geometry": { "type": "Point", "coordinates": [ 8.550800401207153, 50.100655446398733 ] } },
{ "type": "Feature", "properties": { "source": "Added", "target": "hw=path_bicycle=designated", "length_km": 0.20515984329300579, "osm_id": 1431455474, "osm_version": 1, "valid_from": "2025-09-20T08:47:10Z", "feature_id": "1431455474_1" }, "geometry": { "type": "Point", "coordinates": [ 6.674215114589335, 51.249506122441232 ] } },
{ "type": "Feature", "properties": { "source": "Added", "target": "hw=path_bicycle=designated", "length_km": 0.19915585387940843, "osm_id": 1431455476, "osm_version": 1, "valid_from": "2025-09-20T08:47:10Z", "feature_id": "1431455476_1" }, "geometry": { "type": "Point", "coordinates": [ 6.674280882290599, 51.249661191327291 ] } },
{ "type": "Feature", "properties": { "source": "Added", "target": "hw=path_bicycle=designated", "length_km": 0.40270664644747511, "osm_id": 1431456161, "osm_version": 1, "valid_from": "2025-09-20T08:54:42Z", "feature_id": "1431456161_1" }, "geometry": { "type": "Point", "coordinates": [ 7.137731742372193, 51.500927987561113 ] } },
{ "type": "Feature", "properties": { "source": "Added", "target": "cw=lane", "length_km": 0.24982484493162446, "osm_id": 1431468628, "osm_version": 1, "valid_from": "2025-09-20T10:11:16Z", "feature_id": "1431468628_1" }, "geometry": { "type": "Point", "coordinates": [ 6.859004449422893, 51.867398910267092 ] } },
{ "type": "Feature", "properties": { "source": "Added", "target": "hw=path_bicycle=designated", "length_km": 0.33534749075237014, "osm_id": 1431468630, "osm_version": 1, "valid_from": "2025-09-20T10:11:16Z", "feature_id": "1431468630_1" }, "geometry": { "type": "Point", "coordinates": [ 6.859877438897383, 51.864926373572409 ] } },
{ "type": "Feature", "properties": { "source": "Added", "target": "hw=path_bicycle=designated", "length_km": 0.42965152706756887, "osm_id": 1431468631, "osm_version": 1, "valid_from": "2025-09-20T10:11:16Z", "feature_id": "1431468631_1" }, "geometry": { "type": "Point", "coordinates": [ 6.862710952795379, 51.8615662569715 ] } },
{ "type": "Feature", "properties": { "source": "Added", "target": "hw=path_bicycle=designated", "length_km": 0.014345974715894983, "osm_id": 1431468632, "osm_version": 1, "valid_from": "2025-09-20T10:11:16Z", "feature_id": "1431468632_1" }, "geometry": { "type": "Point", "coordinates": [ 6.864335851266091, 51.859757014351501 ] } },
{ "type": "Feature", "properties": { "source": "Added", "target": "hw=path_bicycle=designated", "length_km": 0.017263871912067269, "osm_id": 1431468633, "osm_version": 1, "valid_from": "2025-09-20T10:11:16Z", "feature_id": "1431468633_1" }, "geometry": { "type": "Point", "coordinates": [ 6.86421775, 51.85988115 ] } },
{ "type": "Feature", "properties": { "source": "Added", "target": "hw=path_bicycle=designated", "length_km": 0.49582644324634528, "osm_id": 1431468634, "osm_version": 1, "valid_from": "2025-09-20T10:11:16Z", "feature_id": "1431468634_1" }, "geometry": { "type": "Point", "coordinates": [ 6.865469484165422, 51.857813669485644 ] } },
{ "type": "Feature", "properties": { "source": "Added", "target": "hw=path_bicycle=designated", "length_km": 0.50520981644046248, "osm_id": 1431468635, "osm_version": 1, "valid_from": "2025-09-20T10:11:16Z", "feature_id": "1431468635_1" }, "geometry": { "type": "Point", "coordinates": [ 6.865647514634027, 51.857865913664746 ] } },
{ "type": "Feature", "properties": { "source": "Added", "target": "hw=footway_bicycle=yes", "length_km": 0.2122276180475173, "osm_id": 1431468637, "osm_version": 1, "valid_from": "2025-09-20T10:11:16Z", "feature_id": "1431468637_1" }, "geometry": { "type": "Point", "coordinates": [ 6.863046167197655, 51.860836219938889 ] } },
{ "type": "Feature", "properties": { "source": "Added", "target": "hw=path_bicycle=designated", "length_km": 0.24423567404035915, "osm_id": 1431468638, "osm_version": 1, "valid_from": "2025-09-20T10:11:16Z", "feature_id": "1431468638_1" }, "geometry": { "type": "Point", "coordinates": [ 6.861629103977104, 51.862651806865728 ] } },
{ "type": "Feature", "properties": { "source": "Added", "target": "hw=footway_bicycle=yes", "length_km": 0.03938166769752674, "osm_id": 1431468639, "osm_version": 1, "valid_from": "2025-09-20T10:11:16Z", "feature_id": "1431468639_1" }, "geometry": { "type": "Point", "coordinates": [ 6.864068890074693, 51.86014714765399 ] } },
{ "type": "Feature", "properties": { "source": "Added", "target": "hw=cycleway", "length_km": 0.12706977344774781, "osm_id": 1431470408, "osm_version": 1, "valid_from": "2025-09-20T10:25:55Z", "feature_id": "1431470408_1" }, "geometry": { "type": "Point", "coordinates": [ 14.348352067778567, 51.718564225885629 ] } },
{ "type": "Feature", "properties": { "source": "Added", "target": "hw=cycleway", "length_km": 0.11799916434641831, "osm_id": 1431470409, "osm_version": 1, "valid_from": "2025-09-20T10:25:55Z", "feature_id": "1431470409_1" }, "geometry": { "type": "Point", "coordinates": [ 14.35038975639468, 51.716284159787442 ] } },
{ "type": "Feature", "properties": { "source": "Added", "target": "hw=path_bicycle=designated", "length_km": 0.66152182841043605, "osm_id": 1431481851, "osm_version": 1, "valid_from": "2025-09-20T11:24:03Z", "feature_id": "1431481851_1" }, "geometry": { "type": "Point", "coordinates": [ 6.853983352552171, 51.685822042138838 ] } },
{ "type": "Feature", "properties": { "source": "Added", "target": "hw=path_bicycle=designated", "length_km": 0.13159170906162238, "osm_id": 1431481852, "osm_version": 1, "valid_from": "2025-09-20T11:24:03Z", "feature_id": "1431481852_1" }, "geometry": { "type": "Point", "coordinates": [ 6.851079023169345, 51.683777110271706 ] } },
{ "type": "Feature", "properties": { "source": "Added", "target": "cw=lane", "length_km": 0.20827401127078707, "osm_id": 1431631591, "osm_version": 1, "valid_from": "2025-09-21T06:01:25Z", "feature_id": "1431631591_1" }, "geometry": { "type": "Point", "coordinates": [ 7.045003747551342, 51.568188708411149 ] } },
{ "type": "Feature", "properties": { "source": "Added", "target": "hw=path_bicycle=designated", "length_km": 0.056230048768571468, "osm_id": 1431634900, "osm_version": 1, "valid_from": "2025-09-21T06:32:43Z", "feature_id": "1431634900_1" }, "geometry": { "type": "Point", "coordinates": [ 7.02593535, 51.5408747 ] } },
{ "type": "Feature", "properties": { "source": "Added", "target": "hw=path_bicycle=designated", "length_km": 0.11978250562118746, "osm_id": 1431634901, "osm_version": 1, "valid_from": "2025-09-21T06:32:43Z", "feature_id": "1431634901_1" }, "geometry": { "type": "Point", "coordinates": [ 7.025603206377395, 51.542615162529962 ] } },
{ "type": "Feature", "properties": { "source": "Added", "target": "hw=path_bicycle=designated", "length_km": 0.24833792009391956, "osm_id": 1431634902, "osm_version": 1, "valid_from": "2025-09-21T06:32:43Z", "feature_id": "1431634902_1" }, "geometry": { "type": "Point", "coordinates": [ 7.030675971474584, 51.543140229637508 ] } },
{ "type": "Feature", "properties": { "source": "Added", "target": "hw=path_bicycle=designated", "length_km": 0.1101572654027622, "osm_id": 1431634903, "osm_version": 1, "valid_from": "2025-09-21T06:32:43Z", "feature_id": "1431634903_1" }, "geometry": { "type": "Point", "coordinates": [ 7.033235362147668, 51.543129013596463 ] } },
{ "type": "Feature", "properties": { "source": "Added", "target": "hw=path_bicycle=designated", "length_km": 0.21664347798058678, "osm_id": 1431634904, "osm_version": 1, "valid_from": "2025-09-21T06:32:43Z", "feature_id": "1431634904_1" }, "geometry": { "type": "Point", "coordinates": [ 7.030523463342171, 51.543418604344573 ] } },
{ "type": "Feature", "properties": { "source": "Added", "target": "hw=cycleway", "length_km": 0.017663535394119519, "osm_id": 1431634906, "osm_version": 1, "valid_from": "2025-09-21T06:32:43Z", "feature_id": "1431634906_1" }, "geometry": { "type": "Point", "coordinates": [ 7.0238063, 51.5434473 ] } },
{ "type": "Feature", "properties": { "source": "Added", "target": "cw=lane", "length_km": 0.094527834759300031, "osm_id": 1431634907, "osm_version": 1, "valid_from": "2025-09-21T06:32:43Z", "feature_id": "1431634907_1" }, "geometry": { "type": "Point", "coordinates": [ 7.023007401571706, 51.543412337138129 ] } },
{ "type": "Feature", "properties": { "source": "Added", "target": "hw=path_bicycle=designated", "length_km": 0.061278020889158444, "osm_id": 1431634908, "osm_version": 1, "valid_from": "2025-09-21T06:32:43Z", "feature_id": "1431634908_1" }, "geometry": { "type": "Point", "coordinates": [ 7.02546020969418, 51.543790827456064 ] } },
{ "type": "Feature", "properties": { "source": "Added", "target": "hw=path_bicycle=designated", "length_km": 0.54021199240847884, "osm_id": 1431636802, "osm_version": 1, "valid_from": "2025-09-21T06:55:03Z", "feature_id": "1431636802_1" }, "geometry": { "type": "Point", "coordinates": [ 12.219318802264205, 48.615770326933152 ] } },
{ "type": "Feature", "properties": { "source": "Added", "target": "hw=path_bicycle=designated", "length_km": 0.074579076167107475, "osm_id": 1431641063, "osm_version": 1, "valid_from": "2025-09-21T07:44:16Z", "feature_id": "1431641063_1" }, "geometry": { "type": "Point", "coordinates": [ 9.324522882300403, 48.051440975369815 ] } },
{ "type": "Feature", "properties": { "source": "Added", "target": "hw=path_bicycle=designated", "length_km": 0.003009671628848722, "osm_id": 1431641064, "osm_version": 1, "valid_from": "2025-09-21T07:44:16Z", "feature_id": "1431641064_1" }, "geometry": { "type": "Point", "coordinates": [ 9.32522235, 48.05119965 ] } },
{ "type": "Feature", "properties": { "source": "Added", "target": "hw=path_bicycle=designated", "length_km": 0.020911827527133071, "osm_id": 1431641065, "osm_version": 1, "valid_from": "2025-09-21T07:44:16Z", "feature_id": "1431641065_1" }, "geometry": { "type": "Point", "coordinates": [ 9.32507675, 48.0512443 ] } },
{ "type": "Feature", "properties": { "source": "Added", "target": "hw=path_bicycle=designated", "length_km": 0.27444216697065271, "osm_id": 1431642059, "osm_version": 1, "valid_from": "2025-09-21T07:54:06Z", "feature_id": "1431642059_1" }, "geometry": { "type": "Point", "coordinates": [ 9.324521509091023, 48.045637649440721 ] } },
{ "type": "Feature", "properties": { "source": "Added", "target": "hw=footway_bicycle=yes", "length_km": 0.11933746105411815, "osm_id": 1431648199, "osm_version": 1, "valid_from": "2025-09-21T08:47:21Z", "feature_id": "1431648199_1" }, "geometry": { "type": "Point", "coordinates": [ 9.21022885058985, 48.086930384826573 ] } },
{ "type": "Feature", "properties": { "source": "Added", "target": "hw=footway_bicycle=yes", "length_km": 0.012311338619445535, "osm_id": 1431648200, "osm_version": 1, "valid_from": "2025-09-21T08:47:21Z", "feature_id": "1431648200_1" }, "geometry": { "type": "Point", "coordinates": [ 9.211234205786676, 48.086985663354497 ] } },
{ "type": "Feature", "properties": { "source": "Added", "target": "hw=footway_bicycle=yes", "length_km": 0.02001558577418041, "osm_id": 1431648201, "osm_version": 1, "valid_from": "2025-09-21T08:47:21Z", "feature_id": "1431648201_1" }, "geometry": { "type": "Point", "coordinates": [ 9.2096883, 48.0871629 ] } },
{ "type": "Feature", "properties": { "source": "Added", "target": "hw=path_bicycle=designated", "length_km": 0.030229118494818866, "osm_id": 1431650060, "osm_version": 1, "valid_from": "2025-09-21T09:05:44Z", "feature_id": "1431650060_1" }, "geometry": { "type": "Point", "coordinates": [ 7.715560259848896, 48.245233766592321 ] } },
{ "type": "Feature", "properties": { "source": "Added", "target": "hw=path_bicycle=designated", "length_km": 0.26603766371617499, "osm_id": 1431668691, "osm_version": 1, "valid_from": "2025-09-21T11:16:27Z", "feature_id": "1431668691_1" }, "geometry": { "type": "Point", "coordinates": [ 7.045296737915435, 51.512909925575556 ] } },
{ "type": "Feature", "properties": { "source": "Added", "target": "hw=path_bicycle=designated", "length_km": 0.01184377149261393, "osm_id": 1431668692, "osm_version": 1, "valid_from": "2025-09-21T11:16:27Z", "feature_id": "1431668692_1" }, "geometry": { "type": "Point", "coordinates": [ 7.044421968481872, 51.514027377860785 ] } },
{ "type": "Feature", "properties": { "source": "Added", "target": "hw=path_bicycle=designated", "length_km": 0.29382005154387952, "osm_id": 1431668693, "osm_version": 1, "valid_from": "2025-09-21T11:16:27Z", "feature_id": "1431668693_1" }, "geometry": { "type": "Point", "coordinates": [ 7.045007263052048, 51.512966180380438 ] } },
{ "type": "Feature", "properties": { "source": "Added", "target": "hw=path_bicycle=designated", "length_km": 0.015927961714139401, "osm_id": 1431668694, "osm_version": 1, "valid_from": "2025-09-21T11:16:27Z", "feature_id": "1431668694_1" }, "geometry": { "type": "Point", "coordinates": [ 7.044228789005183, 51.513763803754671 ] } },
{ "type": "Feature", "properties": { "source": "Added", "target": "hw=path_bicycle=designated", "length_km": 0.042155894097344597, "osm_id": 1431668695, "osm_version": 1, "valid_from": "2025-09-21T11:16:27Z", "feature_id": "1431668695_1" }, "geometry": { "type": "Point", "coordinates": [ 7.047317009409162, 51.512003087974499 ] } },
{ "type": "Feature", "properties": { "source": "Added", "target": "hw=path_bicycle=designated", "length_km": 0.030622561718642562, "osm_id": 1431668696, "osm_version": 1, "valid_from": "2025-09-21T11:16:27Z", "feature_id": "1431668696_1" }, "geometry": { "type": "Point", "coordinates": [ 7.04688175, 51.5121607 ] } },
{ "type": "Feature", "properties": { "source": "Added", "target": "hw=path_bicycle=designated", "length_km": 0.030043019107221049, "osm_id": 1431668697, "osm_version": 1, "valid_from": "2025-09-21T11:16:27Z", "feature_id": "1431668697_1" }, "geometry": { "type": "Point", "coordinates": [ 7.047121810404197, 51.511886220607757 ] } },
{ "type": "Feature", "properties": { "source": "Added", "target": "hw=path_bicycle=designated", "length_km": 0.034924961468256063, "osm_id": 1431668698, "osm_version": 1, "valid_from": "2025-09-21T11:16:27Z", "feature_id": "1431668698_1" }, "geometry": { "type": "Point", "coordinates": [ 7.04675125, 51.5120643 ] } },
{ "type": "Feature", "properties": { "source": "Added", "target": "hw=path_bicycle=designated", "length_km": 0.016900379564737524, "osm_id": 1431668699, "osm_version": 1, "valid_from": "2025-09-21T11:16:27Z", "feature_id": "1431668699_1" }, "geometry": { "type": "Point", "coordinates": [ 7.043677616948259, 51.515458878597457 ] } },
{ "type": "Feature", "properties": { "source": "Added", "target": "hw=path_bicycle=designated", "length_km": 0.013050526963406407, "osm_id": 1431668700, "osm_version": 1, "valid_from": "2025-09-21T11:16:27Z", "feature_id": "1431668700_1" }, "geometry": { "type": "Point", "coordinates": [ 7.0436867, 51.51532325 ] } },
{ "type": "Feature", "properties": { "source": "Added", "target": "hw=footway_bicycle=yes", "length_km": 0.21801503101396968, "osm_id": 1431671526, "osm_version": 1, "valid_from": "2025-09-21T11:40:27Z", "feature_id": "1431671526_1" }, "geometry": { "type": "Point", "coordinates": [ 6.616988661429878, 51.65208441909791 ] } },
{ "type": "Feature", "properties": { "source": "Added", "target": "hw=footway_bicycle=yes", "length_km": 0.15729831659817581, "osm_id": 1431671528, "osm_version": 1, "valid_from": "2025-09-21T11:40:27Z", "feature_id": "1431671528_1" }, "geometry": { "type": "Point", "coordinates": [ 6.617116290329967, 51.651846586016234 ] } },
{ "type": "Feature", "properties": { "source": "Added", "target": "hw=footway_bicycle=yes", "length_km": 0.37785565391973497, "osm_id": 1431946765, "osm_version": 1, "valid_from": "2025-09-22T10:16:44Z", "feature_id": "1431946765_1" }, "geometry": { "type": "Point", "coordinates": [ 7.219374100285449, 51.177436753115089 ] } },
{ "type": "Feature", "properties": { "source": "Added", "target": "hw=path_bicycle=designated", "length_km": 0.31096073640104072, "osm_id": 1431946766, "osm_version": 1, "valid_from": "2025-09-22T10:16:44Z", "feature_id": "1431946766_1" }, "geometry": { "type": "Point", "coordinates": [ 7.223439748585119, 51.179163446830152 ] } },
{ "type": "Feature", "properties": { "source": "Added", "target": "hw=cycleway", "length_km": 0.11493095370535515, "osm_id": 1431972408, "osm_version": 1, "valid_from": "2025-09-22T12:31:40Z", "feature_id": "1431972408_1" }, "geometry": { "type": "Point", "coordinates": [ 10.378937743673017, 53.811708991613251 ] } },
{ "type": "Feature", "properties": { "source": "Added", "target": "hw=cycleway", "length_km": 0.013117825522800228, "osm_id": 1431972409, "osm_version": 1, "valid_from": "2025-09-22T12:31:40Z", "feature_id": "1431972409_1" }, "geometry": { "type": "Point", "coordinates": [ 10.3780855, 53.8119685 ] } },
{ "type": "Feature", "properties": { "source": "Added", "target": "hw=cycleway", "length_km": 0.068957596632420987, "osm_id": 1431972410, "osm_version": 1, "valid_from": "2025-09-22T12:31:40Z", "feature_id": "1431972410_1" }, "geometry": { "type": "Point", "coordinates": [ 10.377557033509232, 53.812148412661656 ] } },
{ "type": "Feature", "properties": { "source": "Added", "target": "hw=path_bicycle=designated", "length_km": 0.16351309791066188, "osm_id": 1432726452, "osm_version": 1, "valid_from": "2025-09-25T08:15:07Z", "feature_id": "1432726452_1" }, "geometry": { "type": "Point", "coordinates": [ 8.828766813633946, 50.119781999660091 ] } },
{ "type": "Feature", "properties": { "source": "Added", "target": "hw=path_bicycle=designated", "length_km": 0.12906515773717486, "osm_id": 1432726458, "osm_version": 1, "valid_from": "2025-09-25T08:15:07Z", "feature_id": "1432726458_1" }, "geometry": { "type": "Point", "coordinates": [ 8.830794521139371, 50.119853486669264 ] } },
{ "type": "Feature", "properties": { "source": "Added", "target": "hw=path_bicycle=designated", "length_km": 0.95864096873907556, "osm_id": 1433518307, "osm_version": 1, "valid_from": "2025-09-27T07:37:30Z", "feature_id": "1433518307_1" }, "geometry": { "type": "Point", "coordinates": [ 9.061195557295465, 53.769448906372652 ] } },
{ "type": "Feature", "properties": { "source": "Added", "target": "hw=path_bicycle=designated", "length_km": 0.0090943672000669534, "osm_id": 1433518310, "osm_version": 1, "valid_from": "2025-09-27T07:37:30Z", "feature_id": "1433518310_1" }, "geometry": { "type": "Point", "coordinates": [ 9.09067355, 53.7525085 ] } },
{ "type": "Feature", "properties": { "source": "Added", "target": "hw=path_bicycle=designated", "length_km": 0.0093047698116147416, "osm_id": 1433518311, "osm_version": 1, "valid_from": "2025-09-27T07:37:30Z", "feature_id": "1433518311_1" }, "geometry": { "type": "Point", "coordinates": [ 9.09730415, 53.7442828 ] } },
{ "type": "Feature", "properties": { "source": "Added", "target": "hw=path_bicycle=designated", "length_km": 2.1627493676972014, "osm_id": 1433518312, "osm_version": 1, "valid_from": "2025-09-27T07:37:30Z", "feature_id": "1433518312_1" }, "geometry": { "type": "Point", "coordinates": [ 9.101236371159567, 53.734857424606872 ] } },
{ "type": "Feature", "properties": { "source": "Added", "target": "hw=path_bicycle=designated", "length_km": 0.33102209220180284, "osm_id": 1433518314, "osm_version": 1, "valid_from": "2025-09-27T07:37:30Z", "feature_id": "1433518314_1" }, "geometry": { "type": "Point", "coordinates": [ 9.102039093449227, 53.726388348932382 ] } },
{ "type": "Feature", "properties": { "source": "Added", "target": "hw=path_bicycle=designated", "length_km": 0.022136369682819613, "osm_id": 1433524683, "osm_version": 1, "valid_from": "2025-09-27T08:49:52Z", "feature_id": "1433524683_1" }, "geometry": { "type": "Point", "coordinates": [ 9.078832245525593, 53.800521999617452 ] } },
{ "type": "Feature", "properties": { "source": "Added", "target": "hw=path_bicycle=designated", "length_km": 0.0045503685410697055, "osm_id": 1433524684, "osm_version": 1, "valid_from": "2025-09-27T08:49:52Z", "feature_id": "1433524684_1" }, "geometry": { "type": "Point", "coordinates": [ 9.07897865, 53.8005922 ] } },
{ "type": "Feature", "properties": { "source": "Added", "target": "hw=path_bicycle=designated", "length_km": 0.015069477114504187, "osm_id": 1433524685, "osm_version": 1, "valid_from": "2025-09-27T08:49:52Z", "feature_id": "1433524685_1" }, "geometry": { "type": "Point", "coordinates": [ 9.08195265, 53.80153245 ] } },
{ "type": "Feature", "properties": { "source": "Added", "target": "hw=path_bicycle=designated", "length_km": 0.21609939399284123, "osm_id": 1433524686, "osm_version": 1, "valid_from": "2025-09-27T08:49:52Z", "feature_id": "1433524686_1" }, "geometry": { "type": "Point", "coordinates": [ 9.08041195, 53.8010361 ] } },
{ "type": "Feature", "properties": { "source": "Added", "target": "hw=path_bicycle=designated", "length_km": 3.8236036547742427, "osm_id": 1433536687, "osm_version": 1, "valid_from": "2025-09-27T10:39:35Z", "feature_id": "1433536687_1" }, "geometry": { "type": "Point", "coordinates": [ 9.243742112016943, 53.824222541211803 ] } },
{ "type": "Feature", "properties": { "source": "Added", "target": "hw=path_bicycle=designated", "length_km": 0.38772967270663872, "osm_id": 1433536688, "osm_version": 1, "valid_from": "2025-09-27T10:39:35Z", "feature_id": "1433536688_1" }, "geometry": { "type": "Point", "coordinates": [ 9.284904647697973, 53.824116818290406 ] } },
{ "type": "Feature", "properties": { "source": "Added", "target": "hw=path_bicycle=designated", "length_km": 0.33993965500532147, "osm_id": 1433538039, "osm_version": 1, "valid_from": "2025-09-27T10:51:47Z", "feature_id": "1433538039_1" }, "geometry": { "type": "Point", "coordinates": [ 8.398247049974234, 51.671686843302489 ] } },
{ "type": "Feature", "properties": { "source": "Added", "target": "hw=path_bicycle=designated", "length_km": 0.098982398284684928, "osm_id": 1433539257, "osm_version": 1, "valid_from": "2025-09-27T11:00:03Z", "feature_id": "1433539257_1" }, "geometry": { "type": "Point", "coordinates": [ 7.923524491159214, 49.899139993433586 ] } },
{ "type": "Feature", "properties": { "source": "Added", "target": "hw=path_bicycle=designated", "length_km": 0.074733170132093033, "osm_id": 1433546884, "osm_version": 1, "valid_from": "2025-09-27T12:15:53Z", "feature_id": "1433546884_1" }, "geometry": { "type": "Point", "coordinates": [ 7.563819550484299, 51.357660788099089 ] } },
{ "type": "Feature", "properties": { "source": "Added", "target": "hw=footway_bicycle=yes", "length_km": 0.29767983128818321, "osm_id": 1433546885, "osm_version": 1, "valid_from": "2025-09-27T12:15:53Z", "feature_id": "1433546885_1" }, "geometry": { "type": "Point", "coordinates": [ 7.564468062832278, 51.355976382326098 ] } },
{ "type": "Feature", "properties": { "source": "Added", "target": "hw=path_bicycle=designated", "length_km": 0.098333103763045646, "osm_id": 1433546886, "osm_version": 1, "valid_from": "2025-09-27T12:15:53Z", "feature_id": "1433546886_1" }, "geometry": { "type": "Point", "coordinates": [ 7.567180348029399, 51.352964605549225 ] } },
{ "type": "Feature", "properties": { "source": "Added", "target": "hw=footway_bicycle=yes", "length_km": 0.17286935953892099, "osm_id": 1433546888, "osm_version": 1, "valid_from": "2025-09-27T12:15:53Z", "feature_id": "1433546888_1" }, "geometry": { "type": "Point", "coordinates": [ 7.565995235069942, 51.353878347079714 ] } },
{ "type": "Feature", "properties": { "source": "Added", "target": "hw=footway_bicycle=yes", "length_km": 0.022000128794354108, "osm_id": 1433546889, "osm_version": 1, "valid_from": "2025-09-27T12:15:53Z", "feature_id": "1433546889_1" }, "geometry": { "type": "Point", "coordinates": [ 7.56525445, 51.3546485 ] } },
{ "type": "Feature", "properties": { "source": "Added", "target": "hw=footway_bicycle=yes", "length_km": 0.025106305352852659, "osm_id": 1433546893, "osm_version": 1, "valid_from": "2025-09-27T12:15:53Z", "feature_id": "1433546893_1" }, "geometry": { "type": "Point", "coordinates": [ 7.564529332977119, 51.357372890933448 ] } },
{ "type": "Feature", "properties": { "source": "Added", "target": "hw=path_bicycle=designated", "length_km": 0.05393411316230886, "osm_id": 1433974936, "osm_version": 1, "valid_from": "2025-09-29T07:39:54Z", "feature_id": "1433974936_1" }, "geometry": { "type": "Point", "coordinates": [ 7.104038133597362, 51.506639803828349 ] } },
{ "type": "Feature", "properties": { "source": "Added", "target": "hw=path_bicycle=designated", "length_km": 0.0070897979745483839, "osm_id": 1433982118, "osm_version": 1, "valid_from": "2025-09-29T08:29:47Z", "feature_id": "1433982118_1" }, "geometry": { "type": "Point", "coordinates": [ 10.2145454, 47.55933785 ] } },
{ "type": "Feature", "properties": { "source": "Added", "target": "hw=path_bicycle=designated", "length_km": 0.011131640367619947, "osm_id": 1433982119, "osm_version": 1, "valid_from": "2025-09-29T08:29:47Z", "feature_id": "1433982119_1" }, "geometry": { "type": "Point", "coordinates": [ 10.2149136, 47.5591631 ] } },
{ "type": "Feature", "properties": { "source": "Added", "target": "hw=path_bicycle=designated", "length_km": 0.0057112685306121543, "osm_id": 1433982120, "osm_version": 1, "valid_from": "2025-09-29T08:29:47Z", "feature_id": "1433982120_1" }, "geometry": { "type": "Point", "coordinates": [ 10.214884, 47.5592148 ] } },
{ "type": "Feature", "properties": { "source": "Added", "target": "hw=path_bicycle=designated", "length_km": 0.40746769020833734, "osm_id": 1434015676, "osm_version": 1, "valid_from": "2025-09-29T11:11:29Z", "feature_id": "1434015676_1" }, "geometry": { "type": "Point", "coordinates": [ 13.236081485302043, 51.588630343606106 ] } },
{ "type": "Feature", "properties": { "source": "Added", "target": "hw=path_bicycle=designated", "length_km": 0.048692799193454622, "osm_id": 1434015679, "osm_version": 1, "valid_from": "2025-09-29T11:11:29Z", "feature_id": "1434015679_1" }, "geometry": { "type": "Point", "coordinates": [ 13.236697233953921, 51.587417303809843 ] } },
{ "type": "Feature", "properties": { "source": "Added", "target": "hw=path_bicycle=designated", "length_km": 0.078531360082190943, "osm_id": 1434821810, "osm_version": 1, "valid_from": "2025-10-02T09:11:16Z", "feature_id": "1434821810_1" }, "geometry": { "type": "Point", "coordinates": [ 12.341411632531122, 49.872602326382747 ] } },
{ "type": "Feature", "properties": { "source": "Added", "target": "hw=path_bicycle=designated", "length_km": 0.015628384876465107, "osm_id": 1434821811, "osm_version": 1, "valid_from": "2025-10-02T09:11:16Z", "feature_id": "1434821811_1" }, "geometry": { "type": "Point", "coordinates": [ 12.341599772538304, 49.872234817214348 ] } },
{ "type": "Feature", "properties": { "source": "Added", "target": "hw=path_bicycle=designated", "length_km": 0.039256383894582102, "osm_id": 1434821814, "osm_version": 1, "valid_from": "2025-10-02T09:11:16Z", "feature_id": "1434821814_1" }, "geometry": { "type": "Point", "coordinates": [ 12.341557083585329, 49.87272911656423 ] } },
{ "type": "Feature", "properties": { "source": "Added", "target": "hw=path_bicycle=designated", "length_km": 0.19372672279979009, "osm_id": 1436115226, "osm_version": 1, "valid_from": "2025-10-07T06:34:49Z", "feature_id": "1436115226_1" }, "geometry": { "type": "Point", "coordinates": [ 8.783255702437655, 51.945691532455641 ] } },
{ "type": "Feature", "properties": { "source": "Added", "target": "hw=path_bicycle=designated", "length_km": 0.004050747392134197, "osm_id": 1436115227, "osm_version": 1, "valid_from": "2025-10-07T06:34:49Z", "feature_id": "1436115227_1" }, "geometry": { "type": "Point", "coordinates": [ 8.78438905, 51.94521265 ] } },
{ "type": "Feature", "properties": { "source": "Added", "target": "hw=path_bicycle=designated", "length_km": 1.3463911166288605, "osm_id": 1436118426, "osm_version": 1, "valid_from": "2025-10-07T06:56:24Z", "feature_id": "1436118426_1" }, "geometry": { "type": "Point", "coordinates": [ 8.729434056404266, 51.760988096304921 ] } },
{ "type": "Feature", "properties": { "source": "Added", "target": "hw=path_bicycle=designated", "length_km": 0.040480888030318352, "osm_id": 1436198798, "osm_version": 1, "valid_from": "2025-10-07T14:16:16Z", "feature_id": "1436198798_1" }, "geometry": { "type": "Point", "coordinates": [ 12.060234247100153, 51.298740102485908 ] } },
{ "type": "Feature", "properties": { "source": "Added", "target": "hw=footway_bicycle=yes", "length_km": 0.012197272031242519, "osm_id": 1436380547, "osm_version": 1, "valid_from": "2025-10-08T09:05:53Z", "feature_id": "1436380547_1" }, "geometry": { "type": "Point", "coordinates": [ 6.846403890253253, 51.767586366297891 ] } },
{ "type": "Feature", "properties": { "source": "Added", "target": "hw=path_bicycle=designated", "length_km": 0.04449407430321977, "osm_id": 1436380548, "osm_version": 1, "valid_from": "2025-10-08T09:05:53Z", "feature_id": "1436380548_1" }, "geometry": { "type": "Point", "coordinates": [ 6.846168092247419, 51.767738885974502 ] } },
{ "type": "Feature", "properties": { "source": "Added", "target": "hw=path_bicycle=designated", "length_km": 0.028757093766003321, "osm_id": 1436380549, "osm_version": 1, "valid_from": "2025-10-08T09:05:53Z", "feature_id": "1436380549_1" }, "geometry": { "type": "Point", "coordinates": [ 6.846208762277164, 51.767613826870772 ] } },
{ "type": "Feature", "properties": { "source": "Added", "target": "hw=path_bicycle=designated", "length_km": 0.12745377067379288, "osm_id": 1436380551, "osm_version": 1, "valid_from": "2025-10-08T09:05:53Z", "feature_id": "1436380551_1" }, "geometry": { "type": "Point", "coordinates": [ 6.849053612217778, 51.766427260020571 ] } },
{ "type": "Feature", "properties": { "source": "Added", "target": "hw=path_bicycle=designated", "length_km": 0.18137600287362277, "osm_id": 1436380552, "osm_version": 1, "valid_from": "2025-10-08T09:05:53Z", "feature_id": "1436380552_1" }, "geometry": { "type": "Point", "coordinates": [ 6.849788757109055, 51.766442316666087 ] } },
{ "type": "Feature", "properties": { "source": "Added", "target": "hw=path_bicycle=designated", "length_km": 0.025833798862095511, "osm_id": 1436380553, "osm_version": 1, "valid_from": "2025-10-08T09:05:53Z", "feature_id": "1436380553_1" }, "geometry": { "type": "Point", "coordinates": [ 6.85006333683819, 51.766259390103684 ] } },
{ "type": "Feature", "properties": { "source": "Added", "target": "cw=lane", "length_km": 0.016344325513303743, "osm_id": 1436380554, "osm_version": 1, "valid_from": "2025-10-08T09:05:53Z", "feature_id": "1436380554_1" }, "geometry": { "type": "Point", "coordinates": [ 6.84597635, 51.76776115 ] } },
{ "type": "Feature", "properties": { "source": "Added", "target": "hw=path_bicycle=designated", "length_km": 0.043344275355047299, "osm_id": 1436396614, "osm_version": 1, "valid_from": "2025-10-08T10:34:06Z", "feature_id": "1436396614_1" }, "geometry": { "type": "Point", "coordinates": [ 6.637825624576343, 51.670833667920654 ] } },
{ "type": "Feature", "properties": { "source": "Added", "target": "hw=path_bicycle=designated", "length_km": 0.19505594494176712, "osm_id": 1436396615, "osm_version": 1, "valid_from": "2025-10-08T10:34:06Z", "feature_id": "1436396615_1" }, "geometry": { "type": "Point", "coordinates": [ 6.63932907236087, 51.671868328037881 ] } },
{ "type": "Feature", "properties": { "source": "Added", "target": "hw=path_bicycle=designated", "length_km": 0.052813371724141779, "osm_id": 1436396616, "osm_version": 1, "valid_from": "2025-10-08T10:34:06Z", "feature_id": "1436396616_1" }, "geometry": { "type": "Point", "coordinates": [ 6.638001852614437, 51.671162363194846 ] } },
{ "type": "Feature", "properties": { "source": "Added", "target": "hw=path_bicycle=designated", "length_km": 0.033410459825419729, "osm_id": 1436396618, "osm_version": 1, "valid_from": "2025-10-08T10:34:06Z", "feature_id": "1436396618_1" }, "geometry": { "type": "Point", "coordinates": [ 6.637569739711742, 51.671128390230102 ] } },
{ "type": "Feature", "properties": { "source": "Added", "target": "hw=path_bicycle=designated", "length_km": 0.0340865890464601, "osm_id": 1436396619, "osm_version": 1, "valid_from": "2025-10-08T10:34:06Z", "feature_id": "1436396619_1" }, "geometry": { "type": "Point", "coordinates": [ 6.637142471627427, 51.670919281911566 ] } },
{ "type": "Feature", "properties": { "source": "Added", "target": "hw=path_bicycle=designated", "length_km": 0.28151477789278939, "osm_id": 1436418627, "osm_version": 1, "valid_from": "2025-10-08T12:28:51Z", "feature_id": "1436418627_1" }, "geometry": { "type": "Point", "coordinates": [ 9.438870967444823, 54.793035195627155 ] } },
{ "type": "Feature", "properties": { "source": "Added", "target": "hw=path_bicycle=designated", "length_km": 0.10236666401976596, "osm_id": 1436418630, "osm_version": 1, "valid_from": "2025-10-08T12:28:51Z", "feature_id": "1436418630_1" }, "geometry": { "type": "Point", "coordinates": [ 9.438176453780814, 54.791986937131121 ] } },
{ "type": "Feature", "properties": { "source": "Added", "target": "hw=path_bicycle=designated", "length_km": 0.042234021223161236, "osm_id": 1437081060, "osm_version": 1, "valid_from": "2025-10-11T09:25:18Z", "feature_id": "1437081060_1" }, "geometry": { "type": "Point", "coordinates": [ 7.147246030457245, 50.727476828865768 ] } },
{ "type": "Feature", "properties": { "source": "Added", "target": "hw=path_bicycle=designated", "length_km": 0.052031960924740377, "osm_id": 1437085279, "osm_version": 1, "valid_from": "2025-10-11T10:03:27Z", "feature_id": "1437085279_1" }, "geometry": { "type": "Point", "coordinates": [ 9.24318216518259, 51.950528679112686 ] } },
{ "type": "Feature", "properties": { "source": "Added", "target": "hw=path_bicycle=designated", "length_km": 0.10253336447908354, "osm_id": 1442197703, "osm_version": 1, "valid_from": "2025-10-14T18:20:50Z", "feature_id": "1442197703_1" }, "geometry": { "type": "Point", "coordinates": [ 6.577399726751105, 51.544805419197637 ] } },
{ "type": "Feature", "properties": { "source": "Added", "target": "hw=path_bicycle=designated", "length_km": 0.11218774945739041, "osm_id": 1442197704, "osm_version": 1, "valid_from": "2025-10-14T18:20:50Z", "feature_id": "1442197704_1" }, "geometry": { "type": "Point", "coordinates": [ 6.578485656655581, 51.545208360970534 ] } },
{ "type": "Feature", "properties": { "source": "Added", "target": "hw=path_bicycle=designated", "length_km": 0.11204807422885302, "osm_id": 1442197705, "osm_version": 1, "valid_from": "2025-10-14T18:20:50Z", "feature_id": "1442197705_1" }, "geometry": { "type": "Point", "coordinates": [ 6.579878788936012, 51.545669159044088 ] } },
{ "type": "Feature", "properties": { "source": "Added", "target": "hw=path_bicycle=designated", "length_km": 0.45855280224206801, "osm_id": 1442197706, "osm_version": 1, "valid_from": "2025-10-14T18:20:50Z", "feature_id": "1442197706_1" }, "geometry": { "type": "Point", "coordinates": [ 6.58359059527881, 51.54650425495371 ] } },
{ "type": "Feature", "properties": { "source": "Added", "target": "hw=path_bicycle=designated", "length_km": 0.78381746880029179, "osm_id": 1442197707, "osm_version": 1, "valid_from": "2025-10-14T18:20:50Z", "feature_id": "1442197707_1" }, "geometry": { "type": "Point", "coordinates": [ 6.582868536383025, 51.546322149632999 ] } },
{ "type": "Feature", "properties": { "source": "Added", "target": "hw=path_bicycle=designated", "length_km": 0.38916076030519264, "osm_id": 1442197708, "osm_version": 1, "valid_from": "2025-10-14T18:20:50Z", "feature_id": "1442197708_1" }, "geometry": { "type": "Point", "coordinates": [ 6.580494370609505, 51.544502828861056 ] } },
{ "type": "Feature", "properties": { "source": "Added", "target": "hw=path_bicycle=designated", "length_km": 0.015367835593720484, "osm_id": 1442197709, "osm_version": 1, "valid_from": "2025-10-14T18:20:50Z", "feature_id": "1442197709_1" }, "geometry": { "type": "Point", "coordinates": [ 6.577885096123366, 51.545040612820372 ] } },
{ "type": "Feature", "properties": { "source": "Added", "target": "hw=path_bicycle=designated", "length_km": 0.35171791387020296, "osm_id": 1442197710, "osm_version": 1, "valid_from": "2025-10-14T18:20:50Z", "feature_id": "1442197710_1" }, "geometry": { "type": "Point", "coordinates": [ 6.575155509629065, 51.544145032839367 ] } },
{ "type": "Feature", "properties": { "source": "Added", "target": "hw=path_bicycle=designated", "length_km": 0.26602114744409722, "osm_id": 1442197712, "osm_version": 1, "valid_from": "2025-10-14T18:20:50Z", "feature_id": "1442197712_1" }, "geometry": { "type": "Point", "coordinates": [ 6.575722482953275, 51.544258770599434 ] } },
{ "type": "Feature", "properties": { "source": "Added", "target": "hw=path_bicycle=designated", "length_km": 0.52034377048456204, "osm_id": 1442202656, "osm_version": 1, "valid_from": "2025-10-14T18:48:12Z", "feature_id": "1442202656_1" }, "geometry": { "type": "Point", "coordinates": [ 6.585480751015725, 51.541675067759144 ] } },
{ "type": "Feature", "properties": { "source": "Added", "target": "hw=path_bicycle=designated", "length_km": 0.068338404406765779, "osm_id": 1442202657, "osm_version": 1, "valid_from": "2025-10-14T18:48:12Z", "feature_id": "1442202657_1" }, "geometry": { "type": "Point", "coordinates": [ 6.588591924570081, 51.53986770081891 ] } },
{ "type": "Feature", "properties": { "source": "Added", "target": "hw=path_bicycle=designated", "length_km": 0.020784486212433485, "osm_id": 1442202659, "osm_version": 1, "valid_from": "2025-10-14T18:48:12Z", "feature_id": "1442202659_1" }, "geometry": { "type": "Point", "coordinates": [ 6.58909115, 51.53962735 ] } },
{ "type": "Feature", "properties": { "source": "Added", "target": "hw=path_bicycle=designated", "length_km": 0.0068859311963293526, "osm_id": 1442202660, "osm_version": 1, "valid_from": "2025-10-14T18:48:12Z", "feature_id": "1442202660_1" }, "geometry": { "type": "Point", "coordinates": [ 6.5892406, 51.5395459 ] } },
{ "type": "Feature", "properties": { "source": "Added", "target": "hw=path_bicycle=designated", "length_km": 0.44672530889504902, "osm_id": 1442202661, "osm_version": 1, "valid_from": "2025-10-14T18:48:12Z", "feature_id": "1442202661_1" }, "geometry": { "type": "Point", "coordinates": [ 6.592165223113654, 51.53987520694924 ] } },
{ "type": "Feature", "properties": { "source": "Added", "target": "hw=path_bicycle=designated", "length_km": 0.42794329686858729, "osm_id": 1442202662, "osm_version": 1, "valid_from": "2025-10-14T18:48:12Z", "feature_id": "1442202662_1" }, "geometry": { "type": "Point", "coordinates": [ 6.59186769387306, 51.539963626418626 ] } },
{ "type": "Feature", "properties": { "source": "Added", "target": "hw=path_bicycle=designated", "length_km": 0.12909327496758596, "osm_id": 1442202664, "osm_version": 1, "valid_from": "2025-10-14T18:48:12Z", "feature_id": "1442202664_1" }, "geometry": { "type": "Point", "coordinates": [ 6.590399102623491, 51.539545680506585 ] } },
{ "type": "Feature", "properties": { "source": "Added", "target": "hw=path_bicycle=designated", "length_km": 0.18667355072427622, "osm_id": 1442311750, "osm_version": 1, "valid_from": "2025-10-15T10:39:22Z", "feature_id": "1442311750_1" }, "geometry": { "type": "Point", "coordinates": [ 12.385712663697285, 51.207664052607292 ] } },
{ "type": "Feature", "properties": { "source": "Added", "target": "hw=cycleway", "length_km": 0.015145614928134269, "osm_id": 1442311751, "osm_version": 1, "valid_from": "2025-10-15T10:39:22Z", "feature_id": "1442311751_1" }, "geometry": { "type": "Point", "coordinates": [ 12.3860203, 51.20854835 ] } },
{ "type": "Feature", "properties": { "source": "Added", "target": "hw=path_bicycle=designated", "length_km": 0.16423204531407293, "osm_id": 1442311754, "osm_version": 1, "valid_from": "2025-10-15T10:39:22Z", "feature_id": "1442311754_1" }, "geometry": { "type": "Point", "coordinates": [ 12.385202767607135, 51.206736980343855 ] } },
{ "type": "Feature", "properties": { "source": "Added", "target": "hw=path_bicycle=designated", "length_km": 0.22246021612645198, "osm_id": 1442311755, "osm_version": 1, "valid_from": "2025-10-15T10:39:22Z", "feature_id": "1442311755_1" }, "geometry": { "type": "Point", "coordinates": [ 12.385904236254301, 51.204760191309106 ] } },
{ "type": "Feature", "properties": { "source": "Added", "target": "hw=path_bicycle=designated", "length_km": 0.23233858300639912, "osm_id": 1442311758, "osm_version": 1, "valid_from": "2025-10-15T10:39:22Z", "feature_id": "1442311758_1" }, "geometry": { "type": "Point", "coordinates": [ 12.386255033917481, 51.204586358753559 ] } },
{ "type": "Feature", "properties": { "source": "Added", "target": "hw=path_bicycle=designated", "length_km": 0.36347660253511732, "osm_id": 1442336675, "osm_version": 1, "valid_from": "2025-10-15T12:52:08Z", "feature_id": "1442336675_1" }, "geometry": { "type": "Point", "coordinates": [ 6.657192974686734, 51.519973320137986 ] } },
{ "type": "Feature", "properties": { "source": "Added", "target": "hw=path_bicycle=designated", "length_km": 0.16134403757024182, "osm_id": 1442425307, "osm_version": 1, "valid_from": "2025-10-15T16:25:42Z", "feature_id": "1442425307_1" }, "geometry": { "type": "Point", "coordinates": [ 12.404024815052688, 50.532409750753914 ] } },
{ "type": "Feature", "properties": { "source": "Added", "target": "hw=path_bicycle=designated", "length_km": 0.031400930118913657, "osm_id": 1442425309, "osm_version": 1, "valid_from": "2025-10-15T16:25:42Z", "feature_id": "1442425309_1" }, "geometry": { "type": "Point", "coordinates": [ 12.403298359654714, 50.531491394542613 ] } },
{ "type": "Feature", "properties": { "source": "Added", "target": "hw=path_bicycle=designated", "length_km": 0.023092688433488138, "osm_id": 1442425310, "osm_version": 1, "valid_from": "2025-10-15T16:25:42Z", "feature_id": "1442425310_1" }, "geometry": { "type": "Point", "coordinates": [ 12.403073700633714, 50.531371397251 ] } },
{ "type": "Feature", "properties": { "source": "Added", "target": "hw=path_bicycle=designated", "length_km": 0.10910990532869615, "osm_id": 1442425311, "osm_version": 1, "valid_from": "2025-10-15T16:25:42Z", "feature_id": "1442425311_1" }, "geometry": { "type": "Point", "coordinates": [ 12.40319794397713, 50.531996362556697 ] } },
{ "type": "Feature", "properties": { "source": "Added", "target": "hw=path_bicycle=designated", "length_km": 0.33957614747814591, "osm_id": 1442425312, "osm_version": 1, "valid_from": "2025-10-15T16:25:42Z", "feature_id": "1442425312_1" }, "geometry": { "type": "Point", "coordinates": [ 12.402287932065612, 50.529995595780733 ] } },
{ "type": "Feature", "properties": { "source": "Added", "target": "hw=path_bicycle=designated", "length_km": 0.045359484866209943, "osm_id": 1442425313, "osm_version": 1, "valid_from": "2025-10-15T16:25:42Z", "feature_id": "1442425313_1" }, "geometry": { "type": "Point", "coordinates": [ 12.402171579977875, 50.529264866828989 ] } },
{ "type": "Feature", "properties": { "source": "Added", "target": "hw=path_bicycle=designated", "length_km": 0.082034445424318994, "osm_id": 1442425315, "osm_version": 1, "valid_from": "2025-10-15T16:25:42Z", "feature_id": "1442425315_1" }, "geometry": { "type": "Point", "coordinates": [ 12.403911827776565, 50.531593646370524 ] } },
{ "type": "Feature", "properties": { "source": "Added", "target": "hw=path_bicycle=designated", "length_km": 0.087276713934351838, "osm_id": 1442425316, "osm_version": 1, "valid_from": "2025-10-15T16:25:42Z", "feature_id": "1442425316_1" }, "geometry": { "type": "Point", "coordinates": [ 12.404165558940289, 50.532667445490723 ] } },
{ "type": "Feature", "properties": { "source": "Added", "target": "hw=path_bicycle=designated", "length_km": 0.020717282915617075, "osm_id": 1442425319, "osm_version": 1, "valid_from": "2025-10-15T16:25:42Z", "feature_id": "1442425319_1" }, "geometry": { "type": "Point", "coordinates": [ 12.40487555, 50.53278065 ] } },
{ "type": "Feature", "properties": { "source": "Added", "target": "hw=path_bicycle=designated", "length_km": 0.022810834913953758, "osm_id": 1442425320, "osm_version": 1, "valid_from": "2025-10-15T16:25:42Z", "feature_id": "1442425320_1" }, "geometry": { "type": "Point", "coordinates": [ 12.405427945939982, 50.532740385021015 ] } },
{ "type": "Feature", "properties": { "source": "Added", "target": "hw=path_bicycle=designated", "length_km": 0.023458621791293977, "osm_id": 1442425321, "osm_version": 1, "valid_from": "2025-10-15T16:25:42Z", "feature_id": "1442425321_1" }, "geometry": { "type": "Point", "coordinates": [ 12.40510975, 50.5326949 ] } },
{ "type": "Feature", "properties": { "source": "Added", "target": "hw=path_bicycle=designated", "length_km": 0.1978669308439297, "osm_id": 1442428619, "osm_version": 1, "valid_from": "2025-10-15T16:49:19Z", "feature_id": "1442428619_1" }, "geometry": { "type": "Point", "coordinates": [ 8.589474606395086, 51.66483157071125 ] } },
{ "type": "Feature", "properties": { "source": "Added", "target": "hw=path_bicycle=designated", "length_km": 0.0413154210125267, "osm_id": 1442431844, "osm_version": 1, "valid_from": "2025-10-15T17:11:27Z", "feature_id": "1442431844_1" }, "geometry": { "type": "Point", "coordinates": [ 6.771024380165631, 51.323423782745522 ] } },
{ "type": "Feature", "properties": { "source": "Added", "target": "hw=path_bicycle=designated", "length_km": 0.035967132571548134, "osm_id": 1442431845, "osm_version": 1, "valid_from": "2025-10-15T17:11:27Z", "feature_id": "1442431845_1" }, "geometry": { "type": "Point", "coordinates": [ 6.770977222019443, 51.323534018522373 ] } },
{ "type": "Feature", "properties": { "source": "Added", "target": "hw=path_bicycle=designated", "length_km": 0.07037405646984668, "osm_id": 1442434617, "osm_version": 1, "valid_from": "2025-10-15T17:27:56Z", "feature_id": "1442434617_1" }, "geometry": { "type": "Point", "coordinates": [ 11.45789875516585, 51.745116563514785 ] } },
{ "type": "Feature", "properties": { "source": "Added", "target": "hw=path_bicycle=designated", "length_km": 0.060197061526656222, "osm_id": 1442436829, "osm_version": 1, "valid_from": "2025-10-15T17:44:31Z", "feature_id": "1442436829_1" }, "geometry": { "type": "Point", "coordinates": [ 11.273697575988347, 53.739105458282701 ] } },
{ "type": "Feature", "properties": { "source": "Added", "target": "hw=path_bicycle=designated", "length_km": 1.6532002729514816, "osm_id": 1443049377, "osm_version": 1, "valid_from": "2025-10-18T17:24:01Z", "feature_id": "1443049377_1" }, "geometry": { "type": "Point", "coordinates": [ 6.120379305663768, 51.696593101058625 ] } },
{ "type": "Feature", "properties": { "source": "Added", "target": "hw=path_bicycle=designated", "length_km": 0.0071268906322156994, "osm_id": 1443049378, "osm_version": 1, "valid_from": "2025-10-18T17:24:01Z", "feature_id": "1443049378_1" }, "geometry": { "type": "Point", "coordinates": [ 6.1226452, 51.69868565 ] } },
{ "type": "Feature", "properties": { "source": "Added", "target": "hw=path_bicycle=designated", "length_km": 0.0061607606470653964, "osm_id": 1443049379, "osm_version": 1, "valid_from": "2025-10-18T17:24:01Z", "feature_id": "1443049379_1" }, "geometry": { "type": "Point", "coordinates": [ 6.11985135, 51.6960969 ] } },
{ "type": "Feature", "properties": { "source": "Added", "target": "hw=path_bicycle=designated", "length_km": 0.43543275525267577, "osm_id": 1443055163, "osm_version": 1, "valid_from": "2025-10-18T18:04:34Z", "feature_id": "1443055163_1" }, "geometry": { "type": "Point", "coordinates": [ 12.21724231427293, 51.304643353612079 ] } },
{ "type": "Feature", "properties": { "source": "Added", "target": "hw=path_bicycle=designated", "length_km": 0.0080252897950190659, "osm_id": 1443187664, "osm_version": 1, "valid_from": "2025-10-19T09:26:05Z", "feature_id": "1443187664_1" }, "geometry": { "type": "Point", "coordinates": [ 12.11094175, 50.52495335 ] } },
{ "type": "Feature", "properties": { "source": "Added", "target": "hw=path_bicycle=designated", "length_km": 0.22633693081655812, "osm_id": 1443191214, "osm_version": 1, "valid_from": "2025-10-19T09:51:21Z", "feature_id": "1443191214_1" }, "geometry": { "type": "Point", "coordinates": [ 12.496384671285567, 51.126012134026979 ] } },
{ "type": "Feature", "properties": { "source": "Added", "target": "hw=path_bicycle=designated", "length_km": 0.12254916068153406, "osm_id": 1443191217, "osm_version": 1, "valid_from": "2025-10-19T09:51:21Z", "feature_id": "1443191217_1" }, "geometry": { "type": "Point", "coordinates": [ 12.493846300602572, 51.125289344969914 ] } },
{ "type": "Feature", "properties": { "source": "Added", "target": "hw=path_bicycle=designated", "length_km": 0.081273845421250962, "osm_id": 1443191218, "osm_version": 1, "valid_from": "2025-10-19T09:51:21Z", "feature_id": "1443191218_1" }, "geometry": { "type": "Point", "coordinates": [ 12.499820173990662, 51.126393231917085 ] } },
{ "type": "Feature", "properties": { "source": "Added", "target": "hw=path_bicycle=designated", "length_km": 0.0057481266995078172, "osm_id": 1443191219, "osm_version": 1, "valid_from": "2025-10-19T09:51:21Z", "feature_id": "1443191219_1" }, "geometry": { "type": "Point", "coordinates": [ 12.4992466, 51.1262722 ] } },
{ "type": "Feature", "properties": { "source": "Added", "target": "hw=path_bicycle=designated", "length_km": 0.14631628868735258, "osm_id": 1443227822, "osm_version": 1, "valid_from": "2025-10-19T14:06:18Z", "feature_id": "1443227822_1" }, "geometry": { "type": "Point", "coordinates": [ 10.89339289953514, 49.970785812253752 ] } },
{ "type": "Feature", "properties": { "source": "Added", "target": "hw=path_bicycle=designated", "length_km": 0.039952736987595154, "osm_id": 1443230685, "osm_version": 1, "valid_from": "2025-10-19T14:21:39Z", "feature_id": "1443230685_1" }, "geometry": { "type": "Point", "coordinates": [ 7.873044779279939, 50.789893197478214 ] } },
{ "type": "Feature", "properties": { "source": "Added", "target": "cw=lane", "length_km": 0.029947677066414768, "osm_id": 1443238207, "osm_version": 1, "valid_from": "2025-10-19T14:58:49Z", "feature_id": "1443238207_1" }, "geometry": { "type": "Point", "coordinates": [ 8.825693934178439, 52.312398378510245 ] } },
{ "type": "Feature", "properties": { "source": "Added", "target": "hw=path_bicycle=designated", "length_km": 0.029540087650607054, "osm_id": 1443238208, "osm_version": 1, "valid_from": "2025-10-19T14:58:49Z", "feature_id": "1443238208_1" }, "geometry": { "type": "Point", "coordinates": [ 8.826037743914702, 52.312267065492918 ] } },
{ "type": "Feature", "properties": { "source": "Added", "target": "hw=path_bicycle=designated", "length_km": 0.047252494062495709, "osm_id": 1443238209, "osm_version": 1, "valid_from": "2025-10-19T14:58:49Z", "feature_id": "1443238209_1" }, "geometry": { "type": "Point", "coordinates": [ 8.82582478611403, 52.312429141600262 ] } },
{ "type": "Feature", "properties": { "source": "Added", "target": "hw=path_bicycle=designated", "length_km": 0.1671437367344038, "osm_id": 1443238210, "osm_version": 1, "valid_from": "2025-10-19T14:58:49Z", "feature_id": "1443238210_1" }, "geometry": { "type": "Point", "coordinates": [ 8.845970033107836, 52.307711161900841 ] } },
{ "type": "Feature", "properties": { "source": "Added", "target": "hw=footway_bicycle=yes", "length_km": 0.076115586943206984, "osm_id": 1443248305, "osm_version": 1, "valid_from": "2025-10-19T15:39:30Z", "feature_id": "1443248305_1" }, "geometry": { "type": "Point", "coordinates": [ 10.5838022, 53.37648485 ] } },
{ "type": "Feature", "properties": { "source": "Added", "target": "hw=path_bicycle=designated", "length_km": 0.088019411454126742, "osm_id": 1443248306, "osm_version": 1, "valid_from": "2025-10-19T15:39:30Z", "feature_id": "1443248306_1" }, "geometry": { "type": "Point", "coordinates": [ 10.580534987837375, 53.374649534553214 ] } },
{ "type": "Feature", "properties": { "source": "Added", "target": "hw=path_bicycle=designated", "length_km": 0.14753398995329817, "osm_id": 1443253415, "osm_version": 1, "valid_from": "2025-10-19T16:06:54Z", "feature_id": "1443253415_1" }, "geometry": { "type": "Point", "coordinates": [ 10.598587043033934, 53.941144300950278 ] } },
{ "type": "Feature", "properties": { "source": "Added", "target": "hw=path_bicycle=designated", "length_km": 0.45901861382217973, "osm_id": 1443260793, "osm_version": 1, "valid_from": "2025-10-19T16:43:55Z", "feature_id": "1443260793_1" }, "geometry": { "type": "Point", "coordinates": [ 6.195164139935469, 51.0698789703724 ] } },
{ "type": "Feature", "properties": { "source": "Added", "target": "hw=path_bicycle=designated", "length_km": 0.19865733592848017, "osm_id": 1443260794, "osm_version": 1, "valid_from": "2025-10-19T16:43:55Z", "feature_id": "1443260794_1" }, "geometry": { "type": "Point", "coordinates": [ 6.19887716432645, 51.071565416768728 ] } },
{ "type": "Feature", "properties": { "source": "Added", "target": "hw=path_bicycle=designated", "length_km": 0.027133532468758631, "osm_id": 1443476923, "osm_version": 1, "valid_from": "2025-10-20T13:09:00Z", "feature_id": "1443476923_1" }, "geometry": { "type": "Point", "coordinates": [ 9.85808605, 47.68028395 ] } },
{ "type": "Feature", "properties": { "source": "Added", "target": "hw=path_bicycle=designated", "length_km": 0.022923572089711269, "osm_id": 1443476924, "osm_version": 1, "valid_from": "2025-10-20T13:09:00Z", "feature_id": "1443476924_1" }, "geometry": { "type": "Point", "coordinates": [ 9.8577619, 47.68023135 ] } },
{ "type": "Feature", "properties": { "source": "Added", "target": "hw=path_bicycle=designated", "length_km": 0.016277767473107444, "osm_id": 1443476925, "osm_version": 1, "valid_from": "2025-10-20T13:09:00Z", "feature_id": "1443476925_1" }, "geometry": { "type": "Point", "coordinates": [ 9.858366267130672, 47.680327784888355 ] } },
{ "type": "Feature", "properties": { "source": "Added", "target": "hw=path_bicycle=designated", "length_km": 0.11913317603618691, "osm_id": 1443516007, "osm_version": 1, "valid_from": "2025-10-20T15:36:10Z", "feature_id": "1443516007_1" }, "geometry": { "type": "Point", "coordinates": [ 6.937714229778956, 51.548357246331442 ] } },
{ "type": "Feature", "properties": { "source": "Added", "target": "cw=lane", "length_km": 0.017148484951762345, "osm_id": 1443516008, "osm_version": 1, "valid_from": "2025-10-20T15:36:10Z", "feature_id": "1443516008_1" }, "geometry": { "type": "Point", "coordinates": [ 6.937305844804242, 51.54781340189961 ] } },
{ "type": "Feature", "properties": { "source": "Added", "target": "hw=path_bicycle=designated", "length_km": 0.26640548803723385, "osm_id": 1443518575, "osm_version": 1, "valid_from": "2025-10-20T15:48:25Z", "feature_id": "1443518575_1" }, "geometry": { "type": "Point", "coordinates": [ 6.647548899377555, 51.619303486077158 ] } },
{ "type": "Feature", "properties": { "source": "Added", "target": "hw=path_bicycle=designated", "length_km": 0.14895539918565837, "osm_id": 1443524738, "osm_version": 1, "valid_from": "2025-10-20T16:11:57Z", "feature_id": "1443524738_1" }, "geometry": { "type": "Point", "coordinates": [ 12.317538469174284, 51.532829306979991 ] } },
{ "type": "Feature", "properties": { "source": "Added", "target": "hw=path_bicycle=designated", "length_km": 0.043879287637574524, "osm_id": 1443914118, "osm_version": 1, "valid_from": "2025-10-22T10:49:37Z", "feature_id": "1443914118_1" }, "geometry": { "type": "Point", "coordinates": [ 12.373912078199089, 50.574335399217588 ] } },
{ "type": "Feature", "properties": { "source": "Added", "target": "hw=path_bicycle=designated", "length_km": 0.01605701399939068, "osm_id": 1443914119, "osm_version": 1, "valid_from": "2025-10-22T10:49:37Z", "feature_id": "1443914119_1" }, "geometry": { "type": "Point", "coordinates": [ 12.374231986343608, 50.574684963570263 ] } },
{ "type": "Feature", "properties": { "source": "Added", "target": "hw=path_bicycle=designated", "length_km": 0.014462304403297533, "osm_id": 1443914120, "osm_version": 1, "valid_from": "2025-10-22T10:49:37Z", "feature_id": "1443914120_1" }, "geometry": { "type": "Point", "coordinates": [ 12.3741728, 50.5745478 ] } },
{ "type": "Feature", "properties": { "source": "Added", "target": "hw=path_bicycle=designated", "length_km": 0.51084038609176896, "osm_id": 1443918164, "osm_version": 1, "valid_from": "2025-10-22T11:03:59Z", "feature_id": "1443918164_1" }, "geometry": { "type": "Point", "coordinates": [ 13.010723643692831, 50.591143720742238 ] } },
{ "type": "Feature", "properties": { "source": "Added", "target": "hw=path_bicycle=designated", "length_km": 0.5225334002535984, "osm_id": 1443918166, "osm_version": 1, "valid_from": "2025-10-22T11:03:59Z", "feature_id": "1443918166_1" }, "geometry": { "type": "Point", "coordinates": [ 13.010703977937064, 50.590981883848308 ] } },
{ "type": "Feature", "properties": { "source": "Added", "target": "hw=path_bicycle=designated", "length_km": 0.056246747762078941, "osm_id": 1444236561, "osm_version": 1, "valid_from": "2025-10-23T11:48:26Z", "feature_id": "1444236561_1" }, "geometry": { "type": "Point", "coordinates": [ 8.689766865610231, 52.183774486340212 ] } },
{ "type": "Feature", "properties": { "source": "Added", "target": "hw=path_bicycle=designated", "length_km": 0.10262004613397645, "osm_id": 1444236562, "osm_version": 1, "valid_from": "2025-10-23T11:48:26Z", "feature_id": "1444236562_1" }, "geometry": { "type": "Point", "coordinates": [ 8.689266740635929, 52.183874851627486 ] } },
{ "type": "Feature", "properties": { "source": "Added", "target": "hw=path_bicycle=designated", "length_km": 0.015733694878395425, "osm_id": 1444236563, "osm_version": 1, "valid_from": "2025-10-23T11:48:26Z", "feature_id": "1444236563_1" }, "geometry": { "type": "Point", "coordinates": [ 8.689597047954264, 52.183700569307497 ] } },
{ "type": "Feature", "properties": { "source": "Added", "target": "hw=path_bicycle=designated", "length_km": 0.008893493373882606, "osm_id": 1444236564, "osm_version": 1, "valid_from": "2025-10-23T11:48:26Z", "feature_id": "1444236564_1" }, "geometry": { "type": "Point", "coordinates": [ 8.689911835674319, 52.183788026884677 ] } },
{ "type": "Feature", "properties": { "source": "Added", "target": "hw=path_bicycle=designated", "length_km": 0.028878256966066447, "osm_id": 1444236565, "osm_version": 1, "valid_from": "2025-10-23T11:48:26Z", "feature_id": "1444236565_1" }, "geometry": { "type": "Point", "coordinates": [ 8.689137939101524, 52.183710263575946 ] } },
{ "type": "Feature", "properties": { "source": "Added", "target": "hw=path_bicycle=designated", "length_km": 0.030794795870557726, "osm_id": 1444236566, "osm_version": 1, "valid_from": "2025-10-23T11:48:26Z", "feature_id": "1444236566_1" }, "geometry": { "type": "Point", "coordinates": [ 8.689087793998524, 52.183805457281849 ] } },
{ "type": "Feature", "properties": { "source": "Added", "target": "hw=path_bicycle=designated", "length_km": 0.051834800954876824, "osm_id": 1444236567, "osm_version": 1, "valid_from": "2025-10-23T11:48:26Z", "feature_id": "1444236567_1" }, "geometry": { "type": "Point", "coordinates": [ 8.689703938447497, 52.184168439229573 ] } },
{ "type": "Feature", "properties": { "source": "Added", "target": "hw=path_bicycle=designated", "length_km": 0.016482143058451124, "osm_id": 1444236569, "osm_version": 1, "valid_from": "2025-10-23T11:48:26Z", "feature_id": "1444236569_1" }, "geometry": { "type": "Point", "coordinates": [ 8.689601215193067, 52.184136166488351 ] } },
{ "type": "Feature", "properties": { "source": "Added", "target": "hw=path_bicycle=designated", "length_km": 0.038085500731970499, "osm_id": 1444236570, "osm_version": 1, "valid_from": "2025-10-23T11:48:26Z", "feature_id": "1444236570_1" }, "geometry": { "type": "Point", "coordinates": [ 8.690185132511692, 52.183964510386048 ] } },
{ "type": "Feature", "properties": { "source": "Added", "target": "hw=path_bicycle=designated", "length_km": 0.034036078611053948, "osm_id": 1444236571, "osm_version": 1, "valid_from": "2025-10-23T11:48:26Z", "feature_id": "1444236571_1" }, "geometry": { "type": "Point", "coordinates": [ 8.690139893230086, 52.184049989618963 ] } },
{ "type": "Feature", "properties": { "source": "Added", "target": "hw=path_bicycle=designated", "length_km": 0.052351713045855716, "osm_id": 1444238514, "osm_version": 1, "valid_from": "2025-10-23T12:04:46Z", "feature_id": "1444238514_1" }, "geometry": { "type": "Point", "coordinates": [ 6.862874230204841, 51.845721978965059 ] } },
{ "type": "Feature", "properties": { "source": "Added", "target": "hw=footway_bicycle=yes", "length_km": 0.30003776374348839, "osm_id": 1444329642, "osm_version": 1, "valid_from": "2025-10-23T18:48:07Z", "feature_id": "1444329642_1" }, "geometry": { "type": "Point", "coordinates": [ 6.668241222891421, 51.480100387072028 ] } },
{ "type": "Feature", "properties": { "source": "Added", "target": "hw=path_bicycle=designated", "length_km": 0.1435934691703783, "osm_id": 1444329643, "osm_version": 1, "valid_from": "2025-10-23T18:48:07Z", "feature_id": "1444329643_1" }, "geometry": { "type": "Point", "coordinates": [ 6.668544958445302, 51.482035569626639 ] } },
{ "type": "Feature", "properties": { "source": "Added", "target": "hw=path_bicycle=designated", "length_km": 0.15046942713112776, "osm_id": 1444329644, "osm_version": 1, "valid_from": "2025-10-23T18:48:07Z", "feature_id": "1444329644_1" }, "geometry": { "type": "Point", "coordinates": [ 6.668360772115196, 51.48212194823202 ] } },
{ "type": "Feature", "properties": { "source": "Added", "target": "hw=path_bicycle=designated", "length_km": 0.49711043207599054, "osm_id": 1444338308, "osm_version": 1, "valid_from": "2025-10-23T19:05:50Z", "feature_id": "1444338308_1" }, "geometry": { "type": "Point", "coordinates": [ 11.360434871378942, 53.803267664456335 ] } },
{ "type": "Feature", "properties": { "source": "Added", "target": "hw=path_bicycle=designated", "length_km": 0.037117351081709056, "osm_id": 1444340382, "osm_version": 1, "valid_from": "2025-10-23T19:16:31Z", "feature_id": "1444340382_1" }, "geometry": { "type": "Point", "coordinates": [ 7.141616977928213, 52.512828920028639 ] } },
{ "type": "Feature", "properties": { "source": "Added", "target": "hw=path_bicycle=designated", "length_km": 0.51110893195205787, "osm_id": 1444355620, "osm_version": 1, "valid_from": "2025-10-23T19:37:39Z", "feature_id": "1444355620_1" }, "geometry": { "type": "Point", "coordinates": [ 7.077080249848939, 51.567943945979245 ] } },
{ "type": "Feature", "properties": { "source": "Added", "target": "hw=path_bicycle=designated", "length_km": 0.45877319612555256, "osm_id": 1444355621, "osm_version": 1, "valid_from": "2025-10-23T19:37:39Z", "feature_id": "1444355621_1" }, "geometry": { "type": "Point", "coordinates": [ 7.073144089042589, 51.565455080913843 ] } },
{ "type": "Feature", "properties": { "source": "Added", "target": "hw=path_bicycle=designated", "length_km": 0.22642375740567064, "osm_id": 1444355623, "osm_version": 1, "valid_from": "2025-10-23T19:37:39Z", "feature_id": "1444355623_1" }, "geometry": { "type": "Point", "coordinates": [ 7.076919554765777, 51.567590723056583 ] } },
{ "type": "Feature", "properties": { "source": "Added", "target": "hw=path_bicycle=designated", "length_km": 0.092403965863070411, "osm_id": 1444355624, "osm_version": 1, "valid_from": "2025-10-23T19:37:39Z", "feature_id": "1444355624_1" }, "geometry": { "type": "Point", "coordinates": [ 7.07849925, 51.56808445 ] } },
{ "type": "Feature", "properties": { "source": "Added", "target": "hw=path_bicycle=designated", "length_km": 0.17819701068417312, "osm_id": 1444355625, "osm_version": 1, "valid_from": "2025-10-23T19:37:39Z", "feature_id": "1444355625_1" }, "geometry": { "type": "Point", "coordinates": [ 7.079002412209259, 51.568894767435843 ] } },
{ "type": "Feature", "properties": { "source": "Added", "target": "cw=lane", "length_km": 0.033930378993954034, "osm_id": 1444355917, "osm_version": 1, "valid_from": "2025-10-23T19:42:02Z", "feature_id": "1444355917_1" }, "geometry": { "type": "Point", "coordinates": [ 9.013886083363905, 50.82122397036202 ] } },
{ "type": "Feature", "properties": { "source": "Added", "target": "hw=path_bicycle=designated", "length_km": 0.017466564652153814, "osm_id": 1444574522, "osm_version": 1, "valid_from": "2025-10-24T18:55:00Z", "feature_id": "1444574522_1" }, "geometry": { "type": "Point", "coordinates": [ 8.475403406957124, 50.180296132631049 ] } },
{ "type": "Feature", "properties": { "source": "Added", "target": "hw=path_bicycle=designated", "length_km": 0.83592473966133385, "osm_id": 1444577633, "osm_version": 1, "valid_from": "2025-10-24T19:15:19Z", "feature_id": "1444577633_1" }, "geometry": { "type": "Point", "coordinates": [ 10.797554768909588, 54.308593665650463 ] } },
{ "type": "Feature", "properties": { "source": "Added", "target": "hw=path_bicycle=designated", "length_km": 0.069324537693062446, "osm_id": 1444578599, "osm_version": 1, "valid_from": "2025-10-24T19:23:26Z", "feature_id": "1444578599_1" }, "geometry": { "type": "Point", "coordinates": [ 11.034465206699728, 54.360718257398212 ] } },
{ "type": "Feature", "properties": { "source": "Added", "target": "hw=path_bicycle=designated", "length_km": 0.028163120506972797, "osm_id": 1444578600, "osm_version": 1, "valid_from": "2025-10-24T19:23:26Z", "feature_id": "1444578600_1" }, "geometry": { "type": "Point", "coordinates": [ 11.03466887462482, 54.360469488613944 ] } },
{ "type": "Feature", "properties": { "source": "Added", "target": "hw=path_bicycle=designated", "length_km": 0.39953295092839758, "osm_id": 1444578601, "osm_version": 1, "valid_from": "2025-10-24T19:23:26Z", "feature_id": "1444578601_1" }, "geometry": { "type": "Point", "coordinates": [ 11.037685312895144, 54.361114403894803 ] } },
{ "type": "Feature", "properties": { "source": "Added", "target": "hw=path_bicycle=designated", "length_km": 0.032597731492095383, "osm_id": 1444579681, "osm_version": 1, "valid_from": "2025-10-24T19:31:21Z", "feature_id": "1444579681_1" }, "geometry": { "type": "Point", "coordinates": [ 10.097919419190573, 48.84737556145646 ] } },
{ "type": "Feature", "properties": { "source": "Added", "target": "hw=path_bicycle=designated", "length_km": 0.24617369000029091, "osm_id": 1444579682, "osm_version": 1, "valid_from": "2025-10-24T19:31:21Z", "feature_id": "1444579682_1" }, "geometry": { "type": "Point", "coordinates": [ 10.09801383327663, 48.848631852396359 ] } },
{ "type": "Feature", "properties": { "source": "Added", "target": "hw=path_bicycle=designated", "length_km": 0.029317757018637099, "osm_id": 1444579683, "osm_version": 1, "valid_from": "2025-10-24T19:31:21Z", "feature_id": "1444579683_1" }, "geometry": { "type": "Point", "coordinates": [ 10.097632397741965, 48.847533294484421 ] } },
{ "type": "Feature", "properties": { "source": "Added", "target": "hw=cycleway", "length_km": 0.029774426181407611, "osm_id": 1444646284, "osm_version": 1, "valid_from": "2025-10-25T07:48:43Z", "feature_id": "1444646284_1" }, "geometry": { "type": "Point", "coordinates": [ 6.088104104733248, 50.872172349191288 ] } },
{ "type": "Feature", "properties": { "source": "Added", "target": "hw=path_bicycle=designated", "length_km": 0.1399014880152907, "osm_id": 1444647856, "osm_version": 1, "valid_from": "2025-10-25T08:03:43Z", "feature_id": "1444647856_1" }, "geometry": { "type": "Point", "coordinates": [ 11.909647694319453, 51.484346744663526 ] } },
{ "type": "Feature", "properties": { "source": "Added", "target": "hw=path_bicycle=designated", "length_km": 0.10631688917020193, "osm_id": 1444650020, "osm_version": 1, "valid_from": "2025-10-25T08:29:00Z", "feature_id": "1444650020_1" }, "geometry": { "type": "Point", "coordinates": [ 12.483975027061202, 51.119510857796953 ] } },
{ "type": "Feature", "properties": { "source": "Added", "target": "hw=path_bicycle=designated", "length_km": 0.086230983267790731, "osm_id": 1444650021, "osm_version": 1, "valid_from": "2025-10-25T08:29:00Z", "feature_id": "1444650021_1" }, "geometry": { "type": "Point", "coordinates": [ 12.485249780581935, 51.120218400112911 ] } },
{ "type": "Feature", "properties": { "source": "Added", "target": "hw=path_bicycle=designated", "length_km": 0.12939903926016416, "osm_id": 1444650025, "osm_version": 1, "valid_from": "2025-10-25T08:29:00Z", "feature_id": "1444650025_1" }, "geometry": { "type": "Point", "coordinates": [ 12.486587654729339, 51.12063308887064 ] } },
{ "type": "Feature", "properties": { "source": "Added", "target": "hw=path_bicycle=designated", "length_km": 0.06724258749140026, "osm_id": 1444863002, "osm_version": 1, "valid_from": "2025-10-26T09:41:21Z", "feature_id": "1444863002_1" }, "geometry": { "type": "Point", "coordinates": [ 13.541274094591202, 52.918383710291309 ] } },
{ "type": "Feature", "properties": { "source": "Added", "target": "hw=path_bicycle=designated", "length_km": 0.042168141455593611, "osm_id": 1444863342, "osm_version": 1, "valid_from": "2025-10-26T09:46:15Z", "feature_id": "1444863342_1" }, "geometry": { "type": "Point", "coordinates": [ 12.801338984657292, 52.916602107411002 ] } },
{ "type": "Feature", "properties": { "source": "Added", "target": "hw=path_bicycle=designated", "length_km": 0.038087640491327381, "osm_id": 1444863343, "osm_version": 1, "valid_from": "2025-10-26T09:46:15Z", "feature_id": "1444863343_1" }, "geometry": { "type": "Point", "coordinates": [ 12.801397321345972, 52.916455872966587 ] } },
{ "type": "Feature", "properties": { "source": "Added", "target": "hw=path_bicycle=designated", "length_km": 0.057999635383046151, "osm_id": 1444865763, "osm_version": 1, "valid_from": "2025-10-26T10:03:49Z", "feature_id": "1444865763_1" }, "geometry": { "type": "Point", "coordinates": [ 12.717809327870221, 53.318461614986596 ] } },
{ "type": "Feature", "properties": { "source": "Added", "target": "hw=path_bicycle=designated", "length_km": 0.047345270334604402, "osm_id": 1444865764, "osm_version": 1, "valid_from": "2025-10-26T10:03:49Z", "feature_id": "1444865764_1" }, "geometry": { "type": "Point", "coordinates": [ 12.717731807667239, 53.318370185757423 ] } },
{ "type": "Feature", "properties": { "source": "Added", "target": "hw=path_bicycle=designated", "length_km": 0.023925337136300559, "osm_id": 1444865765, "osm_version": 1, "valid_from": "2025-10-26T10:03:49Z", "feature_id": "1444865765_1" }, "geometry": { "type": "Point", "coordinates": [ 12.717204249193715, 53.318356400767364 ] } },
{ "type": "Feature", "properties": { "source": "Added", "target": "hw=path_bicycle=designated", "length_km": 0.090728877575495456, "osm_id": 1444865766, "osm_version": 1, "valid_from": "2025-10-26T10:03:49Z", "feature_id": "1444865766_1" }, "geometry": { "type": "Point", "coordinates": [ 12.717127539702743, 53.318825889897859 ] } },
{ "type": "Feature", "properties": { "source": "Added", "target": "hw=path_bicycle=designated", "length_km": 0.012340830268842817, "osm_id": 1444865767, "osm_version": 1, "valid_from": "2025-10-26T10:03:49Z", "feature_id": "1444865767_1" }, "geometry": { "type": "Point", "coordinates": [ 12.717384077665921, 53.31841462969399 ] } },
{ "type": "Feature", "properties": { "source": "Added", "target": "hw=cycleway", "length_km": 0.21115045809834246, "osm_id": 1444875168, "osm_version": 1, "valid_from": "2025-10-26T10:20:45Z", "feature_id": "1444875168_1" }, "geometry": { "type": "Point", "coordinates": [ 10.52818970969226, 52.243487158400924 ] } },
{ "type": "Feature", "properties": { "source": "Added", "target": "hw=path_bicycle=designated", "length_km": 0.0036253254989142567, "osm_id": 1444875169, "osm_version": 1, "valid_from": "2025-10-26T10:20:45Z", "feature_id": "1444875169_1" }, "geometry": { "type": "Point", "coordinates": [ 10.528460349563323, 52.244437100107127 ] } },
{ "type": "Feature", "properties": { "source": "Added", "target": "hw=cycleway", "length_km": 0.019548871298274744, "osm_id": 1445093637, "osm_version": 1, "valid_from": "2025-10-26T13:24:51Z", "feature_id": "1445093637_1" }, "geometry": { "type": "Point", "coordinates": [ 7.76702645, 49.4471976 ] } },
{ "type": "Feature", "properties": { "source": "Added", "target": "hw=footway_bicycle=yes", "length_km": 0.0099911776302792823, "osm_id": 1445093638, "osm_version": 1, "valid_from": "2025-10-26T13:24:51Z", "feature_id": "1445093638_1" }, "geometry": { "type": "Point", "coordinates": [ 7.767072132584178, 49.447129076891059 ] } },
{ "type": "Feature", "properties": { "source": "Added", "target": "hw=path_bicycle=designated", "length_km": 0.86218912703147066, "osm_id": 1445094382, "osm_version": 1, "valid_from": "2025-10-26T13:29:50Z", "feature_id": "1445094382_1" }, "geometry": { "type": "Point", "coordinates": [ 7.345520159871011, 49.421119099692412 ] } },
{ "type": "Feature", "properties": { "source": "Added", "target": "hw=path_bicycle=designated", "length_km": 0.0090246427368078953, "osm_id": 1445094383, "osm_version": 1, "valid_from": "2025-10-26T13:29:50Z", "feature_id": "1445094383_1" }, "geometry": { "type": "Point", "coordinates": [ 7.3504705, 49.42021015 ] } },
{ "type": "Feature", "properties": { "source": "Added", "target": "hw=path_bicycle=designated", "length_km": 0.045092926797040904, "osm_id": 1445094384, "osm_version": 1, "valid_from": "2025-10-26T13:29:50Z", "feature_id": "1445094384_1" }, "geometry": { "type": "Point", "coordinates": [ 7.340359863669676, 49.423080090927002 ] } },
{ "type": "Feature", "properties": { "source": "Added", "target": "cw=track", "length_km": 0.028401177087342081, "osm_id": 1445754082, "osm_version": 1, "valid_from": "2025-10-28T12:18:55Z", "feature_id": "1445754082_1" }, "geometry": { "type": "Point", "coordinates": [ 11.17931855, 53.8611691 ] } },
{ "type": "Feature", "properties": { "source": "hw=footway_other", "target": "hw=path_bicycle=designated", "length_km": 0.18139953905685974, "osm_id": 1445754828, "osm_version": 2, "valid_from": "2025-11-15T20:01:45Z", "feature_id": "1445754828_2" }, "geometry": { "type": "Point", "coordinates": [ 7.089351517863166, 51.513520133311239 ] } },
{ "type": "Feature", "properties": { "source": "Added", "target": "cw=track", "length_km": 0.089364269127243198, "osm_id": 1445828182, "osm_version": 1, "valid_from": "2025-10-28T19:14:39Z", "feature_id": "1445828182_1" }, "geometry": { "type": "Point", "coordinates": [ 8.604235928287117, 51.672816790078755 ] } },
{ "type": "Feature", "properties": { "source": "Added", "target": "hw=path_bicycle=designated", "length_km": 0.40588186833874568, "osm_id": 1445833557, "osm_version": 1, "valid_from": "2025-10-28T19:44:17Z", "feature_id": "1445833557_1" }, "geometry": { "type": "Point", "coordinates": [ 10.447845999331012, 53.005810916646766 ] } },
{ "type": "Feature", "properties": { "source": "Added", "target": "hw=path_bicycle=designated", "length_km": 0.79362206950089687, "osm_id": 1445835453, "osm_version": 1, "valid_from": "2025-10-28T19:51:49Z", "feature_id": "1445835453_1" }, "geometry": { "type": "Point", "coordinates": [ 10.459335443732058, 53.102970013741185 ] } },
{ "type": "Feature", "properties": { "source": "Added", "target": "hw=path_bicycle=designated", "length_km": 0.85583176981692766, "osm_id": 1445837872, "osm_version": 1, "valid_from": "2025-10-28T20:00:37Z", "feature_id": "1445837872_1" }, "geometry": { "type": "Point", "coordinates": [ 9.368415866368901, 53.245879452145736 ] } },
{ "type": "Feature", "properties": { "source": "Added", "target": "cw=track", "length_km": 0.10551219337895316, "osm_id": 1445841433, "osm_version": 1, "valid_from": "2025-10-28T20:16:24Z", "feature_id": "1445841433_1" }, "geometry": { "type": "Point", "coordinates": [ 9.392086212152954, 53.295209961171814 ] } },
{ "type": "Feature", "properties": { "source": "Added", "target": "cw=track", "length_km": 0.10760514467025374, "osm_id": 1445845535, "osm_version": 1, "valid_from": "2025-10-28T20:31:42Z", "feature_id": "1445845535_1" }, "geometry": { "type": "Point", "coordinates": [ 8.983890216327216, 53.158691092243984 ] } },
{ "type": "Feature", "properties": { "source": "Added", "target": "hw=path_bicycle=designated", "length_km": 0.35718018312589439, "osm_id": 1446013487, "osm_version": 1, "valid_from": "2025-10-29T15:25:12Z", "feature_id": "1446013487_1" }, "geometry": { "type": "Point", "coordinates": [ 9.54343085, 52.97388 ] } },
{ "type": "Feature", "properties": { "source": "Added", "target": "hw=path_bicycle=designated", "length_km": 0.27862585582024718, "osm_id": 1446013489, "osm_version": 1, "valid_from": "2025-10-29T15:25:12Z", "feature_id": "1446013489_1" }, "geometry": { "type": "Point", "coordinates": [ 9.547810969673273, 52.974922626149123 ] } },
{ "type": "Feature", "properties": { "source": "Added", "target": "hw=path_bicycle=designated", "length_km": 0.76726003764874839, "osm_id": 1446013490, "osm_version": 1, "valid_from": "2025-10-29T15:25:12Z", "feature_id": "1446013490_1" }, "geometry": { "type": "Point", "coordinates": [ 9.561358080229011, 52.979048047831597 ] } },
{ "type": "Feature", "properties": { "source": "Added", "target": "hw=path_bicycle=designated", "length_km": 0.55416801302869867, "osm_id": 1446231844, "osm_version": 1, "valid_from": "2025-10-30T08:59:10Z", "feature_id": "1446231844_1" }, "geometry": { "type": "Point", "coordinates": [ 12.96422697316625, 47.838722775138429 ] } },
{ "type": "Feature", "properties": { "source": "Added", "target": "hw=path_bicycle=designated", "length_km": 0.19015956716933771, "osm_id": 1446231845, "osm_version": 1, "valid_from": "2025-10-30T08:59:10Z", "feature_id": "1446231845_1" }, "geometry": { "type": "Point", "coordinates": [ 12.969712616005166, 47.838471646671621 ] } },
{ "type": "Feature", "properties": { "source": "Added", "target": "hw=path_bicycle=designated", "length_km": 0.069017142530209741, "osm_id": 1446231846, "osm_version": 1, "valid_from": "2025-10-30T08:59:10Z", "feature_id": "1446231846_1" }, "geometry": { "type": "Point", "coordinates": [ 12.968319241847903, 47.838960793669706 ] } },
{ "type": "Feature", "properties": { "source": "Added", "target": "hw=path_bicycle=designated", "length_km": 0.24133688125219638, "osm_id": 1446358179, "osm_version": 1, "valid_from": "2025-10-30T18:29:04Z", "feature_id": "1446358179_1" }, "geometry": { "type": "Point", "coordinates": [ 11.591426832800485, 50.108760098757891 ] } },
{ "type": "Feature", "properties": { "source": "Added", "target": "hw=path_bicycle=designated", "length_km": 0.061233240293324449, "osm_id": 1446363078, "osm_version": 1, "valid_from": "2025-10-30T18:56:08Z", "feature_id": "1446363078_1" }, "geometry": { "type": "Point", "coordinates": [ 9.303002759716916, 48.071552788452401 ] } },
{ "type": "Feature", "properties": { "source": "Added", "target": "hw=path_bicycle=designated", "length_km": 0.89115573022921635, "osm_id": 1446469717, "osm_version": 1, "valid_from": "2025-10-31T09:32:47Z", "feature_id": "1446469717_1" }, "geometry": { "type": "Point", "coordinates": [ 11.623322314350535, 50.052940785088722 ] } },
{ "type": "Feature", "properties": { "source": "Added", "target": "hw=path_bicycle=designated", "length_km": 0.16902790413716592, "osm_id": 1446469718, "osm_version": 1, "valid_from": "2025-10-31T09:32:47Z", "feature_id": "1446469718_1" }, "geometry": { "type": "Point", "coordinates": [ 11.616558783463732, 50.053115190897046 ] } },
{ "type": "Feature", "properties": { "source": "Added", "target": "hw=path_bicycle=designated", "length_km": 0.065895008382347617, "osm_id": 1446469719, "osm_version": 1, "valid_from": "2025-10-31T09:32:47Z", "feature_id": "1446469719_1" }, "geometry": { "type": "Point", "coordinates": [ 11.61788135, 50.0527794 ] } },
{ "type": "Feature", "properties": { "source": "Added", "target": "hw=path_bicycle=designated", "length_km": 0.090933782908880961, "osm_id": 1446493387, "osm_version": 1, "valid_from": "2025-10-31T12:04:29Z", "feature_id": "1446493387_1" }, "geometry": { "type": "Point", "coordinates": [ 8.748692404867922, 47.760853720232447 ] } },
{ "type": "Feature", "properties": { "source": "Added", "target": "hw=path_bicycle=designated", "length_km": 0.17851879109720639, "osm_id": 1446496716, "osm_version": 1, "valid_from": "2025-10-31T12:32:48Z", "feature_id": "1446496716_1" }, "geometry": { "type": "Point", "coordinates": [ 8.849592884962185, 48.259981942897873 ] } },
{ "type": "Feature", "properties": { "source": "Added", "target": "hw=path_bicycle=designated", "length_km": 0.22395516056738329, "osm_id": 1446496717, "osm_version": 1, "valid_from": "2025-10-31T12:32:48Z", "feature_id": "1446496717_1" }, "geometry": { "type": "Point", "coordinates": [ 8.849392778843736, 48.258154137603249 ] } },
{ "type": "Feature", "properties": { "source": "Added", "target": "hw=path_bicycle=designated", "length_km": 0.30137154531392124, "osm_id": 1446519397, "osm_version": 1, "valid_from": "2025-10-31T14:41:35Z", "feature_id": "1446519397_1" }, "geometry": { "type": "Point", "coordinates": [ 14.58131521137997, 51.723705296021762 ] } },
{ "type": "Feature", "properties": { "source": "Added", "target": "hw=path_bicycle=designated", "length_km": 0.25680152659526756, "osm_id": 1446519398, "osm_version": 1, "valid_from": "2025-10-31T14:41:35Z", "feature_id": "1446519398_1" }, "geometry": { "type": "Point", "coordinates": [ 14.577323027275288, 51.724062561133685 ] } },
{ "type": "Feature", "properties": { "source": "Added", "target": "hw=path_bicycle=designated", "length_km": 0.23841860528290185, "osm_id": 1446521419, "osm_version": 1, "valid_from": "2025-10-31T14:56:27Z", "feature_id": "1446521419_1" }, "geometry": { "type": "Point", "coordinates": [ 14.568066010615293, 51.940365456342455 ] } },
{ "type": "Feature", "properties": { "source": "Added", "target": "hw=path_bicycle=designated", "length_km": 0.0093532144357281431, "osm_id": 1446521420, "osm_version": 1, "valid_from": "2025-10-31T14:56:27Z", "feature_id": "1446521420_1" }, "geometry": { "type": "Point", "coordinates": [ 14.56722265, 51.93944455 ] } },
{ "type": "Feature", "properties": { "source": "Added", "target": "hw=path_bicycle=designated", "length_km": 0.12566642587462223, "osm_id": 1446523540, "osm_version": 1, "valid_from": "2025-10-31T15:04:13Z", "feature_id": "1446523540_1" }, "geometry": { "type": "Point", "coordinates": [ 14.71161008784439, 52.014182354113252 ] } },
{ "type": "Feature", "properties": { "source": "Added", "target": "hw=path_bicycle=designated", "length_km": 1.4093118445793751, "osm_id": 1446525107, "osm_version": 1, "valid_from": "2025-10-31T15:11:17Z", "feature_id": "1446525107_1" }, "geometry": { "type": "Point", "coordinates": [ 14.325593100442005, 52.429738386513542 ] } },
{ "type": "Feature", "properties": { "source": "Added", "target": "hw=path_bicycle=designated", "length_km": 0.09888677443392338, "osm_id": 1446526863, "osm_version": 1, "valid_from": "2025-10-31T15:19:31Z", "feature_id": "1446526863_1" }, "geometry": { "type": "Point", "coordinates": [ 14.507207499056403, 52.563065344142025 ] } },
{ "type": "Feature", "properties": { "source": "Added", "target": "hw=path_bicycle=designated", "length_km": 1.6329327885827538, "osm_id": 1446530670, "osm_version": 1, "valid_from": "2025-10-31T15:41:36Z", "feature_id": "1446530670_1" }, "geometry": { "type": "Point", "coordinates": [ 11.009771032455014, 53.495512239108514 ] } },
{ "type": "Feature", "properties": { "source": "Added", "target": "hw=path_bicycle=designated", "length_km": 0.30317295856262044, "osm_id": 1446530671, "osm_version": 1, "valid_from": "2025-10-31T15:41:36Z", "feature_id": "1446530671_1" }, "geometry": { "type": "Point", "coordinates": [ 11.019721805441312, 53.489165123481861 ] } },
{ "type": "Feature", "properties": { "source": "Added", "target": "hw=path_bicycle=designated", "length_km": 0.076001431913800266, "osm_id": 1446532267, "osm_version": 1, "valid_from": "2025-10-31T15:47:52Z", "feature_id": "1446532267_1" }, "geometry": { "type": "Point", "coordinates": [ 11.207764167896855, 53.34807714348981 ] } },
{ "type": "Feature", "properties": { "source": "Added", "target": "hw=path_bicycle=designated", "length_km": 0.072176058244053168, "osm_id": 1446532268, "osm_version": 1, "valid_from": "2025-10-31T15:47:52Z", "feature_id": "1446532268_1" }, "geometry": { "type": "Point", "coordinates": [ 11.209103645659132, 53.347791752475892 ] } },
{ "type": "Feature", "properties": { "source": "Added", "target": "hw=path_bicycle=designated", "length_km": 0.022794718883729217, "osm_id": 1446532269, "osm_version": 1, "valid_from": "2025-10-31T15:47:52Z", "feature_id": "1446532269_1" }, "geometry": { "type": "Point", "coordinates": [ 11.2084429, 53.34795625 ] } },
{ "type": "Feature", "properties": { "source": "Added", "target": "hw=path_bicycle=designated", "length_km": 0.55155027027085934, "osm_id": 1446536237, "osm_version": 1, "valid_from": "2025-10-31T16:02:44Z", "feature_id": "1446536237_1" }, "geometry": { "type": "Point", "coordinates": [ 13.369032231356528, 53.402912027857845 ] } },
{ "type": "Feature", "properties": { "source": "Added", "target": "hw=path_bicycle=designated", "length_km": 0.37468849112497316, "osm_id": 1446538463, "osm_version": 1, "valid_from": "2025-10-31T16:11:45Z", "feature_id": "1446538463_1" }, "geometry": { "type": "Point", "coordinates": [ 13.280488959129279, 53.412671330388676 ] } },
{ "type": "Feature", "properties": { "source": "Added", "target": "hw=path_bicycle=designated", "length_km": 0.36111105921041869, "osm_id": 1446590367, "osm_version": 1, "valid_from": "2025-10-31T19:49:32Z", "feature_id": "1446590367_1" }, "geometry": { "type": "Point", "coordinates": [ 7.911686057345734, 51.124763578972754 ] } },
{ "type": "Feature", "properties": { "source": "Added", "target": "hw=path_bicycle=designated", "length_km": 0.70797018988010596, "osm_id": 1446591751, "osm_version": 1, "valid_from": "2025-10-31T19:57:28Z", "feature_id": "1446591751_1" }, "geometry": { "type": "Point", "coordinates": [ 7.765578616816804, 51.123977100277173 ] } },
{ "type": "Feature", "properties": { "source": "Added", "target": "hw=path_bicycle=designated", "length_km": 0.4536555557201386, "osm_id": 1446593794, "osm_version": 1, "valid_from": "2025-10-31T20:09:49Z", "feature_id": "1446593794_1" }, "geometry": { "type": "Point", "coordinates": [ 7.634759403721701, 51.208492510751228 ] } },
{ "type": "Feature", "properties": { "source": "Added", "target": "hw=path_bicycle=designated", "length_km": 0.041841026847929577, "osm_id": 1446600198, "osm_version": 1, "valid_from": "2025-10-31T20:29:16Z", "feature_id": "1446600198_1" }, "geometry": { "type": "Point", "coordinates": [ 7.77457965, 51.17403965 ] } },
{ "type": "Feature", "properties": { "source": "Added", "target": "hw=path_bicycle=designated", "length_km": 0.026112618060147162, "osm_id": 1446600199, "osm_version": 1, "valid_from": "2025-10-31T20:29:16Z", "feature_id": "1446600199_1" }, "geometry": { "type": "Point", "coordinates": [ 7.771714299338877, 51.17448379306952 ] } },
{ "type": "Feature", "properties": { "source": "Added", "target": "hw=path_bicycle=designated", "length_km": 0.048023426978345003, "osm_id": 1446600200, "osm_version": 1, "valid_from": "2025-10-31T20:29:16Z", "feature_id": "1446600200_1" }, "geometry": { "type": "Point", "coordinates": [ 7.772214717773077, 51.174379428064604 ] } },
{ "type": "Feature", "properties": { "source": "Added", "target": "hw=path_bicycle=designated", "length_km": 0.026040475567571771, "osm_id": 1446600201, "osm_version": 1, "valid_from": "2025-10-31T20:29:16Z", "feature_id": "1446600201_1" }, "geometry": { "type": "Point", "coordinates": [ 7.75893975, 51.17233605 ] } },
{ "type": "Feature", "properties": { "source": "Added", "target": "hw=path_bicycle=designated", "length_km": 0.22065557495052873, "osm_id": 1446605152, "osm_version": 1, "valid_from": "2025-10-31T20:54:41Z", "feature_id": "1446605152_1" }, "geometry": { "type": "Point", "coordinates": [ 10.302550837817931, 48.563054619866648 ] } },
{ "type": "Feature", "properties": { "source": "Added", "target": "hw=path_bicycle=designated", "length_km": 0.19082511720219253, "osm_id": 1446622765, "osm_version": 1, "valid_from": "2025-10-31T22:50:26Z", "feature_id": "1446622765_1" }, "geometry": { "type": "Point", "coordinates": [ 7.874463044457518, 51.198257373612996 ] } },
{ "type": "Feature", "properties": { "source": "Added", "target": "hw=path_bicycle=designated", "length_km": 0.1034402331967733, "osm_id": 1446627330, "osm_version": 1, "valid_from": "2025-10-31T23:36:05Z", "feature_id": "1446627330_1" }, "geometry": { "type": "Point", "coordinates": [ 10.247244325442306, 49.102603765559401 ] } },
{ "type": "Feature", "properties": { "source": "Added", "target": "hw=path_bicycle=designated", "length_km": 0.65788329620627484, "osm_id": 1446627331, "osm_version": 1, "valid_from": "2025-10-31T23:36:05Z", "feature_id": "1446627331_1" }, "geometry": { "type": "Point", "coordinates": [ 10.246138354997539, 49.099626278887996 ] } },
{ "type": "Feature", "properties": { "source": "Added", "target": "hw=path_bicycle=designated", "length_km": 0.058599917025035572, "osm_id": 1446627333, "osm_version": 1, "valid_from": "2025-10-31T23:36:05Z", "feature_id": "1446627333_1" }, "geometry": { "type": "Point", "coordinates": [ 10.246522251664146, 49.096551576238838 ] } },
{ "type": "Feature", "properties": { "source": "Added", "target": "hw=path_bicycle=designated", "length_km": 0.43388403690528365, "osm_id": 1446845712, "osm_version": 1, "valid_from": "2025-11-02T08:00:54Z", "feature_id": "1446845712_1" }, "geometry": { "type": "Point", "coordinates": [ 13.440964517929061, 53.486001284421505 ] } },
{ "type": "Feature", "properties": { "source": "Added", "target": "hw=path_bicycle=designated", "length_km": 0.014795277554424363, "osm_id": 1446851531, "osm_version": 1, "valid_from": "2025-11-02T08:36:02Z", "feature_id": "1446851531_1" }, "geometry": { "type": "Point", "coordinates": [ 10.370768617896625, 49.063367196212432 ] } },
{ "type": "Feature", "properties": { "source": "Added", "target": "hw=path_bicycle=designated", "length_km": 0.013442333923286748, "osm_id": 1446851532, "osm_version": 1, "valid_from": "2025-11-02T08:36:02Z", "feature_id": "1446851532_1" }, "geometry": { "type": "Point", "coordinates": [ 10.370651796753581, 49.06338433685498 ] } },
{ "type": "Feature", "properties": { "source": "Added", "target": "hw=path_bicycle=designated", "length_km": 0.014901991394219131, "osm_id": 1446854325, "osm_version": 1, "valid_from": "2025-11-02T08:59:14Z", "feature_id": "1446854325_1" }, "geometry": { "type": "Point", "coordinates": [ 9.16055305, 49.4430625 ] } },
{ "type": "Feature", "properties": { "source": "Added", "target": "hw=path_bicycle=designated", "length_km": 0.20613091594364058, "osm_id": 1446856061, "osm_version": 1, "valid_from": "2025-11-02T09:13:53Z", "feature_id": "1446856061_1" }, "geometry": { "type": "Point", "coordinates": [ 9.888002428321006, 49.953132982244306 ] } },
{ "type": "Feature", "properties": { "source": "Added", "target": "hw=path_bicycle=designated", "length_km": 0.054837302426881361, "osm_id": 1446856067, "osm_version": 1, "valid_from": "2025-11-02T09:13:53Z", "feature_id": "1446856067_1" }, "geometry": { "type": "Point", "coordinates": [ 9.887413351319077, 49.954614091769727 ] } },
{ "type": "Feature", "properties": { "source": "Added", "target": "hw=path_bicycle=designated", "length_km": 0.037884092630729137, "osm_id": 1446856068, "osm_version": 1, "valid_from": "2025-11-02T09:13:53Z", "feature_id": "1446856068_1" }, "geometry": { "type": "Point", "coordinates": [ 9.8875837, 49.95420055 ] } },
{ "type": "Feature", "properties": { "source": "hw=track_other", "target": "hw=path_bicycle=designated", "length_km": 0.022371212116467191, "osm_id": 1446859276, "osm_version": 2, "valid_from": "2026-01-02T12:42:05Z", "feature_id": "1446859276_2" }, "geometry": { "type": "Point", "coordinates": [ 9.1809888, 49.23283635 ] } },
{ "type": "Feature", "properties": { "source": "Added", "target": "hw=path_bicycle=designated", "length_km": 0.32982524855507117, "osm_id": 1447102655, "osm_version": 1, "valid_from": "2025-11-03T10:13:52Z", "feature_id": "1447102655_1" }, "geometry": { "type": "Point", "coordinates": [ 9.052572870707175, 47.816914669671455 ] } },
{ "type": "Feature", "properties": { "source": "Added", "target": "hw=path_bicycle=designated", "length_km": 0.25230680257113491, "osm_id": 1447104086, "osm_version": 1, "valid_from": "2025-11-03T10:20:54Z", "feature_id": "1447104086_1" }, "geometry": { "type": "Point", "coordinates": [ 8.956248484752759, 47.841488106211067 ] } },
{ "type": "Feature", "properties": { "source": "Added", "target": "hw=path_bicycle=designated", "length_km": 0.52521544567067402, "osm_id": 1447106630, "osm_version": 1, "valid_from": "2025-11-03T10:45:27Z", "feature_id": "1447106630_1" }, "geometry": { "type": "Point", "coordinates": [ 8.046768021019478, 48.332099453527015 ] } },
{ "type": "Feature", "properties": { "source": "Added", "target": "hw=path_bicycle=designated", "length_km": 0.0078422914613155079, "osm_id": 1447106631, "osm_version": 1, "valid_from": "2025-11-03T10:45:27Z", "feature_id": "1447106631_1" }, "geometry": { "type": "Point", "coordinates": [ 8.04925015, 48.3310885 ] } },
{ "type": "Feature", "properties": { "source": "Added", "target": "hw=cycleway", "length_km": 0.023752075984211352, "osm_id": 1447106632, "osm_version": 1, "valid_from": "2025-11-03T10:45:27Z", "feature_id": "1447106632_1" }, "geometry": { "type": "Point", "coordinates": [ 8.049431140119628, 48.331108065157096 ] } },
{ "type": "Feature", "properties": { "source": "Added", "target": "hw=path_bicycle=designated", "length_km": 0.97659653092547349, "osm_id": 1447150558, "osm_version": 1, "valid_from": "2025-11-03T14:46:12Z", "feature_id": "1447150558_1" }, "geometry": { "type": "Point", "coordinates": [ 7.217277989840387, 53.342026855190596 ] } },
{ "type": "Feature", "properties": { "source": "Added", "target": "hw=path_bicycle=designated", "length_km": 0.030937581744610532, "osm_id": 1447150559, "osm_version": 1, "valid_from": "2025-11-03T14:46:12Z", "feature_id": "1447150559_1" }, "geometry": { "type": "Point", "coordinates": [ 7.217195854874289, 53.350048510008946 ] } },
{ "type": "Feature", "properties": { "source": "Added", "target": "hw=cycleway", "length_km": 0.0089470525332038288, "osm_id": 1447150560, "osm_version": 1, "valid_from": "2025-11-03T14:46:12Z", "feature_id": "1447150560_1" }, "geometry": { "type": "Point", "coordinates": [ 7.21726515, 53.3500498 ] } },
{ "type": "Feature", "properties": { "source": "Added", "target": "hw=path_bicycle=designated", "length_km": 0.060349937000528681, "osm_id": 1447150561, "osm_version": 1, "valid_from": "2025-11-03T14:46:12Z", "feature_id": "1447150561_1" }, "geometry": { "type": "Point", "coordinates": [ 7.216010601475683, 53.345734184244321 ] } },
{ "type": "Feature", "properties": { "source": "Added", "target": "hw=path_bicycle=designated", "length_km": 0.006905473160107329, "osm_id": 1447150562, "osm_version": 1, "valid_from": "2025-11-03T14:46:12Z", "feature_id": "1447150562_1" }, "geometry": { "type": "Point", "coordinates": [ 7.2172395, 53.3401149 ] } },
{ "type": "Feature", "properties": { "source": "Added", "target": "hw=path_bicycle=designated", "length_km": 0.4869388293283593, "osm_id": 1447150563, "osm_version": 1, "valid_from": "2025-11-03T14:46:12Z", "feature_id": "1447150563_1" }, "geometry": { "type": "Point", "coordinates": [ 7.216520265803526, 53.34809727457133 ] } },
{ "type": "Feature", "properties": { "source": "Added", "target": "hw=path_bicycle=designated", "length_km": 0.049607971191255422, "osm_id": 1447151196, "osm_version": 1, "valid_from": "2025-11-03T14:49:16Z", "feature_id": "1447151196_1" }, "geometry": { "type": "Point", "coordinates": [ 7.105768270210996, 51.861497862895604 ] } },
{ "type": "Feature", "properties": { "source": "Added", "target": "hw=path_bicycle=designated", "length_km": 0.0046905204136799897, "osm_id": 1447153223, "osm_version": 1, "valid_from": "2025-11-03T14:57:21Z", "feature_id": "1447153223_1" }, "geometry": { "type": "Point", "coordinates": [ 12.0731795, 51.5891571 ] } },
{ "type": "Feature", "properties": { "source": "Added", "target": "hw=path_bicycle=designated", "length_km": 0.76280955950211327, "osm_id": 1447157655, "osm_version": 1, "valid_from": "2025-11-03T15:20:08Z", "feature_id": "1447157655_1" }, "geometry": { "type": "Point", "coordinates": [ 11.453764431176658, 51.697478536780658 ] } },
{ "type": "Feature", "properties": { "source": "Added", "target": "hw=path_bicycle=designated", "length_km": 0.80424228227167305, "osm_id": 1447157656, "osm_version": 1, "valid_from": "2025-11-03T15:20:08Z", "feature_id": "1447157656_1" }, "geometry": { "type": "Point", "coordinates": [ 11.453652634480251, 51.697544007189485 ] } },
{ "type": "Feature", "properties": { "source": "Added", "target": "hw=path_bicycle=designated", "length_km": 0.069869364467014555, "osm_id": 1447169459, "osm_version": 1, "valid_from": "2025-11-03T16:07:40Z", "feature_id": "1447169459_1" }, "geometry": { "type": "Point", "coordinates": [ 11.807693302770085, 50.568668205652422 ] } },
{ "type": "Feature", "properties": { "source": "Added", "target": "hw=path_bicycle=designated", "length_km": 0.17887011377548395, "osm_id": 1447171673, "osm_version": 1, "valid_from": "2025-11-03T16:18:58Z", "feature_id": "1447171673_1" }, "geometry": { "type": "Point", "coordinates": [ 10.248829051184927, 49.279280314020831 ] } },
{ "type": "Feature", "properties": { "source": "Added", "target": "hw=path_bicycle=designated", "length_km": 0.14487240988469618, "osm_id": 1447174584, "osm_version": 1, "valid_from": "2025-11-03T16:33:27Z", "feature_id": "1447174584_1" }, "geometry": { "type": "Point", "coordinates": [ 10.201218164602521, 49.354193869804007 ] } },
{ "type": "Feature", "properties": { "source": "Added", "target": "hw=path_bicycle=designated", "length_km": 0.04203882544349815, "osm_id": 1447191983, "osm_version": 1, "valid_from": "2025-11-03T17:53:51Z", "feature_id": "1447191983_1" }, "geometry": { "type": "Point", "coordinates": [ 10.13722866518979, 49.599802244429725 ] } },
{ "type": "Feature", "properties": { "source": "Added", "target": "hw=path_bicycle=designated", "length_km": 0.055411065765715452, "osm_id": 1447194894, "osm_version": 1, "valid_from": "2025-11-03T18:06:50Z", "feature_id": "1447194894_1" }, "geometry": { "type": "Point", "coordinates": [ 11.946826891791286, 50.323465933172464 ] } },
{ "type": "Feature", "properties": { "source": "Added", "target": "hw=path_bicycle=designated", "length_km": 0.32989221904856325, "osm_id": 1447194896, "osm_version": 1, "valid_from": "2025-11-03T18:06:50Z", "feature_id": "1447194896_1" }, "geometry": { "type": "Point", "coordinates": [ 11.945437354253423, 50.322849031186799 ] } },
{ "type": "Feature", "properties": { "source": "Added", "target": "hw=path_bicycle=designated", "length_km": 0.75971335857846634, "osm_id": 1447197893, "osm_version": 1, "valid_from": "2025-11-03T18:21:43Z", "feature_id": "1447197893_1" }, "geometry": { "type": "Point", "coordinates": [ 10.648929459363034, 53.405067653171308 ] } },
{ "type": "Feature", "properties": { "source": "Added", "target": "hw=path_bicycle=designated", "length_km": 0.12585890170983505, "osm_id": 1447197894, "osm_version": 1, "valid_from": "2025-11-03T18:21:43Z", "feature_id": "1447197894_1" }, "geometry": { "type": "Point", "coordinates": [ 10.654697950256896, 53.407054584328854 ] } },
{ "type": "Feature", "properties": { "source": "Added", "target": "hw=path_bicycle=designated", "length_km": 0.20305554826624025, "osm_id": 1447211578, "osm_version": 1, "valid_from": "2025-11-03T18:48:44Z", "feature_id": "1447211578_1" }, "geometry": { "type": "Point", "coordinates": [ 11.190845901553146, 53.868003149564707 ] } },
{ "type": "Feature", "properties": { "source": "Added", "target": "hw=path_bicycle=designated", "length_km": 0.072083043958587042, "osm_id": 1447220301, "osm_version": 1, "valid_from": "2025-11-03T19:40:16Z", "feature_id": "1447220301_1" }, "geometry": { "type": "Point", "coordinates": [ 12.217026717065888, 51.374521707637868 ] } },
{ "type": "Feature", "properties": { "source": "Added", "target": "hw=path_bicycle=designated", "length_km": 0.024101242700855154, "osm_id": 1447461481, "osm_version": 1, "valid_from": "2025-11-04T16:06:04Z", "feature_id": "1447461481_1" }, "geometry": { "type": "Point", "coordinates": [ 7.852576510644937, 48.623044964358144 ] } },
{ "type": "Feature", "properties": { "source": "Added", "target": "hw=path_bicycle=designated", "length_km": 0.023574867353175894, "osm_id": 1447461482, "osm_version": 1, "valid_from": "2025-11-04T16:06:04Z", "feature_id": "1447461482_1" }, "geometry": { "type": "Point", "coordinates": [ 7.852215201494104, 48.622877565355182 ] } },
{ "type": "Feature", "properties": { "source": "Added", "target": "hw=path_bicycle=designated", "length_km": 0.0090131001462407899, "osm_id": 1447461483, "osm_version": 1, "valid_from": "2025-11-04T16:06:04Z", "feature_id": "1447461483_1" }, "geometry": { "type": "Point", "coordinates": [ 7.85238935, 48.6229578 ] } },
{ "type": "Feature", "properties": { "source": "Added", "target": "hw=path_bicycle=designated", "length_km": 0.015998056834468432, "osm_id": 1447461484, "osm_version": 1, "valid_from": "2025-11-04T16:06:04Z", "feature_id": "1447461484_1" }, "geometry": { "type": "Point", "coordinates": [ 7.852315376410839, 48.622836045785775 ] } },
{ "type": "Feature", "properties": { "source": "Added", "target": "hw=path_bicycle=designated", "length_km": 0.022549617873909085, "osm_id": 1447461485, "osm_version": 1, "valid_from": "2025-11-04T16:06:04Z", "feature_id": "1447461485_1" }, "geometry": { "type": "Point", "coordinates": [ 7.852620140363642, 48.622984160732578 ] } },
{ "type": "Feature", "properties": { "source": "Added", "target": "hw=path_bicycle=designated", "length_km": 0.0090802745954582324, "osm_id": 1447461486, "osm_version": 1, "valid_from": "2025-11-04T16:06:04Z", "feature_id": "1447461486_1" }, "geometry": { "type": "Point", "coordinates": [ 7.8524511, 48.62290385 ] } },
{ "type": "Feature", "properties": { "source": "Added", "target": "hw=path_bicycle=designated", "length_km": 0.17728251532694494, "osm_id": 1447776568, "osm_version": 1, "valid_from": "2025-11-05T18:52:38Z", "feature_id": "1447776568_1" }, "geometry": { "type": "Point", "coordinates": [ 9.184378466970013, 51.403061469541981 ] } },
{ "type": "Feature", "properties": { "source": "Added", "target": "hw=path_bicycle=designated", "length_km": 0.28136207271100222, "osm_id": 1447780404, "osm_version": 1, "valid_from": "2025-11-05T19:06:18Z", "feature_id": "1447780404_1" }, "geometry": { "type": "Point", "coordinates": [ 9.310257035794306, 53.612827271050818 ] } },
{ "type": "Feature", "properties": { "source": "Added", "target": "hw=path_bicycle=designated", "length_km": 0.38394565579676099, "osm_id": 1447782722, "osm_version": 1, "valid_from": "2025-11-05T19:16:55Z", "feature_id": "1447782722_1" }, "geometry": { "type": "Point", "coordinates": [ 6.545607539549015, 50.814774708585041 ] } },
{ "type": "Feature", "properties": { "source": "Added", "target": "hw=path_bicycle=designated", "length_km": 0.0055621912182065442, "osm_id": 1447782723, "osm_version": 1, "valid_from": "2025-11-05T19:16:55Z", "feature_id": "1447782723_1" }, "geometry": { "type": "Point", "coordinates": [ 6.5466792, 50.81334225 ] } },
{ "type": "Feature", "properties": { "source": "Added", "target": "hw=path_bicycle=designated", "length_km": 0.24060406459931274, "osm_id": 1447784351, "osm_version": 1, "valid_from": "2025-11-05T19:27:32Z", "feature_id": "1447784351_1" }, "geometry": { "type": "Point", "coordinates": [ 6.356749646453181, 50.817066318444951 ] } },
{ "type": "Feature", "properties": { "source": "Added", "target": "hw=path_bicycle=designated", "length_km": 0.097194162293169031, "osm_id": 1447786295, "osm_version": 1, "valid_from": "2025-11-05T19:38:23Z", "feature_id": "1447786295_1" }, "geometry": { "type": "Point", "coordinates": [ 7.123358753728073, 51.998102626444087 ] } },
{ "type": "Feature", "properties": { "source": "Added", "target": "hw=path_bicycle=designated", "length_km": 0.60669462660598905, "osm_id": 1448152677, "osm_version": 1, "valid_from": "2025-11-07T09:10:38Z", "feature_id": "1448152677_1" }, "geometry": { "type": "Point", "coordinates": [ 7.303812647378856, 53.219512179091858 ] } },
{ "type": "Feature", "properties": { "source": "Added", "target": "hw=path_bicycle=designated", "length_km": 0.26996968622105733, "osm_id": 1448269962, "osm_version": 1, "valid_from": "2025-11-07T19:06:57Z", "feature_id": "1448269962_1" }, "geometry": { "type": "Point", "coordinates": [ 11.434307420117266, 51.564926204656508 ] } },
{ "type": "Feature", "properties": { "source": "Added", "target": "hw=path_bicycle=designated", "length_km": 0.22588647105190324, "osm_id": 1448394579, "osm_version": 1, "valid_from": "2025-11-08T11:54:44Z", "feature_id": "1448394579_1" }, "geometry": { "type": "Point", "coordinates": [ 10.844937443634777, 51.120746737136123 ] } },
{ "type": "Feature", "properties": { "source": "Added", "target": "hw=path_bicycle=designated", "length_km": 0.039547712571466997, "osm_id": 1448394580, "osm_version": 1, "valid_from": "2025-11-08T11:54:44Z", "feature_id": "1448394580_1" }, "geometry": { "type": "Point", "coordinates": [ 10.845176455321303, 51.123093860424561 ] } },
{ "type": "Feature", "properties": { "source": "Added", "target": "hw=path_bicycle=designated", "length_km": 0.019800439507920983, "osm_id": 1448394581, "osm_version": 1, "valid_from": "2025-11-08T11:54:44Z", "feature_id": "1448394581_1" }, "geometry": { "type": "Point", "coordinates": [ 10.8453306, 51.1228476 ] } },
{ "type": "Feature", "properties": { "source": "Added", "target": "hw=path_bicycle=designated", "length_km": 0.083447065681763147, "osm_id": 1448394582, "osm_version": 1, "valid_from": "2025-11-08T11:54:44Z", "feature_id": "1448394582_1" }, "geometry": { "type": "Point", "coordinates": [ 10.845448491512158, 51.122389780396418 ] } },
{ "type": "Feature", "properties": { "source": "Added", "target": "hw=path_bicycle=designated", "length_km": 0.037497074998779682, "osm_id": 1448394583, "osm_version": 1, "valid_from": "2025-11-08T11:54:44Z", "feature_id": "1448394583_1" }, "geometry": { "type": "Point", "coordinates": [ 10.845583517233953, 51.121854354444906 ] } },
{ "type": "Feature", "properties": { "source": "Added", "target": "hw=path_bicycle=designated", "length_km": 0.28245393617327952, "osm_id": 1448398991, "osm_version": 1, "valid_from": "2025-11-08T12:25:26Z", "feature_id": "1448398991_1" }, "geometry": { "type": "Point", "coordinates": [ 11.054181508016363, 51.775271662881558 ] } },
{ "type": "Feature", "properties": { "source": "Added", "target": "hw=path_bicycle=designated", "length_km": 0.027652808609769392, "osm_id": 1448398992, "osm_version": 1, "valid_from": "2025-11-08T12:25:26Z", "feature_id": "1448398992_1" }, "geometry": { "type": "Point", "coordinates": [ 11.054460318276814, 51.774423001419009 ] } },
{ "type": "Feature", "properties": { "source": "Added", "target": "hw=path_bicycle=designated", "length_km": 0.0070177028853760206, "osm_id": 1448446510, "osm_version": 1, "valid_from": "2025-11-08T16:57:36Z", "feature_id": "1448446510_1" }, "geometry": { "type": "Point", "coordinates": [ 12.1284743, 51.06254495 ] } },
{ "type": "Feature", "properties": { "source": "Added", "target": "hw=path_bicycle=designated", "length_km": 0.52005636388112308, "osm_id": 1448448659, "osm_version": 1, "valid_from": "2025-11-08T17:13:35Z", "feature_id": "1448448659_1" }, "geometry": { "type": "Point", "coordinates": [ 12.21232637168769, 50.480370495857727 ] } },
{ "type": "Feature", "properties": { "source": "Added", "target": "hw=path_bicycle=designated", "length_km": 0.23766255667552488, "osm_id": 1448448660, "osm_version": 1, "valid_from": "2025-11-08T17:13:35Z", "feature_id": "1448448660_1" }, "geometry": { "type": "Point", "coordinates": [ 12.213816263725416, 50.477168148791669 ] } },
{ "type": "Feature", "properties": { "source": "Added", "target": "hw=path_bicycle=designated", "length_km": 0.056749372479525349, "osm_id": 1448562896, "osm_version": 1, "valid_from": "2025-11-09T08:46:19Z", "feature_id": "1448562896_1" }, "geometry": { "type": "Point", "coordinates": [ 10.5788603, 49.50014255 ] } },
{ "type": "Feature", "properties": { "source": "Added", "target": "hw=path_bicycle=designated", "length_km": 0.17329668819498148, "osm_id": 1448564087, "osm_version": 1, "valid_from": "2025-11-09T08:55:22Z", "feature_id": "1448564087_1" }, "geometry": { "type": "Point", "coordinates": [ 10.552935857642991, 49.363775645988184 ] } },
{ "type": "Feature", "properties": { "source": "Added", "target": "hw=path_bicycle=designated", "length_km": 0.15357573926831503, "osm_id": 1450761582, "osm_version": 1, "valid_from": "2025-11-14T21:58:06Z", "feature_id": "1450761582_1" }, "geometry": { "type": "Point", "coordinates": [ 8.502377316228849, 47.957362716219009 ] } },
{ "type": "Feature", "properties": { "source": "Added", "target": "hw=path_bicycle=designated", "length_km": 0.009690285993331129, "osm_id": 1450761583, "osm_version": 1, "valid_from": "2025-11-14T21:58:06Z", "feature_id": "1450761583_1" }, "geometry": { "type": "Point", "coordinates": [ 8.50146085, 47.9572297 ] } },
{ "type": "Feature", "properties": { "source": "Added", "target": "hw=path_bicycle=designated", "length_km": 0.036887708905136984, "osm_id": 1450761787, "osm_version": 1, "valid_from": "2025-11-14T21:59:41Z", "feature_id": "1450761787_1" }, "geometry": { "type": "Point", "coordinates": [ 7.563927244244375, 47.809494785760613 ] } },
{ "type": "Feature", "properties": { "source": "Added", "target": "hw=path_bicycle=designated", "length_km": 0.37459201342940773, "osm_id": 1450891987, "osm_version": 1, "valid_from": "2025-11-15T15:48:57Z", "feature_id": "1450891987_1" }, "geometry": { "type": "Point", "coordinates": [ 7.08552491747203, 51.517776533167833 ] } },
{ "type": "Feature", "properties": { "source": "Added", "target": "cw=lane", "length_km": 0.049765100698290231, "osm_id": 1450891988, "osm_version": 1, "valid_from": "2025-11-15T15:48:57Z", "feature_id": "1450891988_1" }, "geometry": { "type": "Point", "coordinates": [ 7.084289332479733, 51.518872343809157 ] } },
{ "type": "Feature", "properties": { "source": "Added", "target": "cw=lane", "length_km": 0.02996052934594259, "osm_id": 1450891989, "osm_version": 1, "valid_from": "2025-11-15T15:48:57Z", "feature_id": "1450891989_1" }, "geometry": { "type": "Point", "coordinates": [ 7.084406073730134, 51.5189423808377 ] } },
{ "type": "Feature", "properties": { "source": "Added", "target": "hw=path_bicycle=designated", "length_km": 0.038256777649927694, "osm_id": 1450891990, "osm_version": 1, "valid_from": "2025-11-15T15:48:57Z", "feature_id": "1450891990_1" }, "geometry": { "type": "Point", "coordinates": [ 7.083957023697771, 51.518901364175477 ] } },
{ "type": "Feature", "properties": { "source": "Added", "target": "hw=path_bicycle=designated", "length_km": 0.039599900080063359, "osm_id": 1450891991, "osm_version": 1, "valid_from": "2025-11-15T15:48:57Z", "feature_id": "1450891991_1" }, "geometry": { "type": "Point", "coordinates": [ 7.083766418385588, 51.518598973945565 ] } },
{ "type": "Feature", "properties": { "source": "Added", "target": "hw=path_bicycle=designated", "length_km": 0.20635380908813195, "osm_id": 1450891993, "osm_version": 1, "valid_from": "2025-11-15T15:48:57Z", "feature_id": "1450891993_1" }, "geometry": { "type": "Point", "coordinates": [ 7.082210471287379, 51.518898995933974 ] } },
{ "type": "Feature", "properties": { "source": "Added", "target": "hw=path_bicycle=designated", "length_km": 0.038357017959416373, "osm_id": 1450891994, "osm_version": 1, "valid_from": "2025-11-15T15:48:57Z", "feature_id": "1450891994_1" }, "geometry": { "type": "Point", "coordinates": [ 7.083251092811308, 51.518791179222518 ] } },
{ "type": "Feature", "properties": { "source": "Added", "target": "hw=path_bicycle=designated", "length_km": 0.19984391613724306, "osm_id": 1450891995, "osm_version": 1, "valid_from": "2025-11-15T15:48:57Z", "feature_id": "1450891995_1" }, "geometry": { "type": "Point", "coordinates": [ 7.082390178167158, 51.519218258547404 ] } },
{ "type": "Feature", "properties": { "source": "Added", "target": "cw=lane", "length_km": 0.08249778142249467, "osm_id": 1450891996, "osm_version": 1, "valid_from": "2025-11-15T15:48:57Z", "feature_id": "1450891996_1" }, "geometry": { "type": "Point", "coordinates": [ 7.091185877288517, 51.520614443412853 ] } },
{ "type": "Feature", "properties": { "source": "Added", "target": "hw=path_bicycle=designated", "length_km": 0.036835596773745968, "osm_id": 1450942531, "osm_version": 1, "valid_from": "2025-11-15T20:01:45Z", "feature_id": "1450942531_1" }, "geometry": { "type": "Point", "coordinates": [ 7.089155882974865, 51.514310935786582 ] } },
{ "type": "Feature", "properties": { "source": "Added", "target": "hw=path_bicycle=designated", "length_km": 0.052298883152590118, "osm_id": 1450942533, "osm_version": 1, "valid_from": "2025-11-15T20:01:45Z", "feature_id": "1450942533_1" }, "geometry": { "type": "Point", "coordinates": [ 7.087571631521836, 51.516389609738368 ] } },
{ "type": "Feature", "properties": { "source": "Added", "target": "hw=path_bicycle=designated", "length_km": 0.02946413632503472, "osm_id": 1450942534, "osm_version": 1, "valid_from": "2025-11-15T20:01:45Z", "feature_id": "1450942534_1" }, "geometry": { "type": "Point", "coordinates": [ 7.08667655449593, 51.516115494905151 ] } },
{ "type": "Feature", "properties": { "source": "Added", "target": "hw=path_bicycle=designated", "length_km": 0.27366281160988432, "osm_id": 1450942535, "osm_version": 1, "valid_from": "2025-11-15T20:01:45Z", "feature_id": "1450942535_1" }, "geometry": { "type": "Point", "coordinates": [ 7.087695740005871, 51.515009137454015 ] } },
{ "type": "Feature", "properties": { "source": "Added", "target": "hw=path_bicycle=designated", "length_km": 0.043071200988334467, "osm_id": 1450942536, "osm_version": 1, "valid_from": "2025-11-15T20:01:45Z", "feature_id": "1450942536_1" }, "geometry": { "type": "Point", "coordinates": [ 7.087996269047688, 51.514045594017055 ] } },
{ "type": "Feature", "properties": { "source": "Added", "target": "hw=path_bicycle=designated", "length_km": 0.15228444268811581, "osm_id": 1450942537, "osm_version": 1, "valid_from": "2025-11-15T20:01:45Z", "feature_id": "1450942537_1" }, "geometry": { "type": "Point", "coordinates": [ 7.08892202016651, 51.51328795148752 ] } },
{ "type": "Feature", "properties": { "source": "Added", "target": "hw=path_bicycle=designated", "length_km": 0.15646193831568911, "osm_id": 1450944623, "osm_version": 1, "valid_from": "2025-11-15T20:15:25Z", "feature_id": "1450944623_1" }, "geometry": { "type": "Point", "coordinates": [ 7.094059365883539, 51.533038226598251 ] } },
{ "type": "Feature", "properties": { "source": "Added", "target": "hw=path_bicycle=designated", "length_km": 0.31354115992839698, "osm_id": 1450944624, "osm_version": 1, "valid_from": "2025-11-15T20:15:25Z", "feature_id": "1450944624_1" }, "geometry": { "type": "Point", "coordinates": [ 7.095224505389469, 51.531760347895066 ] } },
{ "type": "Feature", "properties": { "source": "Added", "target": "hw=path_bicycle=designated", "length_km": 0.22964024763272489, "osm_id": 1450944625, "osm_version": 1, "valid_from": "2025-11-15T20:15:25Z", "feature_id": "1450944625_1" }, "geometry": { "type": "Point", "coordinates": [ 7.09524804223986, 51.529135150843175 ] } },
{ "type": "Feature", "properties": { "source": "Added", "target": "hw=path_bicycle=designated", "length_km": 0.019974183521046563, "osm_id": 1450944626, "osm_version": 1, "valid_from": "2025-11-15T20:15:25Z", "feature_id": "1450944626_1" }, "geometry": { "type": "Point", "coordinates": [ 7.09510705, 51.5302735 ] } },
{ "type": "Feature", "properties": { "source": "Added", "target": "hw=path_bicycle=designated", "length_km": 0.050897180551857713, "osm_id": 1450949278, "osm_version": 1, "valid_from": "2025-11-15T20:47:59Z", "feature_id": "1450949278_1" }, "geometry": { "type": "Point", "coordinates": [ 7.032836217617206, 51.572627440336497 ] } },
{ "type": "Feature", "properties": { "source": "Added", "target": "hw=cycleway", "length_km": 0.0087914055433277252, "osm_id": 1450949279, "osm_version": 1, "valid_from": "2025-11-15T20:47:59Z", "feature_id": "1450949279_1" }, "geometry": { "type": "Point", "coordinates": [ 7.0325807, 51.5724075 ] } },
{ "type": "Feature", "properties": { "source": "Added", "target": "cw=track", "length_km": 0.071111639649774627, "osm_id": 1450949280, "osm_version": 1, "valid_from": "2025-11-15T20:47:59Z", "feature_id": "1450949280_1" }, "geometry": { "type": "Point", "coordinates": [ 7.032956198241235, 51.572595225970403 ] } },
{ "type": "Feature", "properties": { "source": "Added", "target": "cw=track", "length_km": 0.10667915837531151, "osm_id": 1450949281, "osm_version": 1, "valid_from": "2025-11-15T20:47:59Z", "feature_id": "1450949281_1" }, "geometry": { "type": "Point", "coordinates": [ 7.034055564708455, 51.573000132057857 ] } },
{ "type": "Feature", "properties": { "source": "Added", "target": "hw=footway_bicycle=yes", "length_km": 0.28309889581722841, "osm_id": 1450949282, "osm_version": 1, "valid_from": "2025-11-15T20:47:59Z", "feature_id": "1450949282_1" }, "geometry": { "type": "Point", "coordinates": [ 7.027554744546075, 51.567116116886176 ] } },
{ "type": "Feature", "properties": { "source": "Added", "target": "hw=path_bicycle=designated", "length_km": 0.98189798568841091, "osm_id": 1451049911, "osm_version": 1, "valid_from": "2025-11-16T11:48:16Z", "feature_id": "1451049911_1" }, "geometry": { "type": "Point", "coordinates": [ 7.048832796847543, 51.613906245857734 ] } },
{ "type": "Feature", "properties": { "source": "Added", "target": "hw=path_bicycle=designated", "length_km": 0.069214177025297058, "osm_id": 1451049912, "osm_version": 1, "valid_from": "2025-11-16T11:48:16Z", "feature_id": "1451049912_1" }, "geometry": { "type": "Point", "coordinates": [ 7.049204356768579, 51.609202790381268 ] } },
{ "type": "Feature", "properties": { "source": "Added", "target": "hw=path_bicycle=designated", "length_km": 0.81901777102841833, "osm_id": 1451049914, "osm_version": 1, "valid_from": "2025-11-16T11:48:16Z", "feature_id": "1451049914_1" }, "geometry": { "type": "Point", "coordinates": [ 7.04870235947893, 51.622155742180077 ] } },
{ "type": "Feature", "properties": { "source": "Added", "target": "hw=path_bicycle=designated", "length_km": 0.0090307742386551391, "osm_id": 1451049915, "osm_version": 1, "valid_from": "2025-11-16T11:48:16Z", "feature_id": "1451049915_1" }, "geometry": { "type": "Point", "coordinates": [ 7.04850475, 51.61834955 ] } },
{ "type": "Feature", "properties": { "source": "Added", "target": "hw=path_bicycle=designated", "length_km": 0.061489689053581077, "osm_id": 1451049917, "osm_version": 1, "valid_from": "2025-11-16T11:48:16Z", "feature_id": "1451049917_1" }, "geometry": { "type": "Point", "coordinates": [ 7.050208663330993, 51.625718374964045 ] } },
{ "type": "Feature", "properties": { "source": "Added", "target": "hw=path_bicycle=designated", "length_km": 0.4820399381398518, "osm_id": 1451049919, "osm_version": 1, "valid_from": "2025-11-16T11:48:16Z", "feature_id": "1451049919_1" }, "geometry": { "type": "Point", "coordinates": [ 7.045301174919903, 51.608703951096231 ] } },
{ "type": "Feature", "properties": { "source": "Added", "target": "hw=path_bicycle=designated", "length_km": 0.028182274898683076, "osm_id": 1451049920, "osm_version": 1, "valid_from": "2025-11-16T11:48:16Z", "feature_id": "1451049920_1" }, "geometry": { "type": "Point", "coordinates": [ 7.049281059300265, 51.608771227158414 ] } },
{ "type": "Feature", "properties": { "source": "Added", "target": "hw=path_bicycle=designated", "length_km": 0.24651563657899558, "osm_id": 1451099807, "osm_version": 1, "valid_from": "2025-11-16T16:21:47Z", "feature_id": "1451099807_1" }, "geometry": { "type": "Point", "coordinates": [ 10.48186524130001, 53.998404606070544 ] } },
{ "type": "Feature", "properties": { "source": "Added", "target": "hw=path_bicycle=designated", "length_km": 0.078142973642045921, "osm_id": 1451100428, "osm_version": 1, "valid_from": "2025-11-16T16:26:51Z", "feature_id": "1451100428_1" }, "geometry": { "type": "Point", "coordinates": [ 6.738313709502338, 49.818743007111109 ] } },
{ "type": "Feature", "properties": { "source": "Added", "target": "hw=path_bicycle=designated", "length_km": 0.024502219427577337, "osm_id": 1451136601, "osm_version": 1, "valid_from": "2025-11-16T18:58:24Z", "feature_id": "1451136601_1" }, "geometry": { "type": "Point", "coordinates": [ 9.782912653802379, 49.161598244930644 ] } },
{ "type": "Feature", "properties": { "source": "Added", "target": "hw=path_bicycle=designated", "length_km": 0.12657512719480116, "osm_id": 1451172470, "osm_version": 1, "valid_from": "2025-11-16T20:41:10Z", "feature_id": "1451172470_1" }, "geometry": { "type": "Point", "coordinates": [ 7.3903617693329, 53.078115940740147 ] } },
{ "type": "Feature", "properties": { "source": "Added", "target": "hw=path_bicycle=designated", "length_km": 0.11379141319646939, "osm_id": 1451172471, "osm_version": 1, "valid_from": "2025-11-16T20:41:10Z", "feature_id": "1451172471_1" }, "geometry": { "type": "Point", "coordinates": [ 7.389507626257235, 53.078866604108995 ] } },
{ "type": "Feature", "properties": { "source": "Added", "target": "hw=path_bicycle=designated", "length_km": 0.356809501329165, "osm_id": 1451172473, "osm_version": 1, "valid_from": "2025-11-16T20:41:10Z", "feature_id": "1451172473_1" }, "geometry": { "type": "Point", "coordinates": [ 7.389231218498932, 53.080464933885239 ] } },
{ "type": "Feature", "properties": { "source": "Added", "target": "hw=path_bicycle=designated", "length_km": 0.49746501011507832, "osm_id": 1451666831, "osm_version": 1, "valid_from": "2025-11-18T15:02:14Z", "feature_id": "1451666831_1" }, "geometry": { "type": "Point", "coordinates": [ 12.186693520887772, 49.315029167266992 ] } },
{ "type": "Feature", "properties": { "source": "Added", "target": "hw=path_bicycle=designated", "length_km": 0.22435168104351452, "osm_id": 1451666832, "osm_version": 1, "valid_from": "2025-11-18T15:02:14Z", "feature_id": "1451666832_1" }, "geometry": { "type": "Point", "coordinates": [ 12.177465218866685, 49.302776588355258 ] } },
{ "type": "Feature", "properties": { "source": "Added", "target": "hw=path_bicycle=designated", "length_km": 0.30890486793163691, "osm_id": 1451669963, "osm_version": 1, "valid_from": "2025-11-18T15:12:31Z", "feature_id": "1451669963_1" }, "geometry": { "type": "Point", "coordinates": [ 12.182537000424643, 48.783432319653194 ] } },
{ "type": "Feature", "properties": { "source": "Added", "target": "hw=path_bicycle=designated", "length_km": 0.15766542106483372, "osm_id": 1451715481, "osm_version": 1, "valid_from": "2025-11-18T16:25:27Z", "feature_id": "1451715481_1" }, "geometry": { "type": "Point", "coordinates": [ 12.30756645122648, 48.794477645475375 ] } },
{ "type": "Feature", "properties": { "source": "Added", "target": "hw=path_bicycle=designated", "length_km": 1.1131241793527356, "osm_id": 1451913374, "osm_version": 1, "valid_from": "2025-11-19T08:16:37Z", "feature_id": "1451913374_1" }, "geometry": { "type": "Point", "coordinates": [ 12.345222289974162, 50.318606283801486 ] } },
{ "type": "Feature", "properties": { "source": "Added", "target": "hw=footway_bicycle=yes", "length_km": 0.23971589796541373, "osm_id": 1452392162, "osm_version": 1, "valid_from": "2025-11-20T17:04:53Z", "feature_id": "1452392162_1" }, "geometry": { "type": "Point", "coordinates": [ 12.27175113388499, 48.871787111032098 ] } },
{ "type": "Feature", "properties": { "source": "Added", "target": "hw=path_bicycle=designated", "length_km": 0.065438163535478572, "osm_id": 1452393458, "osm_version": 1, "valid_from": "2025-11-20T17:11:15Z", "feature_id": "1452393458_1" }, "geometry": { "type": "Point", "coordinates": [ 12.231735555859181, 49.756428908289244 ] } },
{ "type": "Feature", "properties": { "source": "Added", "target": "hw=footway_bicycle=yes", "length_km": 0.3177828921476884, "osm_id": 1452403547, "osm_version": 1, "valid_from": "2025-11-20T18:03:15Z", "feature_id": "1452403547_1" }, "geometry": { "type": "Point", "coordinates": [ 7.903117422695563, 49.948540639203806 ] } },
{ "type": "Feature", "properties": { "source": "Added", "target": "hw=path_bicycle=designated", "length_km": 0.087248160920286102, "osm_id": 1452406901, "osm_version": 1, "valid_from": "2025-11-20T18:16:06Z", "feature_id": "1452406901_1" }, "geometry": { "type": "Point", "coordinates": [ 7.604559365781191, 50.58984670414236 ] } },
{ "type": "Feature", "properties": { "source": "Added", "target": "hw=path_bicycle=designated", "length_km": 0.067807384594940318, "osm_id": 1452420594, "osm_version": 1, "valid_from": "2025-11-20T18:52:16Z", "feature_id": "1452420594_1" }, "geometry": { "type": "Point", "coordinates": [ 6.157070772467959, 51.046705448782234 ] } },
{ "type": "Feature", "properties": { "source": "Added", "target": "hw=path_bicycle=designated", "length_km": 0.069401972552807542, "osm_id": 1452420595, "osm_version": 1, "valid_from": "2025-11-20T18:52:16Z", "feature_id": "1452420595_1" }, "geometry": { "type": "Point", "coordinates": [ 6.156894683446376, 51.046810816685486 ] } },
{ "type": "Feature", "properties": { "source": "Added", "target": "hw=path_bicycle=designated", "length_km": 0.0856691314849862, "osm_id": 1452420596, "osm_version": 1, "valid_from": "2025-11-20T18:52:16Z", "feature_id": "1452420596_1" }, "geometry": { "type": "Point", "coordinates": [ 6.175336615814353, 51.044393153291146 ] } },
{ "type": "Feature", "properties": { "source": "Added", "target": "hw=path_bicycle=designated", "length_km": 0.018066397505957118, "osm_id": 1452420597, "osm_version": 1, "valid_from": "2025-11-20T18:52:16Z", "feature_id": "1452420597_1" }, "geometry": { "type": "Point", "coordinates": [ 6.175132645001637, 51.044830272952304 ] } },
{ "type": "Feature", "properties": { "source": "Added", "target": "hw=path_bicycle=designated", "length_km": 0.3842193101808859, "osm_id": 1452420598, "osm_version": 1, "valid_from": "2025-11-20T18:52:16Z", "feature_id": "1452420598_1" }, "geometry": { "type": "Point", "coordinates": [ 6.14929394155179, 51.057229222758643 ] } },
{ "type": "Feature", "properties": { "source": "Added", "target": "hw=path_bicycle=designated", "length_km": 0.11844610140828414, "osm_id": 1452677619, "osm_version": 1, "valid_from": "2025-11-21T18:16:52Z", "feature_id": "1452677619_1" }, "geometry": { "type": "Point", "coordinates": [ 7.088557658955575, 51.57120949742437 ] } },
{ "type": "Feature", "properties": { "source": "Added", "target": "hw=path_bicycle=designated", "length_km": 0.35089068420921304, "osm_id": 1452677620, "osm_version": 1, "valid_from": "2025-11-21T18:16:52Z", "feature_id": "1452677620_1" }, "geometry": { "type": "Point", "coordinates": [ 7.089809821461241, 51.571928092790408 ] } },
{ "type": "Feature", "properties": { "source": "Added", "target": "hw=path_bicycle=designated", "length_km": 0.25495065189895971, "osm_id": 1452677621, "osm_version": 1, "valid_from": "2025-11-21T18:16:52Z", "feature_id": "1452677621_1" }, "geometry": { "type": "Point", "coordinates": [ 7.090707228923807, 51.572230411829025 ] } },
{ "type": "Feature", "properties": { "source": "Added", "target": "hw=path_bicycle=designated", "length_km": 0.59092401956646157, "osm_id": 1452694286, "osm_version": 1, "valid_from": "2025-11-21T19:40:12Z", "feature_id": "1452694286_1" }, "geometry": { "type": "Point", "coordinates": [ 12.649985078470616, 47.771107761941842 ] } },
{ "type": "Feature", "properties": { "source": "Added", "target": "hw=path_bicycle=designated", "length_km": 0.069653572202528144, "osm_id": 1452835640, "osm_version": 1, "valid_from": "2025-11-22T12:23:42Z", "feature_id": "1452835640_1" }, "geometry": { "type": "Point", "coordinates": [ 9.642234457899736, 52.398918768815257 ] } },
{ "type": "Feature", "properties": { "source": "Added", "target": "hw=path_bicycle=designated", "length_km": 0.13608606369809356, "osm_id": 1452835641, "osm_version": 1, "valid_from": "2025-11-22T12:23:42Z", "feature_id": "1452835641_1" }, "geometry": { "type": "Point", "coordinates": [ 9.641847656495862, 52.398645316630287 ] } },
{ "type": "Feature", "properties": { "source": "Added", "target": "cw=track", "length_km": 0.06646585935530748, "osm_id": 1452835645, "osm_version": 1, "valid_from": "2025-11-22T12:23:42Z", "feature_id": "1452835645_1" }, "geometry": { "type": "Point", "coordinates": [ 9.641422940514607, 52.398522965668036 ] } },
{ "type": "Feature", "properties": { "source": "Added", "target": "hw=path_bicycle=designated", "length_km": 0.081982770779228858, "osm_id": 1452896442, "osm_version": 1, "valid_from": "2025-11-22T15:26:06Z", "feature_id": "1452896442_1" }, "geometry": { "type": "Point", "coordinates": [ 10.118539359845366, 50.828431042675717 ] } },
{ "type": "Feature", "properties": { "source": "Added", "target": "hw=path_bicycle=designated", "length_km": 0.11996006425241647, "osm_id": 1452896443, "osm_version": 1, "valid_from": "2025-11-22T15:26:06Z", "feature_id": "1452896443_1" }, "geometry": { "type": "Point", "coordinates": [ 10.117041873204029, 50.826134692321773 ] } },
{ "type": "Feature", "properties": { "source": "Added", "target": "hw=path_bicycle=designated", "length_km": 0.10984492267049957, "osm_id": 1452896444, "osm_version": 1, "valid_from": "2025-11-22T15:26:06Z", "feature_id": "1452896444_1" }, "geometry": { "type": "Point", "coordinates": [ 10.11769915, 50.82706135 ] } },
{ "type": "Feature", "properties": { "source": "Added", "target": "hw=path_bicycle=designated", "length_km": 0.043756366859912452, "osm_id": 1452896445, "osm_version": 1, "valid_from": "2025-11-22T15:26:06Z", "feature_id": "1452896445_1" }, "geometry": { "type": "Point", "coordinates": [ 10.1182555, 50.8279049 ] } },
{ "type": "Feature", "properties": { "source": "Added", "target": "hw=path_bicycle=designated", "length_km": 0.024970248686672154, "osm_id": 1452896446, "osm_version": 1, "valid_from": "2025-11-22T15:26:06Z", "feature_id": "1452896446_1" }, "geometry": { "type": "Point", "coordinates": [ 10.118078824977511, 50.827616741761176 ] } },
{ "type": "Feature", "properties": { "source": "Added", "target": "hw=footway_bicycle=yes", "length_km": 0.52518540819999548, "osm_id": 1452903448, "osm_version": 1, "valid_from": "2025-11-22T15:43:53Z", "feature_id": "1452903448_1" }, "geometry": { "type": "Point", "coordinates": [ 8.378937866250993, 50.923227301133025 ] } },
{ "type": "Feature", "properties": { "source": "Added", "target": "hw=path_bicycle=designated", "length_km": 0.41710141952076613, "osm_id": 1452907442, "osm_version": 1, "valid_from": "2025-11-22T16:03:40Z", "feature_id": "1452907442_1" }, "geometry": { "type": "Point", "coordinates": [ 12.050876075256699, 51.223510772582429 ] } },
{ "type": "Feature", "properties": { "source": "Added", "target": "hw=path_bicycle=designated", "length_km": 0.41810571050403111, "osm_id": 1452907443, "osm_version": 1, "valid_from": "2025-11-22T16:03:40Z", "feature_id": "1452907443_1" }, "geometry": { "type": "Point", "coordinates": [ 12.060089059979266, 51.223590722135484 ] } },
{ "type": "Feature", "properties": { "source": "Added", "target": "hw=path_bicycle=designated", "length_km": 0.036363654280293464, "osm_id": 1452907445, "osm_version": 1, "valid_from": "2025-11-22T16:03:40Z", "feature_id": "1452907445_1" }, "geometry": { "type": "Point", "coordinates": [ 12.0631404, 51.22468605 ] } },
{ "type": "Feature", "properties": { "source": "Added", "target": "hw=path_bicycle=designated", "length_km": 0.016248958035784404, "osm_id": 1452907446, "osm_version": 1, "valid_from": "2025-11-22T16:03:40Z", "feature_id": "1452907446_1" }, "geometry": { "type": "Point", "coordinates": [ 12.0628597, 51.2245285 ] } },
{ "type": "Feature", "properties": { "source": "Added", "target": "hw=path_bicycle=designated", "length_km": 0.31419021084856591, "osm_id": 1452914289, "osm_version": 1, "valid_from": "2025-11-22T16:44:30Z", "feature_id": "1452914289_1" }, "geometry": { "type": "Point", "coordinates": [ 9.576264161392707, 50.172829488275973 ] } },
{ "type": "Feature", "properties": { "source": "Added", "target": "hw=cycleway", "length_km": 0.347162327238347, "osm_id": 1453072450, "osm_version": 1, "valid_from": "2025-11-23T11:30:55Z", "feature_id": "1453072450_1" }, "geometry": { "type": "Point", "coordinates": [ 10.739467403289392, 50.924164607224128 ] } },
{ "type": "Feature", "properties": { "source": "Added", "target": "hw=path_bicycle=designated", "length_km": 0.44299609725652628, "osm_id": 1453276418, "osm_version": 1, "valid_from": "2025-11-24T08:23:40Z", "feature_id": "1453276418_1" }, "geometry": { "type": "Point", "coordinates": [ 9.743583002035916, 51.664358339153367 ] } },
{ "type": "Feature", "properties": { "source": "Added", "target": "hw=footway_bicycle=yes", "length_km": 0.004514025385684072, "osm_id": 1453276419, "osm_version": 1, "valid_from": "2025-11-24T08:23:40Z", "feature_id": "1453276419_1" }, "geometry": { "type": "Point", "coordinates": [ 9.73983465, 51.6645007 ] } },
{ "type": "Feature", "properties": { "source": "Added", "target": "hw=footway_bicycle=yes", "length_km": 0.24129373695837678, "osm_id": 1453276420, "osm_version": 1, "valid_from": "2025-11-24T08:23:40Z", "feature_id": "1453276420_1" }, "geometry": { "type": "Point", "coordinates": [ 9.737910970543261, 51.664352823120502 ] } },
{ "type": "Feature", "properties": { "source": "Added", "target": "hw=path_bicycle=designated", "length_km": 0.043036195305762859, "osm_id": 1453278875, "osm_version": 1, "valid_from": "2025-11-24T08:35:02Z", "feature_id": "1453278875_1" }, "geometry": { "type": "Point", "coordinates": [ 10.342092497831571, 51.252880360396659 ] } },
{ "type": "Feature", "properties": { "source": "Added", "target": "hw=path_bicycle=designated", "length_km": 0.014451517719648563, "osm_id": 1453278876, "osm_version": 1, "valid_from": "2025-11-24T08:35:02Z", "feature_id": "1453278876_1" }, "geometry": { "type": "Point", "coordinates": [ 10.3422303, 51.25262095 ] } },
{ "type": "Feature", "properties": { "source": "Added", "target": "hw=path_bicycle=designated", "length_km": 0.36045740073775207, "osm_id": 1453278877, "osm_version": 1, "valid_from": "2025-11-24T08:35:02Z", "feature_id": "1453278877_1" }, "geometry": { "type": "Point", "coordinates": [ 10.349213696889286, 51.249451454313565 ] } },
{ "type": "Feature", "properties": { "source": "Added", "target": "hw=path_bicycle=designated", "length_km": 0.24634877000284014, "osm_id": 1453279691, "osm_version": 1, "valid_from": "2025-11-24T08:42:12Z", "feature_id": "1453279691_1" }, "geometry": { "type": "Point", "coordinates": [ 10.332681403324202, 51.210518855278075 ] } },
{ "type": "Feature", "properties": { "source": "Added", "target": "hw=path_bicycle=designated", "length_km": 0.1783034072308915, "osm_id": 1453279692, "osm_version": 1, "valid_from": "2025-11-24T08:42:12Z", "feature_id": "1453279692_1" }, "geometry": { "type": "Point", "coordinates": [ 10.329701356212146, 51.210864081983551 ] } },
{ "type": "Feature", "properties": { "source": "Added", "target": "hw=cycleway", "length_km": 0.11526241191825595, "osm_id": 1453305288, "osm_version": 1, "valid_from": "2025-11-24T11:15:12Z", "feature_id": "1453305288_1" }, "geometry": { "type": "Point", "coordinates": [ 10.441774364862187, 51.159529888952697 ] } },
{ "type": "Feature", "properties": { "source": "Added", "target": "hw=cycleway", "length_km": 0.12454368843956873, "osm_id": 1453305289, "osm_version": 1, "valid_from": "2025-11-24T11:15:12Z", "feature_id": "1453305289_1" }, "geometry": { "type": "Point", "coordinates": [ 10.442187326760399, 51.161577016374913 ] } },
{ "type": "Feature", "properties": { "source": "Added", "target": "hw=path_bicycle=designated", "length_km": 0.25817908630806202, "osm_id": 1453311151, "osm_version": 1, "valid_from": "2025-11-24T11:36:17Z", "feature_id": "1453311151_1" }, "geometry": { "type": "Point", "coordinates": [ 10.464548499801813, 51.202463370034707 ] } },
{ "type": "Feature", "properties": { "source": "Added", "target": "cw=lane", "length_km": 0.089549063064852927, "osm_id": 1453311152, "osm_version": 1, "valid_from": "2025-11-24T11:36:17Z", "feature_id": "1453311152_1" }, "geometry": { "type": "Point", "coordinates": [ 10.46151743530381, 51.200935262971335 ] } },
{ "type": "Feature", "properties": { "source": "Added", "target": "hw=path_bicycle=designated", "length_km": 0.25468381962945708, "osm_id": 1453311153, "osm_version": 1, "valid_from": "2025-11-24T11:36:17Z", "feature_id": "1453311153_1" }, "geometry": { "type": "Point", "coordinates": [ 10.456191306765046, 51.196609995687851 ] } },
{ "type": "Feature", "properties": { "source": "Added", "target": "hw=path_bicycle=designated", "length_km": 0.026207873147614066, "osm_id": 1453311154, "osm_version": 1, "valid_from": "2025-11-24T11:36:17Z", "feature_id": "1453311154_1" }, "geometry": { "type": "Point", "coordinates": [ 10.465974217781918, 51.203008165753793 ] } },
{ "type": "Feature", "properties": { "source": "Added", "target": "hw=path_bicycle=designated", "length_km": 0.21316897705326565, "osm_id": 1453330773, "osm_version": 1, "valid_from": "2025-11-24T13:22:30Z", "feature_id": "1453330773_1" }, "geometry": { "type": "Point", "coordinates": [ 9.899056151477524, 48.915026458977941 ] } },
{ "type": "Feature", "properties": { "source": "Added", "target": "hw=path_bicycle=designated", "length_km": 0.28998003335598599, "osm_id": 1453330775, "osm_version": 1, "valid_from": "2025-11-24T13:22:30Z", "feature_id": "1453330775_1" }, "geometry": { "type": "Point", "coordinates": [ 9.902940441903862, 48.915759556867698 ] } },
{ "type": "Feature", "properties": { "source": "Added", "target": "hw=path_bicycle=designated", "length_km": 0.57718500164457864, "osm_id": 1453352333, "osm_version": 1, "valid_from": "2025-11-24T15:08:26Z", "feature_id": "1453352333_1" }, "geometry": { "type": "Point", "coordinates": [ 12.103411338806756, 50.905375714945436 ] } },
{ "type": "Feature", "properties": { "source": "Added", "target": "hw=path_bicycle=designated", "length_km": 0.19806867703907124, "osm_id": 1453352562, "osm_version": 1, "valid_from": "2025-11-24T15:10:37Z", "feature_id": "1453352562_1" }, "geometry": { "type": "Point", "coordinates": [ 12.115391537938972, 50.902336708395083 ] } },
{ "type": "Feature", "properties": { "source": "Added", "target": "hw=path_bicycle=designated", "length_km": 0.067186052719607134, "osm_id": 1453352963, "osm_version": 1, "valid_from": "2025-11-24T15:13:26Z", "feature_id": "1453352963_1" }, "geometry": { "type": "Point", "coordinates": [ 12.185047469554453, 50.862077540347954 ] } },
{ "type": "Feature", "properties": { "source": "Added", "target": "hw=path_bicycle=designated", "length_km": 0.049720579520653847, "osm_id": 1453357698, "osm_version": 1, "valid_from": "2025-11-24T15:39:08Z", "feature_id": "1453357698_1" }, "geometry": { "type": "Point", "coordinates": [ 9.87053985304299, 50.511355446633289 ] } },
{ "type": "Feature", "properties": { "source": "Added", "target": "hw=path_bicycle=designated", "length_km": 0.19333528937900316, "osm_id": 1453524825, "osm_version": 1, "valid_from": "2025-11-25T09:21:58Z", "feature_id": "1453524825_1" }, "geometry": { "type": "Point", "coordinates": [ 10.634556664338589, 50.605821752700827 ] } },
{ "type": "Feature", "properties": { "source": "Added", "target": "hw=path_bicycle=designated", "length_km": 0.072655007481267131, "osm_id": 1453529826, "osm_version": 1, "valid_from": "2025-11-25T09:53:31Z", "feature_id": "1453529826_1" }, "geometry": { "type": "Point", "coordinates": [ 11.109998997988148, 50.310150259969049 ] } },
{ "type": "Feature", "properties": { "source": "Added", "target": "hw=path_bicycle=designated", "length_km": 0.035004017569414757, "osm_id": 1453529827, "osm_version": 1, "valid_from": "2025-11-25T09:53:31Z", "feature_id": "1453529827_1" }, "geometry": { "type": "Point", "coordinates": [ 11.109924248140191, 50.309991345451813 ] } },
{ "type": "Feature", "properties": { "source": "Added", "target": "hw=path_bicycle=designated", "length_km": 0.10072510776036046, "osm_id": 1453529828, "osm_version": 1, "valid_from": "2025-11-25T09:53:31Z", "feature_id": "1453529828_1" }, "geometry": { "type": "Point", "coordinates": [ 11.110122596640412, 50.310907394830323 ] } },
{ "type": "Feature", "properties": { "source": "Added", "target": "cw=lane", "length_km": 0.019082506300902587, "osm_id": 1456017724, "osm_version": 1, "valid_from": "2025-12-04T14:04:53Z", "feature_id": "1456017724_1" }, "geometry": { "type": "Point", "coordinates": [ 7.696211084330255, 47.968054383688894 ] } },
{ "type": "Feature", "properties": { "source": "Added", "target": "hw=path_bicycle=designated", "length_km": 0.22327234584339559, "osm_id": 1456019865, "osm_version": 1, "valid_from": "2025-12-04T14:15:57Z", "feature_id": "1456019865_1" }, "geometry": { "type": "Point", "coordinates": [ 10.061666736631036, 49.141314957427582 ] } },
{ "type": "Feature", "properties": { "source": "Added", "target": "hw=path_bicycle=designated", "length_km": 0.085968371738745608, "osm_id": 1456026045, "osm_version": 1, "valid_from": "2025-12-04T14:35:31Z", "feature_id": "1456026045_1" }, "geometry": { "type": "Point", "coordinates": [ 12.467392169627599, 47.74649164480995 ] } },
{ "type": "Feature", "properties": { "source": "Added", "target": "hw=path_bicycle=designated", "length_km": 0.48215601541008202, "osm_id": 1456029019, "osm_version": 1, "valid_from": "2025-12-04T14:52:58Z", "feature_id": "1456029019_1" }, "geometry": { "type": "Point", "coordinates": [ 13.839515301961178, 51.185787935182489 ] } },
{ "type": "Feature", "properties": { "source": "Added", "target": "hw=path_bicycle=designated", "length_km": 0.38417794715818254, "osm_id": 1456307037, "osm_version": 1, "valid_from": "2025-12-05T16:42:07Z", "feature_id": "1456307037_1" }, "geometry": { "type": "Point", "coordinates": [ 10.803398768360744, 49.696623083820029 ] } },
{ "type": "Feature", "properties": { "source": "Added", "target": "hw=path_bicycle=designated", "length_km": 0.087945614632911423, "osm_id": 1456307042, "osm_version": 1, "valid_from": "2025-12-05T16:42:07Z", "feature_id": "1456307042_1" }, "geometry": { "type": "Point", "coordinates": [ 10.803736575583061, 49.69910718727661 ] } },
{ "type": "Feature", "properties": { "source": "Added", "target": "hw=path_bicycle=designated", "length_km": 0.032183795900503395, "osm_id": 1456307045, "osm_version": 1, "valid_from": "2025-12-05T16:42:07Z", "feature_id": "1456307045_1" }, "geometry": { "type": "Point", "coordinates": [ 10.804331227836244, 49.700306350067812 ] } },
{ "type": "Feature", "properties": { "source": "Added", "target": "hw=path_bicycle=designated", "length_km": 0.082063642345640744, "osm_id": 1456307046, "osm_version": 1, "valid_from": "2025-12-05T16:42:07Z", "feature_id": "1456307046_1" }, "geometry": { "type": "Point", "coordinates": [ 10.803948431789047, 49.699874341366296 ] } },
{ "type": "Feature", "properties": { "source": "Added", "target": "hw=path_bicycle=designated", "length_km": 0.071969697702302174, "osm_id": 1456307047, "osm_version": 1, "valid_from": "2025-12-05T16:42:07Z", "feature_id": "1456307047_1" }, "geometry": { "type": "Point", "coordinates": [ 10.804366957032643, 49.700497987815311 ] } },
{ "type": "Feature", "properties": { "source": "Added", "target": "hw=path_bicycle=designated", "length_km": 0.021166455367301128, "osm_id": 1456307048, "osm_version": 1, "valid_from": "2025-12-05T16:42:07Z", "feature_id": "1456307048_1" }, "geometry": { "type": "Point", "coordinates": [ 10.80359885, 49.69942505 ] } },
{ "type": "Feature", "properties": { "source": "Added", "target": "hw=path_bicycle=designated", "length_km": 0.32574038991306731, "osm_id": 1456313748, "osm_version": 1, "valid_from": "2025-12-05T17:10:09Z", "feature_id": "1456313748_1" }, "geometry": { "type": "Point", "coordinates": [ 9.864332598825612, 50.774803052248828 ] } },
{ "type": "Feature", "properties": { "source": "Added", "target": "hw=footway_bicycle=yes", "length_km": 0.45872659274377181, "osm_id": 1456322835, "osm_version": 1, "valid_from": "2025-12-05T17:54:13Z", "feature_id": "1456322835_1" }, "geometry": { "type": "Point", "coordinates": [ 11.576545270499018, 50.691438571406827 ] } },
{ "type": "Feature", "properties": { "source": "Added", "target": "hw=footway_bicycle=yes", "length_km": 0.36592213356374281, "osm_id": 1456322836, "osm_version": 1, "valid_from": "2025-12-05T17:54:13Z", "feature_id": "1456322836_1" }, "geometry": { "type": "Point", "coordinates": [ 11.582173513823699, 50.692443095824487 ] } },
{ "type": "Feature", "properties": { "source": "Added", "target": "hw=footway_bicycle=yes", "length_km": 0.12935788743646001, "osm_id": 1456322837, "osm_version": 1, "valid_from": "2025-12-05T17:54:13Z", "feature_id": "1456322837_1" }, "geometry": { "type": "Point", "coordinates": [ 11.572512127434214, 50.69122407035163 ] } },
{ "type": "Feature", "properties": { "source": "Added", "target": "hw=footway_bicycle=yes", "length_km": 0.46582214428040369, "osm_id": 1456322838, "osm_version": 1, "valid_from": "2025-12-05T17:54:13Z", "feature_id": "1456322838_1" }, "geometry": { "type": "Point", "coordinates": [ 11.587840354246607, 50.692494262890534 ] } },
{ "type": "Feature", "properties": { "source": "Added", "target": "hw=path_bicycle=designated", "length_km": 0.039857200973373488, "osm_id": 1456330373, "osm_version": 1, "valid_from": "2025-12-05T18:30:17Z", "feature_id": "1456330373_1" }, "geometry": { "type": "Point", "coordinates": [ 10.452216059724549, 49.501429449589672 ] } },
{ "type": "Feature", "properties": { "source": "Added", "target": "hw=footway_bicycle=yes", "length_km": 0.087313146972691061, "osm_id": 1456336910, "osm_version": 1, "valid_from": "2025-12-05T18:57:50Z", "feature_id": "1456336910_1" }, "geometry": { "type": "Point", "coordinates": [ 10.649426359202671, 49.170519974654916 ] } },
{ "type": "Feature", "properties": { "source": "Added", "target": "hw=path_bicycle=designated", "length_km": 0.029968894361356607, "osm_id": 1456336911, "osm_version": 1, "valid_from": "2025-12-05T18:57:50Z", "feature_id": "1456336911_1" }, "geometry": { "type": "Point", "coordinates": [ 10.652040548211614, 49.171939531557193 ] } },
{ "type": "Feature", "properties": { "source": "Added", "target": "hw=path_bicycle=designated", "length_km": 0.011221205270418174, "osm_id": 1456336912, "osm_version": 1, "valid_from": "2025-12-05T18:57:50Z", "feature_id": "1456336912_1" }, "geometry": { "type": "Point", "coordinates": [ 10.65221515, 49.17208815 ] } },
{ "type": "Feature", "properties": { "source": "Added", "target": "hw=path_bicycle=designated", "length_km": 0.249340229231788, "osm_id": 1456501563, "osm_version": 1, "valid_from": "2025-12-06T15:31:34Z", "feature_id": "1456501563_1" }, "geometry": { "type": "Point", "coordinates": [ 10.270091772740701, 49.057250939900641 ] } },
{ "type": "Feature", "properties": { "source": "Added", "target": "hw=path_bicycle=designated", "length_km": 0.88533436538612897, "osm_id": 1456501564, "osm_version": 1, "valid_from": "2025-12-06T15:31:34Z", "feature_id": "1456501564_1" }, "geometry": { "type": "Point", "coordinates": [ 10.277111375781484, 49.058998534983608 ] } },
{ "type": "Feature", "properties": { "source": "Added", "target": "hw=path_bicycle=designated", "length_km": 0.23933734035891019, "osm_id": 1456502858, "osm_version": 1, "valid_from": "2025-12-06T15:38:16Z", "feature_id": "1456502858_1" }, "geometry": { "type": "Point", "coordinates": [ 10.3254831040841, 49.069641599479901 ] } },
{ "type": "Feature", "properties": { "source": "Added", "target": "hw=path_bicycle=designated", "length_km": 0.15886036999244088, "osm_id": 1456504895, "osm_version": 1, "valid_from": "2025-12-06T15:48:35Z", "feature_id": "1456504895_1" }, "geometry": { "type": "Point", "coordinates": [ 10.329531936365711, 49.066890012156492 ] } },
{ "type": "Feature", "properties": { "source": "Added", "target": "hw=path_bicycle=designated", "length_km": 0.073330347990097397, "osm_id": 1456895740, "osm_version": 1, "valid_from": "2025-12-08T12:56:24Z", "feature_id": "1456895740_1" }, "geometry": { "type": "Point", "coordinates": [ 7.870282830523571, 51.226755249732875 ] } },
{ "type": "Feature", "properties": { "source": "Added", "target": "hw=path_bicycle=designated", "length_km": 0.060898500275258768, "osm_id": 1456895741, "osm_version": 1, "valid_from": "2025-12-08T12:56:24Z", "feature_id": "1456895741_1" }, "geometry": { "type": "Point", "coordinates": [ 7.870295434786949, 51.226599721382179 ] } },
{ "type": "Feature", "properties": { "source": "Added", "target": "hw=path_bicycle=designated", "length_km": 0.022031147531150978, "osm_id": 1456895742, "osm_version": 1, "valid_from": "2025-12-08T12:56:24Z", "feature_id": "1456895742_1" }, "geometry": { "type": "Point", "coordinates": [ 7.869682352210396, 51.226856122236455 ] } },
{ "type": "Feature", "properties": { "source": "Added", "target": "hw=path_bicycle=designated", "length_km": 0.024072280423387802, "osm_id": 1456895743, "osm_version": 1, "valid_from": "2025-12-08T12:56:24Z", "feature_id": "1456895743_1" }, "geometry": { "type": "Point", "coordinates": [ 7.869728316116699, 51.226633628690166 ] } },
{ "type": "Feature", "properties": { "source": "Added", "target": "hw=path_bicycle=designated", "length_km": 0.020788814231761491, "osm_id": 1456895744, "osm_version": 1, "valid_from": "2025-12-08T12:56:24Z", "feature_id": "1456895744_1" }, "geometry": { "type": "Point", "coordinates": [ 7.869813062625504, 51.226733477266272 ] } },
{ "type": "Feature", "properties": { "source": "Added", "target": "hw=path_bicycle=designated", "length_km": 0.043083339292941142, "osm_id": 1456895745, "osm_version": 1, "valid_from": "2025-12-08T12:56:24Z", "feature_id": "1456895745_1" }, "geometry": { "type": "Point", "coordinates": [ 7.868710803630085, 51.227376180959936 ] } },
{ "type": "Feature", "properties": { "source": "Added", "target": "hw=path_bicycle=designated", "length_km": 0.076069469308929077, "osm_id": 1456895746, "osm_version": 1, "valid_from": "2025-12-08T12:56:24Z", "feature_id": "1456895746_1" }, "geometry": { "type": "Point", "coordinates": [ 7.868678000537007, 51.227176982864393 ] } },
{ "type": "Feature", "properties": { "source": "Added", "target": "hw=path_bicycle=designated", "length_km": 0.0098444643566319712, "osm_id": 1456895747, "osm_version": 1, "valid_from": "2025-12-08T12:56:24Z", "feature_id": "1456895747_1" }, "geometry": { "type": "Point", "coordinates": [ 7.869371524251587, 51.22693529880712 ] } },
{ "type": "Feature", "properties": { "source": "Added", "target": "hw=path_bicycle=designated", "length_km": 0.042949422809028623, "osm_id": 1456895748, "osm_version": 1, "valid_from": "2025-12-08T12:56:24Z", "feature_id": "1456895748_1" }, "geometry": { "type": "Point", "coordinates": [ 7.869078128472642, 51.227047483881996 ] } },
{ "type": "Feature", "properties": { "source": "Added", "target": "hw=path_bicycle=designated", "length_km": 0.0083544534602840847, "osm_id": 1456895749, "osm_version": 1, "valid_from": "2025-12-08T12:56:24Z", "feature_id": "1456895749_1" }, "geometry": { "type": "Point", "coordinates": [ 7.86944025, 51.22669695 ] } },
{ "type": "Feature", "properties": { "source": "Added", "target": "hw=path_bicycle=designated", "length_km": 0.036838990320150804, "osm_id": 1456895750, "osm_version": 1, "valid_from": "2025-12-08T12:56:24Z", "feature_id": "1456895750_1" }, "geometry": { "type": "Point", "coordinates": [ 7.86918107882261, 51.226808234853621 ] } },
{ "type": "Feature", "properties": { "source": "Added", "target": "hw=footway_bicycle=yes", "length_km": 0.58687121475964821, "osm_id": 1456992743, "osm_version": 1, "valid_from": "2025-12-08T20:27:25Z", "feature_id": "1456992743_1" }, "geometry": { "type": "Point", "coordinates": [ 12.575827065709682, 54.40930164216428 ] } },
{ "type": "Feature", "properties": { "source": "Added", "target": "hw=path_bicycle=designated", "length_km": 0.080171075930030505, "osm_id": 1457077316, "osm_version": 1, "valid_from": "2025-12-09T07:31:12Z", "feature_id": "1457077316_1" }, "geometry": { "type": "Point", "coordinates": [ 12.510713556111611, 50.959030888411959 ] } },
{ "type": "Feature", "properties": { "source": "Added", "target": "hw=path_bicycle=designated", "length_km": 0.20491263968898965, "osm_id": 1457077317, "osm_version": 1, "valid_from": "2025-12-09T07:31:12Z", "feature_id": "1457077317_1" }, "geometry": { "type": "Point", "coordinates": [ 12.512015829735979, 50.95849933262857 ] } },
{ "type": "Feature", "properties": { "source": "Added", "target": "hw=path_bicycle=designated", "length_km": 0.25393643733199084, "osm_id": 1457081016, "osm_version": 1, "valid_from": "2025-12-09T07:48:44Z", "feature_id": "1457081016_1" }, "geometry": { "type": "Point", "coordinates": [ 12.45272797471611, 50.983984061033489 ] } },
{ "type": "Feature", "properties": { "source": "Added", "target": "hw=path_bicycle=designated", "length_km": 0.081005755706712312, "osm_id": 1457081017, "osm_version": 1, "valid_from": "2025-12-09T07:48:44Z", "feature_id": "1457081017_1" }, "geometry": { "type": "Point", "coordinates": [ 12.459523468110067, 50.983426829147049 ] } },
{ "type": "Feature", "properties": { "source": "Added", "target": "hw=footway_bicycle=yes", "length_km": 0.30924519548851742, "osm_id": 1457199070, "osm_version": 1, "valid_from": "2025-12-09T18:06:03Z", "feature_id": "1457199070_1" }, "geometry": { "type": "Point", "coordinates": [ 14.382309284816605, 51.545936615161096 ] } },
{ "type": "Feature", "properties": { "source": "Added", "target": "hw=path_bicycle=designated", "length_km": 0.99503432607126319, "osm_id": 1457199072, "osm_version": 1, "valid_from": "2025-12-09T18:06:03Z", "feature_id": "1457199072_1" }, "geometry": { "type": "Point", "coordinates": [ 14.381856787861553, 51.549066558592145 ] } },
{ "type": "Feature", "properties": { "source": "Added", "target": "hw=path_bicycle=designated", "length_km": 0.70129042963547883, "osm_id": 1457199073, "osm_version": 1, "valid_from": "2025-12-09T18:06:03Z", "feature_id": "1457199073_1" }, "geometry": { "type": "Point", "coordinates": [ 14.382644026218912, 51.541419215827496 ] } },
{ "type": "Feature", "properties": { "source": "Added", "target": "hw=footway_bicycle=yes", "length_km": 0.62497417537359379, "osm_id": 1457199074, "osm_version": 1, "valid_from": "2025-12-09T18:06:03Z", "feature_id": "1457199074_1" }, "geometry": { "type": "Point", "coordinates": [ 14.38322700858288, 51.53546506041333 ] } },
{ "type": "Feature", "properties": { "source": "Added", "target": "hw=cycleway", "length_km": 0.21566214014634053, "osm_id": 1457570508, "osm_version": 1, "valid_from": "2025-12-10T17:25:03Z", "feature_id": "1457570508_1" }, "geometry": { "type": "Point", "coordinates": [ 14.247373152320471, 51.820059304963209 ] } },
{ "type": "Feature", "properties": { "source": "Added", "target": "hw=path_bicycle=designated", "length_km": 0.060049306724501754, "osm_id": 1457570509, "osm_version": 1, "valid_from": "2025-12-10T17:25:03Z", "feature_id": "1457570509_1" }, "geometry": { "type": "Point", "coordinates": [ 14.24847248909969, 51.821005942669316 ] } },
{ "type": "Feature", "properties": { "source": "Added", "target": "hw=path_bicycle=designated", "length_km": 0.51997252058692756, "osm_id": 1457575211, "osm_version": 1, "valid_from": "2025-12-10T17:41:31Z", "feature_id": "1457575211_1" }, "geometry": { "type": "Point", "coordinates": [ 14.260964072202404, 51.828677429600276 ] } },
{ "type": "Feature", "properties": { "source": "Added", "target": "hw=footway_bicycle=yes", "length_km": 0.2293715185478796, "osm_id": 1457575212, "osm_version": 1, "valid_from": "2025-12-10T17:41:31Z", "feature_id": "1457575212_1" }, "geometry": { "type": "Point", "coordinates": [ 14.256551743245604, 51.82804832134503 ] } },
{ "type": "Feature", "properties": { "source": "Added", "target": "hw=path_bicycle=designated", "length_km": 0.69583379285596769, "osm_id": 1457576788, "osm_version": 1, "valid_from": "2025-12-10T17:51:28Z", "feature_id": "1457576788_1" }, "geometry": { "type": "Point", "coordinates": [ 14.42469649421281, 52.091605040687618 ] } },
{ "type": "Feature", "properties": { "source": "Added", "target": "hw=path_bicycle=designated", "length_km": 0.4609386789110218, "osm_id": 1457579397, "osm_version": 1, "valid_from": "2025-12-10T18:06:35Z", "feature_id": "1457579397_1" }, "geometry": { "type": "Point", "coordinates": [ 14.335356282250046, 52.402112742995236 ] } },
{ "type": "Feature", "properties": { "source": "Added", "target": "hw=path_bicycle=designated", "length_km": 0.19407989925221261, "osm_id": 1457597462, "osm_version": 1, "valid_from": "2025-12-10T19:40:33Z", "feature_id": "1457597462_1" }, "geometry": { "type": "Point", "coordinates": [ 11.665630478624811, 51.717577045294661 ] } },
{ "type": "Feature", "properties": { "source": "Added", "target": "hw=path_bicycle=designated", "length_km": 0.69799363260867819, "osm_id": 1457597463, "osm_version": 1, "valid_from": "2025-12-10T19:40:33Z", "feature_id": "1457597463_1" }, "geometry": { "type": "Point", "coordinates": [ 11.665630881752136, 51.713492635226558 ] } },
{ "type": "Feature", "properties": { "source": "Added", "target": "hw=path_bicycle=designated", "length_km": 0.61784598032143834, "osm_id": 1457698775, "osm_version": 1, "valid_from": "2025-12-11T08:19:11Z", "feature_id": "1457698775_1" }, "geometry": { "type": "Point", "coordinates": [ 10.485382350356788, 53.776153511133309 ] } },
{ "type": "Feature", "properties": { "source": "Added", "target": "hw=path_bicycle=designated", "length_km": 0.61867899825623451, "osm_id": 1457698777, "osm_version": 1, "valid_from": "2025-12-11T08:19:11Z", "feature_id": "1457698777_1" }, "geometry": { "type": "Point", "coordinates": [ 10.491704309534402, 53.778908690407199 ] } },
{ "type": "Feature", "properties": { "source": "Added", "target": "hw=path_bicycle=designated", "length_km": 0.48918829216677623, "osm_id": 1457702134, "osm_version": 1, "valid_from": "2025-12-11T08:40:50Z", "feature_id": "1457702134_1" }, "geometry": { "type": "Point", "coordinates": [ 10.617593213949201, 53.737611304303826 ] } },
{ "type": "Feature", "properties": { "source": "Added", "target": "hw=path_bicycle=designated", "length_km": 0.4670293483639904, "osm_id": 1458013751, "osm_version": 1, "valid_from": "2025-12-12T09:15:00Z", "feature_id": "1458013751_1" }, "geometry": { "type": "Point", "coordinates": [ 11.148125867200187, 53.616957108491356 ] } },
{ "type": "Feature", "properties": { "source": "Added", "target": "hw=footway_bicycle=yes", "length_km": 0.24085296030019002, "osm_id": 1458013753, "osm_version": 1, "valid_from": "2025-12-12T09:15:00Z", "feature_id": "1458013753_1" }, "geometry": { "type": "Point", "coordinates": [ 11.15087358540571, 53.619505700476331 ] } },
{ "type": "Feature", "properties": { "source": "Added", "target": "hw=path_bicycle=designated", "length_km": 0.5687018469396411, "osm_id": 1458356629, "osm_version": 1, "valid_from": "2025-12-13T20:48:46Z", "feature_id": "1458356629_1" }, "geometry": { "type": "Point", "coordinates": [ 10.334123200539047, 49.177713614077788 ] } },
{ "type": "Feature", "properties": { "source": "Added", "target": "hw=path_bicycle=designated", "length_km": 0.31863688960193681, "osm_id": 1458356630, "osm_version": 1, "valid_from": "2025-12-13T20:48:46Z", "feature_id": "1458356630_1" }, "geometry": { "type": "Point", "coordinates": [ 10.335485447808654, 49.181395631970375 ] } },
{ "type": "Feature", "properties": { "source": "Added", "target": "hw=path_bicycle=designated", "length_km": 0.57048895228618923, "osm_id": 1458358712, "osm_version": 1, "valid_from": "2025-12-13T20:58:03Z", "feature_id": "1458358712_1" }, "geometry": { "type": "Point", "coordinates": [ 10.313699597554836, 53.74139899705655 ] } },
{ "type": "Feature", "properties": { "source": "Added", "target": "hw=path_bicycle=designated", "length_km": 0.43097506994181262, "osm_id": 1458365715, "osm_version": 1, "valid_from": "2025-12-13T21:18:52Z", "feature_id": "1458365715_1" }, "geometry": { "type": "Point", "coordinates": [ 11.133173176800883, 53.417136793418287 ] } },
{ "type": "Feature", "properties": { "source": "Added", "target": "hw=track_bicycle=designated", "length_km": 0.15205231708890776, "osm_id": 1458545421, "osm_version": 1, "valid_from": "2025-12-14T19:17:12Z", "feature_id": "1458545421_1" }, "geometry": { "type": "Point", "coordinates": [ 10.604067424099362, 49.242668686752218 ] } },
{ "type": "Feature", "properties": { "source": "Added", "target": "hw=path_bicycle=designated", "length_km": 0.5968484455358698, "osm_id": 1458545423, "osm_version": 1, "valid_from": "2025-12-14T19:17:12Z", "feature_id": "1458545423_1" }, "geometry": { "type": "Point", "coordinates": [ 10.61890691229403, 49.232430597495778 ] } },
{ "type": "Feature", "properties": { "source": "Added", "target": "hw=cycleway", "length_km": 0.32115726095462427, "osm_id": 1458551931, "osm_version": 1, "valid_from": "2025-12-14T19:43:12Z", "feature_id": "1458551931_1" }, "geometry": { "type": "Point", "coordinates": [ 13.330296193787969, 50.657011917456259 ] } },
{ "type": "Feature", "properties": { "source": "Added", "target": "hw=path_bicycle=designated", "length_km": 0.057506131768391276, "osm_id": 1459088568, "osm_version": 1, "valid_from": "2025-12-16T16:25:38Z", "feature_id": "1459088568_1" }, "geometry": { "type": "Point", "coordinates": [ 12.466458489006667, 50.451136882219501 ] } },
{ "type": "Feature", "properties": { "source": "Added", "target": "hw=path_bicycle=designated", "length_km": 0.12306421454674488, "osm_id": 1459088571, "osm_version": 1, "valid_from": "2025-12-16T16:25:38Z", "feature_id": "1459088571_1" }, "geometry": { "type": "Point", "coordinates": [ 12.465752663017666, 50.451868204197083 ] } },
{ "type": "Feature", "properties": { "source": "Added", "target": "hw=path_bicycle=designated", "length_km": 0.35657842776294413, "osm_id": 1459096566, "osm_version": 1, "valid_from": "2025-12-16T17:02:08Z", "feature_id": "1459096566_1" }, "geometry": { "type": "Point", "coordinates": [ 10.423633079515376, 49.297954432328815 ] } },
{ "type": "Feature", "properties": { "source": "Added", "target": "hw=path_bicycle=designated", "length_km": 0.075899372272277554, "osm_id": 1459502336, "osm_version": 1, "valid_from": "2025-12-18T09:17:54Z", "feature_id": "1459502336_1" }, "geometry": { "type": "Point", "coordinates": [ 10.510202995175277, 49.244412165290569 ] } },
{ "type": "Feature", "properties": { "source": "Added", "target": "hw=footway_bicycle=yes", "length_km": 0.25090470325635272, "osm_id": 1459502340, "osm_version": 1, "valid_from": "2025-12-18T09:17:54Z", "feature_id": "1459502340_1" }, "geometry": { "type": "Point", "coordinates": [ 10.501951244304932, 49.235560617967863 ] } },
{ "type": "Feature", "properties": { "source": "Added", "target": "hw=footway_bicycle=yes", "length_km": 0.1645695760306547, "osm_id": 1459502341, "osm_version": 1, "valid_from": "2025-12-18T09:17:54Z", "feature_id": "1459502341_1" }, "geometry": { "type": "Point", "coordinates": [ 10.499253046606784, 49.235068650072925 ] } },
{ "type": "Feature", "properties": { "source": "Added", "target": "hw=footway_bicycle=yes", "length_km": 0.15165734104524575, "osm_id": 1459502343, "osm_version": 1, "valid_from": "2025-12-18T09:17:54Z", "feature_id": "1459502343_1" }, "geometry": { "type": "Point", "coordinates": [ 10.504498156518078, 49.236590902075562 ] } },
{ "type": "Feature", "properties": { "source": "Added", "target": "hw=path_bicycle=designated", "length_km": 0.19331444674188542, "osm_id": 1459570383, "osm_version": 1, "valid_from": "2025-12-18T14:36:58Z", "feature_id": "1459570383_1" }, "geometry": { "type": "Point", "coordinates": [ 12.252388498644009, 50.30043820143829 ] } },
{ "type": "Feature", "properties": { "source": "Added", "target": "hw=path_bicycle=designated", "length_km": 0.1332453088638306, "osm_id": 1459570384, "osm_version": 1, "valid_from": "2025-12-18T14:36:58Z", "feature_id": "1459570384_1" }, "geometry": { "type": "Point", "coordinates": [ 12.252775668246386, 50.300223547590832 ] } },
{ "type": "Feature", "properties": { "source": "Added", "target": "hw=path_bicycle=designated", "length_km": 0.65939541379665645, "osm_id": 1459570385, "osm_version": 1, "valid_from": "2025-12-18T14:36:58Z", "feature_id": "1459570385_1" }, "geometry": { "type": "Point", "coordinates": [ 12.25278841574919, 50.30542448593858 ] } },
{ "type": "Feature", "properties": { "source": "Added", "target": "hw=footway_bicycle=yes", "length_km": 0.19033305332149142, "osm_id": 1459570386, "osm_version": 1, "valid_from": "2025-12-18T14:36:58Z", "feature_id": "1459570386_1" }, "geometry": { "type": "Point", "coordinates": [ 12.252863364562707, 50.301693090705697 ] } },
{ "type": "Feature", "properties": { "source": "Added", "target": "hw=path_bicycle=designated", "length_km": 0.023570098982743509, "osm_id": 1459570389, "osm_version": 1, "valid_from": "2025-12-18T14:36:58Z", "feature_id": "1459570389_1" }, "geometry": { "type": "Point", "coordinates": [ 12.253544581543359, 50.299677896869724 ] } },
{ "type": "Feature", "properties": { "source": "Added", "target": "hw=path_bicycle=designated", "length_km": 0.010689223552029619, "osm_id": 1459570390, "osm_version": 1, "valid_from": "2025-12-18T14:36:58Z", "feature_id": "1459570390_1" }, "geometry": { "type": "Point", "coordinates": [ 12.2533443, 50.2997575 ] } },
{ "type": "Feature", "properties": { "source": "Added", "target": "hw=path_bicycle=designated", "length_km": 0.035749429049094825, "osm_id": 1459570391, "osm_version": 1, "valid_from": "2025-12-18T14:36:58Z", "feature_id": "1459570391_1" }, "geometry": { "type": "Point", "coordinates": [ 12.253723592813223, 50.299746792062052 ] } },
{ "type": "Feature", "properties": { "source": "Added", "target": "hw=path_bicycle=designated", "length_km": 0.010063735931582576, "osm_id": 1459570392, "osm_version": 1, "valid_from": "2025-12-18T14:36:58Z", "feature_id": "1459570392_1" }, "geometry": { "type": "Point", "coordinates": [ 12.25344305, 50.29984745 ] } },
{ "type": "Feature", "properties": { "source": "Added", "target": "hw=path_bicycle=designated", "length_km": 0.61809780533734859, "osm_id": 1459635242, "osm_version": 1, "valid_from": "2025-12-18T18:55:13Z", "feature_id": "1459635242_1" }, "geometry": { "type": "Point", "coordinates": [ 9.190795943127712, 49.972589990434663 ] } },
{ "type": "Feature", "properties": { "source": "Added", "target": "hw=path_bicycle=designated", "length_km": 0.12566213394810233, "osm_id": 1459635924, "osm_version": 1, "valid_from": "2025-12-18T18:58:35Z", "feature_id": "1459635924_1" }, "geometry": { "type": "Point", "coordinates": [ 9.229980572598851, 49.985129113774867 ] } },
{ "type": "Feature", "properties": { "source": "Added", "target": "hw=cycleway", "length_km": 0.12095098546786899, "osm_id": 1459637533, "osm_version": 1, "valid_from": "2025-12-18T19:05:47Z", "feature_id": "1459637533_1" }, "geometry": { "type": "Point", "coordinates": [ 9.236449966866761, 49.998523648519729 ] } },
{ "type": "Feature", "properties": { "source": "Added", "target": "hw=path_bicycle=designated", "length_km": 0.01476986395156878, "osm_id": 1459637534, "osm_version": 1, "valid_from": "2025-12-18T19:05:47Z", "feature_id": "1459637534_1" }, "geometry": { "type": "Point", "coordinates": [ 9.237217435145135, 49.998415211094482 ] } },
{ "type": "Feature", "properties": { "source": "Added", "target": "hw=path_bicycle=designated", "length_km": 0.24591038012424143, "osm_id": 1459645106, "osm_version": 1, "valid_from": "2025-12-18T19:47:58Z", "feature_id": "1459645106_1" }, "geometry": { "type": "Point", "coordinates": [ 6.200377504082705, 51.323862588801852 ] } },
{ "type": "Feature", "properties": { "source": "Added", "target": "hw=path_bicycle=designated", "length_km": 0.061062368946362175, "osm_id": 1459645108, "osm_version": 1, "valid_from": "2025-12-18T19:47:58Z", "feature_id": "1459645108_1" }, "geometry": { "type": "Point", "coordinates": [ 6.202140262951507, 51.324974623208682 ] } },
{ "type": "Feature", "properties": { "source": "Added", "target": "hw=path_bicycle=designated", "length_km": 0.18907422071142746, "osm_id": 1459872851, "osm_version": 1, "valid_from": "2025-12-19T17:06:57Z", "feature_id": "1459872851_1" }, "geometry": { "type": "Point", "coordinates": [ 6.297318217593117, 51.220045949927304 ] } },
{ "type": "Feature", "properties": { "source": "Added", "target": "hw=path_bicycle=designated", "length_km": 0.11959627732643864, "osm_id": 1459872852, "osm_version": 1, "valid_from": "2025-12-19T17:06:57Z", "feature_id": "1459872852_1" }, "geometry": { "type": "Point", "coordinates": [ 6.298232607832019, 51.21887368914696 ] } },
{ "type": "Feature", "properties": { "source": "Added", "target": "hw=path_bicycle=designated", "length_km": 0.12042821550363926, "osm_id": 1459872853, "osm_version": 1, "valid_from": "2025-12-19T17:06:57Z", "feature_id": "1459872853_1" }, "geometry": { "type": "Point", "coordinates": [ 6.298712903108717, 51.219481347708445 ] } },
{ "type": "Feature", "properties": { "source": "Added", "target": "hw=path_bicycle=designated", "length_km": 0.55735760974625803, "osm_id": 1460004439, "osm_version": 1, "valid_from": "2025-12-20T08:09:47Z", "feature_id": "1460004439_1" }, "geometry": { "type": "Point", "coordinates": [ 6.239506149665727, 51.296722838631744 ] } },
{ "type": "Feature", "properties": { "source": "Added", "target": "hw=path_bicycle=designated", "length_km": 0.48208972638734654, "osm_id": 1460005692, "osm_version": 1, "valid_from": "2025-12-20T08:21:28Z", "feature_id": "1460005692_1" }, "geometry": { "type": "Point", "coordinates": [ 6.196608027760831, 51.258909713208034 ] } },
{ "type": "Feature", "properties": { "source": "Added", "target": "hw=path_bicycle=designated", "length_km": 0.36536081061043529, "osm_id": 1460007858, "osm_version": 1, "valid_from": "2025-12-20T08:34:01Z", "feature_id": "1460007858_1" }, "geometry": { "type": "Point", "coordinates": [ 10.451499436592297, 49.296606163490772 ] } },
{ "type": "Feature", "properties": { "source": "Added", "target": "hw=path_bicycle=designated", "length_km": 0.64112092141657062, "osm_id": 1460022374, "osm_version": 1, "valid_from": "2025-12-20T10:33:02Z", "feature_id": "1460022374_1" }, "geometry": { "type": "Point", "coordinates": [ 12.426437721204801, 50.98892150782607 ] } },
{ "type": "Feature", "properties": { "source": "Added", "target": "hw=cycleway", "length_km": 0.022176659308496924, "osm_id": 1460022376, "osm_version": 1, "valid_from": "2025-12-20T10:33:02Z", "feature_id": "1460022376_1" }, "geometry": { "type": "Point", "coordinates": [ 12.426754174774993, 50.985960005488153 ] } },
{ "type": "Feature", "properties": { "source": "Added", "target": "hw=path_bicycle=designated", "length_km": 0.046362440071435883, "osm_id": 1460022377, "osm_version": 1, "valid_from": "2025-12-20T10:33:02Z", "feature_id": "1460022377_1" }, "geometry": { "type": "Point", "coordinates": [ 12.42731214826637, 50.986086043980457 ] } },
{ "type": "Feature", "properties": { "source": "Added", "target": "hw=path_bicycle=designated", "length_km": 0.27199315574534649, "osm_id": 1460022378, "osm_version": 1, "valid_from": "2025-12-20T10:33:02Z", "feature_id": "1460022378_1" }, "geometry": { "type": "Point", "coordinates": [ 12.422752095983057, 50.991957215254253 ] } },
{ "type": "Feature", "properties": { "source": "Added", "target": "hw=path_bicycle=designated", "length_km": 0.080828776889723356, "osm_id": 1460022379, "osm_version": 1, "valid_from": "2025-12-20T10:33:02Z", "feature_id": "1460022379_1" }, "geometry": { "type": "Point", "coordinates": [ 12.421016281874561, 50.993096672582375 ] } },
{ "type": "Feature", "properties": { "source": "Added", "target": "hw=path_bicycle=designated", "length_km": 0.051832254989217744, "osm_id": 1460022380, "osm_version": 1, "valid_from": "2025-12-20T10:33:02Z", "feature_id": "1460022380_1" }, "geometry": { "type": "Point", "coordinates": [ 12.421367325659745, 50.993122376054096 ] } },
{ "type": "Feature", "properties": { "source": "Added", "target": "hw=path_bicycle=designated", "length_km": 0.077238693623612395, "osm_id": 1460022381, "osm_version": 1, "valid_from": "2025-12-20T10:33:02Z", "feature_id": "1460022381_1" }, "geometry": { "type": "Point", "coordinates": [ 12.420703473565062, 50.993570490236614 ] } },
{ "type": "Feature", "properties": { "source": "Added", "target": "hw=path_bicycle=designated", "length_km": 0.074581831758449221, "osm_id": 1460022382, "osm_version": 1, "valid_from": "2025-12-20T10:33:02Z", "feature_id": "1460022382_1" }, "geometry": { "type": "Point", "coordinates": [ 12.420256684520446, 50.993604488205051 ] } },
{ "type": "Feature", "properties": { "source": "Added", "target": "hw=path_bicycle=designated", "length_km": 0.014273253414965699, "osm_id": 1460022383, "osm_version": 1, "valid_from": "2025-12-20T10:33:02Z", "feature_id": "1460022383_1" }, "geometry": { "type": "Point", "coordinates": [ 12.42017741231399, 50.993946612870992 ] } },
{ "type": "Feature", "properties": { "source": "Added", "target": "hw=footway_bicycle=yes", "length_km": 0.017999724387749178, "osm_id": 1460025894, "osm_version": 1, "valid_from": "2025-12-20T10:43:31Z", "feature_id": "1460025894_1" }, "geometry": { "type": "Point", "coordinates": [ 12.409427848588395, 50.998436053278084 ] } },
{ "type": "Feature", "properties": { "source": "Added", "target": "hw=path_bicycle=designated", "length_km": 0.73619027738250231, "osm_id": 1460212378, "osm_version": 1, "valid_from": "2025-12-21T10:06:07Z", "feature_id": "1460212378_1" }, "geometry": { "type": "Point", "coordinates": [ 7.315296803838254, 51.219484705017244 ] } },
{ "type": "Feature", "properties": { "source": "Added", "target": "hw=path_bicycle=designated", "length_km": 0.22941089403024789, "osm_id": 1460212379, "osm_version": 1, "valid_from": "2025-12-21T10:06:07Z", "feature_id": "1460212379_1" }, "geometry": { "type": "Point", "coordinates": [ 7.310526692557535, 51.221637826360109 ] } },
{ "type": "Feature", "properties": { "source": "Added", "target": "hw=path_bicycle=designated", "length_km": 1.0865112189886046, "osm_id": 1460212380, "osm_version": 1, "valid_from": "2025-12-21T10:06:07Z", "feature_id": "1460212380_1" }, "geometry": { "type": "Point", "coordinates": [ 7.304985331054529, 51.220397115532556 ] } },
{ "type": "Feature", "properties": { "source": "Added", "target": "hw=path_bicycle=designated", "length_km": 0.53859174123546916, "osm_id": 1460760596, "osm_version": 1, "valid_from": "2025-12-23T13:50:55Z", "feature_id": "1460760596_1" }, "geometry": { "type": "Point", "coordinates": [ 6.544337259055498, 51.544076081193147 ] } },
{ "type": "Feature", "properties": { "source": "Added", "target": "hw=path_bicycle=designated", "length_km": 0.12205767364575518, "osm_id": 1460760597, "osm_version": 1, "valid_from": "2025-12-23T13:50:55Z", "feature_id": "1460760597_1" }, "geometry": { "type": "Point", "coordinates": [ 6.543259620378332, 51.541520492395421 ] } },
{ "type": "Feature", "properties": { "source": "Added", "target": "hw=path_bicycle=designated", "length_km": 0.22083270540839803, "osm_id": 1460763861, "osm_version": 1, "valid_from": "2025-12-23T14:05:23Z", "feature_id": "1460763861_1" }, "geometry": { "type": "Point", "coordinates": [ 14.703527487140985, 51.615802097991036 ] } },
{ "type": "Feature", "properties": { "source": "Added", "target": "hw=path_bicycle=designated", "length_km": 0.13622502984021317, "osm_id": 1460763862, "osm_version": 1, "valid_from": "2025-12-23T14:05:23Z", "feature_id": "1460763862_1" }, "geometry": { "type": "Point", "coordinates": [ 14.705856996134466, 51.615442870306538 ] } },
{ "type": "Feature", "properties": { "source": "Added", "target": "hw=path_bicycle=designated", "length_km": 0.098460466152741663, "osm_id": 1460949689, "osm_version": 1, "valid_from": "2025-12-24T07:50:51Z", "feature_id": "1460949689_1" }, "geometry": { "type": "Point", "coordinates": [ 14.230578661232256, 51.524339308249054 ] } },
{ "type": "Feature", "properties": { "source": "Added", "target": "hw=path_bicycle=designated", "length_km": 0.46324815016869975, "osm_id": 1460949990, "osm_version": 1, "valid_from": "2025-12-24T07:56:09Z", "feature_id": "1460949990_1" }, "geometry": { "type": "Point", "coordinates": [ 6.547842923587083, 51.53339805692999 ] } },
{ "type": "Feature", "properties": { "source": "Added", "target": "hw=path_bicycle=designated", "length_km": 0.053920324281189952, "osm_id": 1462523109, "osm_version": 1, "valid_from": "2025-12-29T09:34:31Z", "feature_id": "1462523109_1" }, "geometry": { "type": "Point", "coordinates": [ 14.515890713028138, 51.493481275361049 ] } },
{ "type": "Feature", "properties": { "source": "Added", "target": "hw=path_bicycle=designated", "length_km": 0.023805704472815967, "osm_id": 1462527894, "osm_version": 1, "valid_from": "2025-12-29T09:57:48Z", "feature_id": "1462527894_1" }, "geometry": { "type": "Point", "coordinates": [ 12.666333282684501, 51.471799344444165 ] } },
{ "type": "Feature", "properties": { "source": "Added", "target": "cw=track", "length_km": 0.1560887874946196, "osm_id": 1462527895, "osm_version": 1, "valid_from": "2025-12-29T09:57:48Z", "feature_id": "1462527895_1" }, "geometry": { "type": "Point", "coordinates": [ 12.653919102499259, 51.466315865240965 ] } },
{ "type": "Feature", "properties": { "source": "Added", "target": "hw=path_bicycle=designated", "length_km": 0.17357831838940765, "osm_id": 1462531623, "osm_version": 1, "valid_from": "2025-12-29T10:20:30Z", "feature_id": "1462531623_1" }, "geometry": { "type": "Point", "coordinates": [ 12.617008326837805, 51.457262224445024 ] } },
{ "type": "Feature", "properties": { "source": "Added", "target": "hw=footway_bicycle=yes", "length_km": 0.10813623670212762, "osm_id": 1462531624, "osm_version": 1, "valid_from": "2025-12-29T10:20:30Z", "feature_id": "1462531624_1" }, "geometry": { "type": "Point", "coordinates": [ 12.615169511154159, 51.457148607592707 ] } },
{ "type": "Feature", "properties": { "source": "Added", "target": "hw=path_bicycle=designated", "length_km": 1.2763347301178132, "osm_id": 1462546917, "osm_version": 1, "valid_from": "2025-12-29T11:25:48Z", "feature_id": "1462546917_1" }, "geometry": { "type": "Point", "coordinates": [ 6.532045633672845, 51.548142741499561 ] } },
{ "type": "Feature", "properties": { "source": "Added", "target": "hw=path_bicycle=designated", "length_km": 0.52922382130747014, "osm_id": 1462551271, "osm_version": 1, "valid_from": "2025-12-29T11:46:58Z", "feature_id": "1462551271_1" }, "geometry": { "type": "Point", "coordinates": [ 6.514882948122541, 51.60564903484989 ] } },
{ "type": "Feature", "properties": { "source": "Added", "target": "hw=path_bicycle=designated", "length_km": 0.44308926805646642, "osm_id": 1462557470, "osm_version": 1, "valid_from": "2025-12-29T12:16:22Z", "feature_id": "1462557470_1" }, "geometry": { "type": "Point", "coordinates": [ 6.471550187669296, 51.480386269410488 ] } },
{ "type": "Feature", "properties": { "source": "Added", "target": "hw=path_bicycle=designated", "length_km": 0.63832400831986202, "osm_id": 1462583284, "osm_version": 1, "valid_from": "2025-12-29T14:28:03Z", "feature_id": "1462583284_1" }, "geometry": { "type": "Point", "coordinates": [ 6.76984270285337, 51.560503462075793 ] } },
{ "type": "Feature", "properties": { "source": "Added", "target": "hw=path_bicycle=designated", "length_km": 0.25631487799178038, "osm_id": 1462583285, "osm_version": 1, "valid_from": "2025-12-29T14:28:03Z", "feature_id": "1462583285_1" }, "geometry": { "type": "Point", "coordinates": [ 6.766277756038368, 51.563776667889684 ] } },
{ "type": "Feature", "properties": { "source": "Added", "target": "hw=path_bicycle=designated", "length_km": 0.88150386541596804, "osm_id": 1462583286, "osm_version": 1, "valid_from": "2025-12-29T14:28:03Z", "feature_id": "1462583286_1" }, "geometry": { "type": "Point", "coordinates": [ 6.768911321104498, 51.561780870558266 ] } },
{ "type": "Feature", "properties": { "source": "Added", "target": "hw=path_bicycle=designated", "length_km": 0.12167168686420092, "osm_id": 1462583288, "osm_version": 1, "valid_from": "2025-12-29T14:28:03Z", "feature_id": "1462583288_1" }, "geometry": { "type": "Point", "coordinates": [ 6.763415679061747, 51.564014154916656 ] } },
{ "type": "Feature", "properties": { "source": "Added", "target": "hw=path_bicycle=designated", "length_km": 0.02258576207829183, "osm_id": 1462583289, "osm_version": 1, "valid_from": "2025-12-29T14:28:03Z", "feature_id": "1462583289_1" }, "geometry": { "type": "Point", "coordinates": [ 6.76442665, 51.5640128 ] } },
{ "type": "Feature", "properties": { "source": "Added", "target": "hw=path_bicycle=designated", "length_km": 0.10718816552208228, "osm_id": 1462583292, "osm_version": 1, "valid_from": "2025-12-29T14:28:03Z", "feature_id": "1462583292_1" }, "geometry": { "type": "Point", "coordinates": [ 6.763490498286095, 51.563842428205447 ] } },
{ "type": "Feature", "properties": { "source": "Added", "target": "hw=path_bicycle=designated", "length_km": 0.02444207545594447, "osm_id": 1462583293, "osm_version": 1, "valid_from": "2025-12-29T14:28:03Z", "feature_id": "1462583293_1" }, "geometry": { "type": "Point", "coordinates": [ 6.76442795, 51.5638548 ] } },
{ "type": "Feature", "properties": { "source": "Added", "target": "hw=path_bicycle=designated", "length_km": 0.53756052745546989, "osm_id": 1462583295, "osm_version": 1, "valid_from": "2025-12-29T14:28:03Z", "feature_id": "1462583295_1" }, "geometry": { "type": "Point", "coordinates": [ 6.774847595042225, 51.556423492630884 ] } },
{ "type": "Feature", "properties": { "source": "Added", "target": "hw=path_bicycle=designated", "length_km": 0.3041081777675918, "osm_id": 1462586348, "osm_version": 1, "valid_from": "2025-12-29T14:40:41Z", "feature_id": "1462586348_1" }, "geometry": { "type": "Point", "coordinates": [ 6.778521801591823, 51.553423236889465 ] } },
{ "type": "Feature", "properties": { "source": "Added", "target": "hw=path_bicycle=designated", "length_km": 0.30891821473161779, "osm_id": 1462586349, "osm_version": 1, "valid_from": "2025-12-29T14:40:41Z", "feature_id": "1462586349_1" }, "geometry": { "type": "Point", "coordinates": [ 6.778716277450314, 51.553458551188399 ] } },
{ "type": "Feature", "properties": { "source": "Added", "target": "hw=path_bicycle=designated", "length_km": 0.018119099991587506, "osm_id": 1462586350, "osm_version": 1, "valid_from": "2025-12-29T14:40:41Z", "feature_id": "1462586350_1" }, "geometry": { "type": "Point", "coordinates": [ 6.777215008971828, 51.554687830926447 ] } },
{ "type": "Feature", "properties": { "source": "Added", "target": "hw=path_bicycle=designated", "length_km": 0.017987407473616813, "osm_id": 1462586351, "osm_version": 1, "valid_from": "2025-12-29T14:40:41Z", "feature_id": "1462586351_1" }, "geometry": { "type": "Point", "coordinates": [ 6.777542806356622, 51.554412894406717 ] } },
{ "type": "Feature", "properties": { "source": "Added", "target": "hw=path_bicycle=designated", "length_km": 1.1610228899883301, "osm_id": 1462594143, "osm_version": 1, "valid_from": "2025-12-29T15:18:48Z", "feature_id": "1462594143_1" }, "geometry": { "type": "Point", "coordinates": [ 6.919887120274113, 51.566759066254967 ] } },
{ "type": "Feature", "properties": { "source": "Added", "target": "hw=footway_bicycle=yes", "length_km": 0.28527398721037989, "osm_id": 1462594147, "osm_version": 1, "valid_from": "2025-12-29T15:18:48Z", "feature_id": "1462594147_1" }, "geometry": { "type": "Point", "coordinates": [ 6.932411542419721, 51.564169688418374 ] } },
{ "type": "Feature", "properties": { "source": "Added", "target": "hw=footway_bicycle=yes", "length_km": 0.39692680723036494, "osm_id": 1462594148, "osm_version": 1, "valid_from": "2025-12-29T15:18:48Z", "feature_id": "1462594148_1" }, "geometry": { "type": "Point", "coordinates": [ 6.935637611419749, 51.565188570068457 ] } },
{ "type": "Feature", "properties": { "source": "Added", "target": "hw=footway_bicycle=yes", "length_km": 0.25864911370602378, "osm_id": 1462594149, "osm_version": 1, "valid_from": "2025-12-29T15:18:48Z", "feature_id": "1462594149_1" }, "geometry": { "type": "Point", "coordinates": [ 6.932603756571562, 51.563965371766358 ] } },
{ "type": "Feature", "properties": { "source": "Added", "target": "hw=path_bicycle=designated", "length_km": 0.057546226349119371, "osm_id": 1462594150, "osm_version": 1, "valid_from": "2025-12-29T15:18:48Z", "feature_id": "1462594150_1" }, "geometry": { "type": "Point", "coordinates": [ 6.930548517176199, 51.564562696393928 ] } },
{ "type": "Feature", "properties": { "source": "Added", "target": "hw=path_bicycle=designated", "length_km": 0.39255559732339473, "osm_id": 1462615226, "osm_version": 1, "valid_from": "2025-12-29T16:52:57Z", "feature_id": "1462615226_1" }, "geometry": { "type": "Point", "coordinates": [ 6.795076015269918, 51.559335909948771 ] } },
{ "type": "Feature", "properties": { "source": "Added", "target": "hw=path_bicycle=designated", "length_km": 0.32086714396680749, "osm_id": 1462615227, "osm_version": 1, "valid_from": "2025-12-29T16:52:57Z", "feature_id": "1462615227_1" }, "geometry": { "type": "Point", "coordinates": [ 6.791273158712182, 51.561201487898529 ] } },
{ "type": "Feature", "properties": { "source": "Added", "target": "hw=path_bicycle=designated", "length_km": 0.31198203117917789, "osm_id": 1462615228, "osm_version": 1, "valid_from": "2025-12-29T16:52:57Z", "feature_id": "1462615228_1" }, "geometry": { "type": "Point", "coordinates": [ 6.791229594202854, 51.561082007029135 ] } },
{ "type": "Feature", "properties": { "source": "Added", "target": "hw=path_bicycle=designated", "length_km": 0.35967666362474382, "osm_id": 1462615229, "osm_version": 1, "valid_from": "2025-12-29T16:52:57Z", "feature_id": "1462615229_1" }, "geometry": { "type": "Point", "coordinates": [ 6.795104738080603, 51.559566454447243 ] } },
{ "type": "Feature", "properties": { "source": "Added", "target": "hw=path_bicycle=designated", "length_km": 0.10308331657279599, "osm_id": 1462615230, "osm_version": 1, "valid_from": "2025-12-29T16:52:57Z", "feature_id": "1462615230_1" }, "geometry": { "type": "Point", "coordinates": [ 6.796631353094668, 51.55761032574646 ] } },
{ "type": "Feature", "properties": { "source": "Added", "target": "hw=path_bicycle=designated", "length_km": 1.1210482800702342, "osm_id": 1462619900, "osm_version": 1, "valid_from": "2025-12-29T17:13:04Z", "feature_id": "1462619900_1" }, "geometry": { "type": "Point", "coordinates": [ 7.018573183365832, 51.280038376764402 ] } },
{ "type": "Feature", "properties": { "source": "Added", "target": "hw=path_bicycle=designated", "length_km": 0.043792421372611995, "osm_id": 1462621450, "osm_version": 1, "valid_from": "2025-12-29T17:19:38Z", "feature_id": "1462621450_1" }, "geometry": { "type": "Point", "coordinates": [ 10.070065574238157, 48.931140226887678 ] } },
{ "type": "Feature", "properties": { "source": "Added", "target": "cw=lane", "length_km": 0.072977498900539242, "osm_id": 1462623343, "osm_version": 1, "valid_from": "2025-12-29T17:25:11Z", "feature_id": "1462623343_1" }, "geometry": { "type": "Point", "coordinates": [ 7.10678817363965, 51.161357328690833 ] } },
{ "type": "Feature", "properties": { "source": "Added", "target": "hw=footway_bicycle=yes", "length_km": 0.11114100283888802, "osm_id": 1462942169, "osm_version": 1, "valid_from": "2025-12-30T20:48:41Z", "feature_id": "1462942169_1" }, "geometry": { "type": "Point", "coordinates": [ 7.138617370069125, 50.966607341283741 ] } },
{ "type": "Feature", "properties": { "source": "Added", "target": "hw=path_bicycle=designated", "length_km": 0.1851565765499224, "osm_id": 1462944381, "osm_version": 1, "valid_from": "2025-12-30T20:58:30Z", "feature_id": "1462944381_1" }, "geometry": { "type": "Point", "coordinates": [ 6.695779128660711, 50.881148585258956 ] } },
{ "type": "Feature", "properties": { "source": "Added", "target": "hw=path_bicycle=designated", "length_km": 0.36956010088816738, "osm_id": 1463075113, "osm_version": 1, "valid_from": "2025-12-31T10:35:15Z", "feature_id": "1463075113_1" }, "geometry": { "type": "Point", "coordinates": [ 6.707977629168536, 49.906726132601996 ] } },
{ "type": "Feature", "properties": { "source": "Added", "target": "hw=cycleway", "length_km": 0.013732677986806264, "osm_id": 1463075114, "osm_version": 1, "valid_from": "2025-12-31T10:35:15Z", "feature_id": "1463075114_1" }, "geometry": { "type": "Point", "coordinates": [ 6.70748745, 49.90822505 ] } },
{ "type": "Feature", "properties": { "source": "Added", "target": "hw=path_bicycle=designated", "length_km": 0.17411426702184687, "osm_id": 1463079039, "osm_version": 1, "valid_from": "2025-12-31T11:01:42Z", "feature_id": "1463079039_1" }, "geometry": { "type": "Point", "coordinates": [ 6.653094408894296, 49.935901149775844 ] } },
{ "type": "Feature", "properties": { "source": "Added", "target": "hw=path_bicycle=designated", "length_km": 0.35496254292799906, "osm_id": 1463084788, "osm_version": 1, "valid_from": "2025-12-31T11:40:47Z", "feature_id": "1463084788_1" }, "geometry": { "type": "Point", "coordinates": [ 6.619998563420133, 49.493520084447923 ] } },
{ "type": "Feature", "properties": { "source": "Added", "target": "hw=path_bicycle=designated", "length_km": 0.40564263840108961, "osm_id": 1463084790, "osm_version": 1, "valid_from": "2025-12-31T11:40:47Z", "feature_id": "1463084790_1" }, "geometry": { "type": "Point", "coordinates": [ 6.62075052607565, 49.493511704580122 ] } },
{ "type": "Feature", "properties": { "source": "Added", "target": "hw=cycleway", "length_km": 0.27674009607748373, "osm_id": 1463184941, "osm_version": 1, "valid_from": "2025-12-31T16:10:33Z", "feature_id": "1463184941_1" }, "geometry": { "type": "Point", "coordinates": [ 7.684050404512356, 49.442683338737993 ] } },
{ "type": "Feature", "properties": { "source": "Added", "target": "hw=cycleway", "length_km": 0.0087299112228445743, "osm_id": 1463184942, "osm_version": 1, "valid_from": "2025-12-31T16:10:33Z", "feature_id": "1463184942_1" }, "geometry": { "type": "Point", "coordinates": [ 7.68223245, 49.44292405 ] } },
{ "type": "Feature", "properties": { "source": "Added", "target": "hw=path_bicycle=designated", "length_km": 0.022657050781701236, "osm_id": 1463188636, "osm_version": 1, "valid_from": "2025-12-31T16:29:46Z", "feature_id": "1463188636_1" }, "geometry": { "type": "Point", "coordinates": [ 8.142369750545875, 49.306480829664899 ] } },
{ "type": "Feature", "properties": { "source": "Added", "target": "hw=path_bicycle=designated", "length_km": 0.0087707380184956878, "osm_id": 1463188637, "osm_version": 1, "valid_from": "2025-12-31T16:29:46Z", "feature_id": "1463188637_1" }, "geometry": { "type": "Point", "coordinates": [ 8.142234451421301, 49.306421305084605 ] } },
{ "type": "Feature", "properties": { "source": "Added", "target": "hw=path_bicycle=designated", "length_km": 0.022966688469011634, "osm_id": 1463188638, "osm_version": 1, "valid_from": "2025-12-31T16:29:46Z", "feature_id": "1463188638_1" }, "geometry": { "type": "Point", "coordinates": [ 8.142621570542238, 49.30606421744973 ] } },
{ "type": "Feature", "properties": { "source": "Added", "target": "hw=path_bicycle=designated", "length_km": 0.081096207670739301, "osm_id": 1463192189, "osm_version": 1, "valid_from": "2025-12-31T16:46:21Z", "feature_id": "1463192189_1" }, "geometry": { "type": "Point", "coordinates": [ 6.268638420076218, 51.303027219001663 ] } },
{ "type": "Feature", "properties": { "source": "Added", "target": "hw=path_bicycle=designated", "length_km": 0.084570049443112319, "osm_id": 1463192190, "osm_version": 1, "valid_from": "2025-12-31T16:46:21Z", "feature_id": "1463192190_1" }, "geometry": { "type": "Point", "coordinates": [ 6.268518627638961, 51.302985958175761 ] } },
{ "type": "Feature", "properties": { "source": "Added", "target": "hw=path_bicycle=designated", "length_km": 0.15117597457145593, "osm_id": 1463198710, "osm_version": 1, "valid_from": "2025-12-31T17:09:32Z", "feature_id": "1463198710_1" }, "geometry": { "type": "Point", "coordinates": [ 14.643007968869995, 51.50292749022227 ] } },
{ "type": "Feature", "properties": { "source": "Added", "target": "hw=path_bicycle=designated", "length_km": 1.5056952531151346, "osm_id": 1463225458, "osm_version": 1, "valid_from": "2025-12-31T19:35:57Z", "feature_id": "1463225458_1" }, "geometry": { "type": "Point", "coordinates": [ 10.467034186355612, 54.079512158005663 ] } },
{ "type": "Feature", "properties": { "source": "Added", "target": "hw=path_bicycle=designated", "length_km": 1.0118751830712711, "osm_id": 1463228008, "osm_version": 1, "valid_from": "2025-12-31T19:50:14Z", "feature_id": "1463228008_1" }, "geometry": { "type": "Point", "coordinates": [ 10.397528505769989, 54.039365937278276 ] } },
{ "type": "Feature", "properties": { "source": "Added", "target": "hw=path_bicycle=designated", "length_km": 0.32244928924887967, "osm_id": 1463230243, "osm_version": 1, "valid_from": "2025-12-31T20:03:34Z", "feature_id": "1463230243_1" }, "geometry": { "type": "Point", "coordinates": [ 6.17884545467818, 51.323455309834124 ] } },
{ "type": "Feature", "properties": { "source": "Added", "target": "hw=path_bicycle=designated", "length_km": 0.042072994744920315, "osm_id": 1463398233, "osm_version": 1, "valid_from": "2026-01-01T08:33:51Z", "feature_id": "1463398233_1" }, "geometry": { "type": "Point", "coordinates": [ 12.723573741092784, 51.246204490727528 ] } },
{ "type": "Feature", "properties": { "source": "Added", "target": "hw=path_bicycle=designated", "length_km": 0.36497251376801154, "osm_id": 1463401519, "osm_version": 1, "valid_from": "2026-01-01T09:22:18Z", "feature_id": "1463401519_1" }, "geometry": { "type": "Point", "coordinates": [ 8.892281456766217, 49.24251340151941 ] } },
{ "type": "Feature", "properties": { "source": "Added", "target": "hw=path_bicycle=designated", "length_km": 0.34016237235065899, "osm_id": 1463401520, "osm_version": 1, "valid_from": "2026-01-01T09:22:18Z", "feature_id": "1463401520_1" }, "geometry": { "type": "Point", "coordinates": [ 8.896602147754598, 49.240905106929404 ] } },
{ "type": "Feature", "properties": { "source": "Added", "target": "hw=path_bicycle=designated", "length_km": 0.011001797691572975, "osm_id": 1463401521, "osm_version": 1, "valid_from": "2026-01-01T09:22:18Z", "feature_id": "1463401521_1" }, "geometry": { "type": "Point", "coordinates": [ 8.8946102, 49.2417863 ] } },
{ "type": "Feature", "properties": { "source": "Added", "target": "hw=path_bicycle=designated", "length_km": 0.36117867015902566, "osm_id": 1463401523, "osm_version": 1, "valid_from": "2026-01-01T09:22:18Z", "feature_id": "1463401523_1" }, "geometry": { "type": "Point", "coordinates": [ 8.88774115579127, 49.24393693437807 ] } },
{ "type": "Feature", "properties": { "source": "Added", "target": "hw=footway_bicycle=yes", "length_km": 0.22769262607952523, "osm_id": 1463401524, "osm_version": 1, "valid_from": "2026-01-01T09:22:18Z", "feature_id": "1463401524_1" }, "geometry": { "type": "Point", "coordinates": [ 8.899820729933865, 49.239435090531401 ] } },
{ "type": "Feature", "properties": { "source": "Added", "target": "hw=path_bicycle=designated", "length_km": 0.22536061190207382, "osm_id": 1463429912, "osm_version": 1, "valid_from": "2026-01-01T12:52:19Z", "feature_id": "1463429912_1" }, "geometry": { "type": "Point", "coordinates": [ 10.263729226695517, 47.522131342116126 ] } },
{ "type": "Feature", "properties": { "source": "Added", "target": "hw=path_bicycle=designated", "length_km": 0.15292620491117537, "osm_id": 1463429913, "osm_version": 1, "valid_from": "2026-01-01T12:52:19Z", "feature_id": "1463429913_1" }, "geometry": { "type": "Point", "coordinates": [ 10.265335752340338, 47.520865767098364 ] } },
{ "type": "Feature", "properties": { "source": "Added", "target": "hw=path_bicycle=designated", "length_km": 0.19003965363537573, "osm_id": 1463429915, "osm_version": 1, "valid_from": "2026-01-01T12:52:19Z", "feature_id": "1463429915_1" }, "geometry": { "type": "Point", "coordinates": [ 10.26207287786, 47.523639527130271 ] } },
{ "type": "Feature", "properties": { "source": "Added", "target": "hw=path_bicycle=designated", "length_km": 0.18398583036194902, "osm_id": 1463435270, "osm_version": 1, "valid_from": "2026-01-01T13:03:33Z", "feature_id": "1463435270_1" }, "geometry": { "type": "Point", "coordinates": [ 10.084561960700993, 47.650278447474577 ] } },
{ "type": "Feature", "properties": { "source": "Added", "target": "hw=path_bicycle=designated", "length_km": 0.61950493386495997, "osm_id": 1463459953, "osm_version": 1, "valid_from": "2026-01-01T15:53:40Z", "feature_id": "1463459953_1" }, "geometry": { "type": "Point", "coordinates": [ 14.503751223160529, 52.361923749467124 ] } },
{ "type": "Feature", "properties": { "source": "Added", "target": "hw=path_bicycle=designated", "length_km": 0.45409945586096218, "osm_id": 1463461342, "osm_version": 1, "valid_from": "2026-01-01T16:01:00Z", "feature_id": "1463461342_1" }, "geometry": { "type": "Point", "coordinates": [ 7.045713494224289, 51.284519203296135 ] } },
{ "type": "Feature", "properties": { "source": "Added", "target": "hw=path_bicycle=designated", "length_km": 0.43797124939765808, "osm_id": 1463466838, "osm_version": 1, "valid_from": "2026-01-01T16:30:04Z", "feature_id": "1463466838_1" }, "geometry": { "type": "Point", "coordinates": [ 7.058879022926146, 51.288262755811594 ] } },
{ "type": "Feature", "properties": { "source": "Added", "target": "hw=path_bicycle=designated", "length_km": 0.02079211257501834, "osm_id": 1463466840, "osm_version": 1, "valid_from": "2026-01-01T16:30:04Z", "feature_id": "1463466840_1" }, "geometry": { "type": "Point", "coordinates": [ 7.055791844646533, 51.287480647318198 ] } },
{ "type": "Feature", "properties": { "source": "Added", "target": "hw=path_bicycle=designated", "length_km": 0.014019050547854274, "osm_id": 1463466844, "osm_version": 1, "valid_from": "2026-01-01T16:30:04Z", "feature_id": "1463466844_1" }, "geometry": { "type": "Point", "coordinates": [ 7.05581055, 51.28776125 ] } },
{ "type": "Feature", "properties": { "source": "Added", "target": "hw=path_bicycle=designated", "length_km": 0.016782147753200756, "osm_id": 1463466845, "osm_version": 1, "valid_from": "2026-01-01T16:30:04Z", "feature_id": "1463466845_1" }, "geometry": { "type": "Point", "coordinates": [ 7.055867965338816, 51.287628254477916 ] } },
{ "type": "Feature", "properties": { "source": "Added", "target": "hw=footway_bicycle=yes", "length_km": 0.18753105207339846, "osm_id": 1463466847, "osm_version": 1, "valid_from": "2026-01-01T16:30:04Z", "feature_id": "1463466847_1" }, "geometry": { "type": "Point", "coordinates": [ 7.06198063732878, 51.297538698259501 ] } },
{ "type": "Feature", "properties": { "source": "Added", "target": "hw=path_bicycle=designated", "length_km": 0.62112719565747831, "osm_id": 1463481322, "osm_version": 1, "valid_from": "2026-01-01T17:35:42Z", "feature_id": "1463481322_1" }, "geometry": { "type": "Point", "coordinates": [ 12.954507171270993, 51.778042297354901 ] } },
{ "type": "Feature", "properties": { "source": "Added", "target": "hw=path_bicycle=designated", "length_km": 0.17427969054734732, "osm_id": 1463651847, "osm_version": 1, "valid_from": "2026-01-02T09:08:16Z", "feature_id": "1463651847_1" }, "geometry": { "type": "Point", "coordinates": [ 7.061633154626973, 51.299970131232058 ] } },
{ "type": "Feature", "properties": { "source": "Added", "target": "hw=path_bicycle=designated", "length_km": 0.4952922377164049, "osm_id": 1463662895, "osm_version": 1, "valid_from": "2026-01-02T10:18:26Z", "feature_id": "1463662895_1" }, "geometry": { "type": "Point", "coordinates": [ 7.616830084235731, 49.47945092646173 ] } },
{ "type": "Feature", "properties": { "source": "Added", "target": "hw=path_bicycle=designated", "length_km": 0.31760082660296923, "osm_id": 1463873905, "osm_version": 1, "valid_from": "2026-01-03T08:09:23Z", "feature_id": "1463873905_1" }, "geometry": { "type": "Point", "coordinates": [ 8.379732752266277, 48.233225245823903 ] } },
{ "type": "Feature", "properties": { "source": "Added", "target": "hw=path_bicycle=designated", "length_km": 0.10892110516469505, "osm_id": 1463873908, "osm_version": 1, "valid_from": "2026-01-03T08:09:23Z", "feature_id": "1463873908_1" }, "geometry": { "type": "Point", "coordinates": [ 8.381184199995394, 48.231649042545165 ] } },
{ "type": "Feature", "properties": { "source": "Added", "target": "hw=path_bicycle=designated", "length_km": 2.2093993491080717, "osm_id": 1464136118, "osm_version": 1, "valid_from": "2026-01-04T14:28:25Z", "feature_id": "1464136118_1" }, "geometry": { "type": "Point", "coordinates": [ 11.498726327945727, 53.479295799434446 ] } },
{ "type": "Feature", "properties": { "source": "Added", "target": "hw=path_bicycle=designated", "length_km": 0.13167912629406653, "osm_id": 1464136119, "osm_version": 1, "valid_from": "2026-01-04T14:28:25Z", "feature_id": "1464136119_1" }, "geometry": { "type": "Point", "coordinates": [ 11.499084751622194, 53.468764340611322 ] } },
{ "type": "Feature", "properties": { "source": "Added", "target": "hw=cycleway", "length_km": 0.011022651078763943, "osm_id": 1464136120, "osm_version": 1, "valid_from": "2026-01-04T14:28:25Z", "feature_id": "1464136120_1" }, "geometry": { "type": "Point", "coordinates": [ 11.49902585, 53.46816735 ] } },
{ "type": "Feature", "properties": { "source": "Added", "target": "hw=path_bicycle=designated", "length_km": 0.25286113117941611, "osm_id": 1464136121, "osm_version": 1, "valid_from": "2026-01-04T14:28:25Z", "feature_id": "1464136121_1" }, "geometry": { "type": "Point", "coordinates": [ 11.506065387019291, 53.52093805936093 ] } },
{ "type": "Feature", "properties": { "source": "Added", "target": "hw=path_bicycle=designated", "length_km": 0.13566482556937445, "osm_id": 1466062350, "osm_version": 1, "valid_from": "2026-01-10T17:54:04Z", "feature_id": "1466062350_1" }, "geometry": { "type": "Point", "coordinates": [ 8.83637838095366, 51.451611381196997 ] } },
{ "type": "Feature", "properties": { "source": "Added", "target": "hw=path_bicycle=designated", "length_km": 0.71510838406488231, "osm_id": 1467945885, "osm_version": 1, "valid_from": "2026-01-18T09:04:51Z", "feature_id": "1467945885_1" }, "geometry": { "type": "Point", "coordinates": [ 6.970142881157978, 51.715028051405767 ] } },
{ "type": "Feature", "properties": { "source": "Added", "target": "hw=path_bicycle=designated", "length_km": 0.14441155788721041, "osm_id": 1467945886, "osm_version": 1, "valid_from": "2026-01-18T09:04:51Z", "feature_id": "1467945886_1" }, "geometry": { "type": "Point", "coordinates": [ 6.968375298651241, 51.718729917541552 ] } },
{ "type": "Feature", "properties": { "source": "Added", "target": "hw=footway_bicycle=yes", "length_km": 0.064606238050313708, "osm_id": 1467945887, "osm_version": 1, "valid_from": "2026-01-18T09:04:51Z", "feature_id": "1467945887_1" }, "geometry": { "type": "Point", "coordinates": [ 6.971356208906676, 51.711936007794364 ] } },
{ "type": "Feature", "properties": { "source": "Added", "target": "cw=lane", "length_km": 0.078657388950393967, "osm_id": 1467947065, "osm_version": 1, "valid_from": "2026-01-18T09:13:25Z", "feature_id": "1467947065_1" }, "geometry": { "type": "Point", "coordinates": [ 7.61793941407513, 51.223463154635297 ] } },
{ "type": "Feature", "properties": { "source": "Added", "target": "hw=path_bicycle=designated", "length_km": 0.38565812103730468, "osm_id": 1467980429, "osm_version": 1, "valid_from": "2026-01-18T12:35:31Z", "feature_id": "1467980429_1" }, "geometry": { "type": "Point", "coordinates": [ 6.933858812254876, 51.700403266374636 ] } },
{ "type": "Feature", "properties": { "source": "Added", "target": "hw=path_bicycle=designated", "length_km": 0.14836084237617861, "osm_id": 1467984722, "osm_version": 1, "valid_from": "2026-01-18T13:01:45Z", "feature_id": "1467984722_1" }, "geometry": { "type": "Point", "coordinates": [ 11.576921286629785, 53.381346681447901 ] } },
{ "type": "Feature", "properties": { "source": "Added", "target": "hw=path_bicycle=designated", "length_km": 0.25999754901432037, "osm_id": 1467984723, "osm_version": 1, "valid_from": "2026-01-18T13:01:45Z", "feature_id": "1467984723_1" }, "geometry": { "type": "Point", "coordinates": [ 11.574746352333559, 53.380139977902751 ] } },
{ "type": "Feature", "properties": { "source": "Added", "target": "hw=footway_bicycle=yes", "length_km": 0.06483830743028951, "osm_id": 1467984725, "osm_version": 1, "valid_from": "2026-01-18T13:01:45Z", "feature_id": "1467984725_1" }, "geometry": { "type": "Point", "coordinates": [ 11.538445278741824, 53.354296094803331 ] } },
{ "type": "Feature", "properties": { "source": "Added", "target": "hw=path_bicycle=designated", "length_km": 0.84981895816534403, "osm_id": 1467987579, "osm_version": 1, "valid_from": "2026-01-18T13:22:35Z", "feature_id": "1467987579_1" }, "geometry": { "type": "Point", "coordinates": [ 12.083622163717939, 52.921901035180753 ] } },
{ "type": "Feature", "properties": { "source": "hw=residential_other", "target": "cw=lane", "length_km": 0.046813182664263667, "osm_id": 464372607, "osm_version": 10, "valid_from": "2026-01-24T10:10:18Z", "feature_id": "464372607_10" }, "geometry": { "type": "Point", "coordinates": [ 13.388195655923354, 52.532924007977705 ] } },
{ "type": "Feature", "properties": { "source": "hw=unclassified_other", "target": "bicycle_road", "length_km": 2.1215915234071092, "osm_id": 26245529, "osm_version": 22, "valid_from": "2026-01-26T08:47:44Z", "feature_id": "26245529_22" }, "geometry": { "type": "Point", "coordinates": [ 14.421167180910251, 52.12515313104322 ] } },
{ "type": "Feature", "properties": { "source": "Added", "target": "hw=path_bicycle=designated", "length_km": 1.2117877383992954, "osm_id": 1470801449, "osm_version": 1, "valid_from": "2026-01-26T08:17:12Z", "feature_id": "1470801449_1" }, "geometry": { "type": "Point", "coordinates": [ 14.195044652432063, 52.384518744710242 ] } },
{ "type": "Feature", "properties": { "source": "Added", "target": "hw=path_bicycle=designated", "length_km": 0.46263542902918015, "osm_id": 1470806566, "osm_version": 1, "valid_from": "2026-01-26T08:47:44Z", "feature_id": "1470806566_1" }, "geometry": { "type": "Point", "coordinates": [ 14.417648207671286, 52.136714143248405 ] } },
{ "type": "Feature", "properties": { "source": "hw=footway_bicycle=yes", "target": "hw=path_bicycle=designated", "length_km": 0.14964003708767004, "osm_id": 978582731, "osm_version": 5, "valid_from": "2026-01-27T18:21:58Z", "feature_id": "978582731_5" }, "geometry": { "type": "Point", "coordinates": [ 12.036984470184898, 51.478684282453777 ] } },
{ "type": "Feature", "properties": { "source": "hw=footway_bicycle=yes", "target": "hw=path_bicycle=designated", "length_km": 0.0047030622835076332, "osm_id": 978582732, "osm_version": 2, "valid_from": "2026-01-27T18:21:58Z", "feature_id": "978582732_2" }, "geometry": { "type": "Point", "coordinates": [ 12.03604655, 51.4788497 ] } },
{ "type": "Feature", "properties": { "source": "hw=footway_other", "target": "hw=path_bicycle=designated", "length_km": 0.015088587190904343, "osm_id": 979888526, "osm_version": 4, "valid_from": "2026-01-27T18:21:58Z", "feature_id": "979888526_4" }, "geometry": { "type": "Point", "coordinates": [ 12.040413800473187, 51.477646784160839 ] } },
{ "type": "Feature", "properties": { "source": "hw=footway_other", "target": "hw=path_bicycle=designated", "length_km": 0.068124647812791997, "osm_id": 979888528, "osm_version": 3, "valid_from": "2026-01-27T18:21:58Z", "feature_id": "979888528_3" }, "geometry": { "type": "Point", "coordinates": [ 12.040929181588121, 51.477448444143135 ] } },
{ "type": "Feature", "properties": { "source": "hw=footway_other", "target": "hw=path_bicycle=designated", "length_km": 0.21342116255278595, "osm_id": 979888530, "osm_version": 4, "valid_from": "2026-01-27T18:21:58Z", "feature_id": "979888530_4" }, "geometry": { "type": "Point", "coordinates": [ 12.039355570576108, 51.478126561276653 ] } },
{ "type": "Feature", "properties": { "source": "Added", "target": "hw=path_bicycle=designated", "length_km": 0.13886703952451002, "osm_id": 1471744408, "osm_version": 1, "valid_from": "2026-01-27T17:46:57Z", "feature_id": "1471744408_1" }, "geometry": { "type": "Point", "coordinates": [ 12.195771737838472, 51.553669079714226 ] } },
{ "type": "Feature", "properties": { "source": "Added", "target": "hw=path_bicycle=designated", "length_km": 0.021658144004402281, "osm_id": 1471744411, "osm_version": 1, "valid_from": "2026-01-27T17:46:57Z", "feature_id": "1471744411_1" }, "geometry": { "type": "Point", "coordinates": [ 12.1959987, 51.55315025 ] } },
{ "type": "Feature", "properties": { "source": "Added", "target": "hw=path_bicycle=designated", "length_km": 0.22262391639720236, "osm_id": 1471755134, "osm_version": 1, "valid_from": "2026-01-27T18:21:58Z", "feature_id": "1471755134_1" }, "geometry": { "type": "Point", "coordinates": [ 12.042698448317896, 51.476744818781242 ] } },
{ "type": "Feature", "properties": { "source": "Added", "target": "hw=path_bicycle=designated", "length_km": 0.54098317779774174, "osm_id": 1471755135, "osm_version": 1, "valid_from": "2026-01-27T18:21:58Z", "feature_id": "1471755135_1" }, "geometry": { "type": "Point", "coordinates": [ 12.039728980491232, 51.477890630681351 ] } },
{ "type": "Feature", "properties": { "source": "Added", "target": "hw=path_bicycle=designated", "length_km": 0.51977015425487549, "osm_id": 1471894243, "osm_version": 1, "valid_from": "2026-01-28T08:25:20Z", "feature_id": "1471894243_1" }, "geometry": { "type": "Point", "coordinates": [ 13.087983643669192, 52.007220066439253 ] } },
{ "type": "Feature", "properties": { "source": "Added", "target": "hw=cycleway", "length_km": 0.012142806252637061, "osm_id": 1471894245, "osm_version": 1, "valid_from": "2026-01-28T08:25:20Z", "feature_id": "1471894245_1" }, "geometry": { "type": "Point", "coordinates": [ 13.0856382, 52.00887055 ] } },
{ "type": "Feature", "properties": { "source": "Added", "target": "hw=path_bicycle=designated", "length_km": 0.3145355715025373, "osm_id": 1471894246, "osm_version": 1, "valid_from": "2026-01-28T08:25:20Z", "feature_id": "1471894246_1" }, "geometry": { "type": "Point", "coordinates": [ 13.087942073230527, 52.009223407675336 ] } },
{ "type": "Feature", "properties": { "source": "Added", "target": "hw=path_bicycle=designated", "length_km": 0.50516925171727289, "osm_id": 1471894247, "osm_version": 1, "valid_from": "2026-01-28T08:25:20Z", "feature_id": "1471894247_1" }, "geometry": { "type": "Point", "coordinates": [ 13.088219305347554, 52.007296844350222 ] } },
{ "type": "Feature", "properties": { "source": "hw=footway_other", "target": "hw=footway_bicycle=yes", "length_km": 0.081243036089204981, "osm_id": 210706933, "osm_version": 9, "valid_from": "2026-01-30T16:57:33Z", "feature_id": "210706933_9" }, "geometry": { "type": "Point", "coordinates": [ 10.77336415468681, 49.924326436443025 ] } },
{ "type": "Feature", "properties": { "source": "hw=footway_other", "target": "hw=footway_bicycle=yes", "length_km": 0.081587961075117024, "osm_id": 240827218, "osm_version": 10, "valid_from": "2026-01-30T16:57:33Z", "feature_id": "240827218_10" }, "geometry": { "type": "Point", "coordinates": [ 10.773273473713282, 49.924139535555959 ] } },
{ "type": "Feature", "properties": { "source": "hw=footway_other", "target": "hw=path_bicycle=designated", "length_km": 0.050346895474745496, "osm_id": 596153746, "osm_version": 5, "valid_from": "2026-01-30T16:57:33Z", "feature_id": "596153746_5" }, "geometry": { "type": "Point", "coordinates": [ 10.772222749086547, 49.924656673750405 ] } },
{ "type": "Feature", "properties": { "source": "hw=footway_other", "target": "hw=footway_bicycle=yes", "length_km": 0.028231058257910148, "osm_id": 957751731, "osm_version": 4, "valid_from": "2026-01-30T16:57:33Z", "feature_id": "957751731_4" }, "geometry": { "type": "Point", "coordinates": [ 10.772768188692499, 49.924583483876404 ] } },
{ "type": "Feature", "properties": { "source": "hw=footway_other", "target": "hw=footway_bicycle=yes", "length_km": 0.030775871079852656, "osm_id": 1280216209, "osm_version": 3, "valid_from": "2026-01-30T16:57:33Z", "feature_id": "1280216209_3" }, "geometry": { "type": "Point", "coordinates": [ 10.772530274429615, 49.924277499739361 ] } },
{ "type": "Feature", "properties": { "source": "Added", "target": "hw=path_bicycle=designated", "length_km": 0.038412653888164477, "osm_id": 1472747109, "osm_version": 1, "valid_from": "2026-01-30T16:43:10Z", "feature_id": "1472747109_1" }, "geometry": { "type": "Point", "coordinates": [ 10.909713869262482, 49.914398729310022 ] } },
{ "type": "Feature", "properties": { "source": "Added", "target": "hw=path_bicycle=designated", "length_km": 0.022667445690679505, "osm_id": 1472750052, "osm_version": 1, "valid_from": "2026-01-30T16:57:33Z", "feature_id": "1472750052_1" }, "geometry": { "type": "Point", "coordinates": [ 10.772579575975707, 49.924846595548907 ] } },
{ "type": "Feature", "properties": { "source": "Added", "target": "hw=footway_bicycle=yes", "length_km": 0.0099879720483932767, "osm_id": 1472750053, "osm_version": 1, "valid_from": "2026-01-30T16:57:33Z", "feature_id": "1472750053_1" }, "geometry": { "type": "Point", "coordinates": [ 10.772656702796274, 49.924722752770748 ] } },
{ "type": "Feature", "properties": { "source": "Added", "target": "hw=footway_bicycle=yes", "length_km": 0.0063900437602116503, "osm_id": 1472750054, "osm_version": 1, "valid_from": "2026-01-30T16:57:33Z", "feature_id": "1472750054_1" }, "geometry": { "type": "Point", "coordinates": [ 10.772546052861292, 49.924741673864546 ] } },
{ "type": "Feature", "properties": { "source": "Added", "target": "hw=footway_bicycle=yes", "length_km": 0.022057944651531072, "osm_id": 1472750055, "osm_version": 1, "valid_from": "2026-01-30T16:57:33Z", "feature_id": "1472750055_1" }, "geometry": { "type": "Point", "coordinates": [ 10.772745626967525, 49.924819774256996 ] } },
{ "type": "Feature", "properties": { "source": "hw=secondary_other", "target": "cw=lane", "length_km": 0.23192758697058891, "osm_id": 11166558, "osm_version": 32, "valid_from": "2026-02-01T18:07:34Z", "feature_id": "11166558_32" }, "geometry": { "type": "Point", "coordinates": [ 10.361825609346523, 53.807453902381283 ] } },
{ "type": "Feature", "properties": { "source": "hw=footway_bicycle=yes", "target": "hw=path_bicycle=designated", "length_km": 0.58758912360410065, "osm_id": 47888261, "osm_version": 12, "valid_from": "2026-02-01T18:32:32Z", "feature_id": "47888261_12" }, "geometry": { "type": "Point", "coordinates": [ 10.635054665428605, 54.122906491993007 ] } },
{ "type": "Feature", "properties": { "source": "hw=path_other", "target": "hw=footway_bicycle=yes", "length_km": 0.26395121750846556, "osm_id": 123854631, "osm_version": 6, "valid_from": "2026-02-01T18:07:34Z", "feature_id": "123854631_6" }, "geometry": { "type": "Point", "coordinates": [ 10.362102386791536, 53.807393640496961 ] } },
{ "type": "Feature", "properties": { "source": "hw=footway_other", "target": "hw=path_bicycle=designated", "length_km": 0.11188172767274389, "osm_id": 145486083, "osm_version": 5, "valid_from": "2026-02-01T18:07:34Z", "feature_id": "145486083_5" }, "geometry": { "type": "Point", "coordinates": [ 10.357290149393593, 53.806526275903167 ] } },
{ "type": "Feature", "properties": { "source": "hw=path_other", "target": "hw=path_bicycle=designated", "length_km": 0.014647997317063321, "osm_id": 1115692656, "osm_version": 2, "valid_from": "2026-02-01T18:07:34Z", "feature_id": "1115692656_2" }, "geometry": { "type": "Point", "coordinates": [ 10.366245809295947, 53.810609586635749 ] } },
{ "type": "Feature", "properties": { "source": "hw=path_other", "target": "hw=path_bicycle=designated", "length_km": 0.0094857967069095477, "osm_id": 1115692657, "osm_version": 2, "valid_from": "2026-02-01T18:07:34Z", "feature_id": "1115692657_2" }, "geometry": { "type": "Point", "coordinates": [ 10.36611385, 53.81053965 ] } },
{ "type": "Feature", "properties": { "source": "hw=secondary_other", "target": "cw=lane", "length_km": 0.057414100316864371, "osm_id": 1434410594, "osm_version": 2, "valid_from": "2026-02-01T18:07:34Z", "feature_id": "1434410594_2" }, "geometry": { "type": "Point", "coordinates": [ 10.364013913126202, 53.807347349099345 ] } },
{ "type": "Feature", "properties": { "source": "hw=cycleway", "target": "hw=path_bicycle=designated", "length_km": 0.09609049501344484, "osm_id": 1434410610, "osm_version": 2, "valid_from": "2026-02-01T18:07:34Z", "feature_id": "1434410610_2" }, "geometry": { "type": "Point", "coordinates": [ 10.3643327287345, 53.806787668659673 ] } },
{ "type": "Feature", "properties": { "source": "hw=cycleway", "target": "hw=path_bicycle=designated", "length_km": 0.486347968528133, "osm_id": 1434410621, "osm_version": 2, "valid_from": "2026-02-01T18:07:34Z", "feature_id": "1434410621_2" }, "geometry": { "type": "Point", "coordinates": [ 10.363133115109168, 53.805011157699226 ] } },
{ "type": "Feature", "properties": { "source": "hw=cycleway", "target": "hw=path_bicycle=designated", "length_km": 0.4170854371415762, "osm_id": 1434410627, "osm_version": 2, "valid_from": "2026-02-01T18:07:34Z", "feature_id": "1434410627_2" }, "geometry": { "type": "Point", "coordinates": [ 10.364875741430945, 53.809132144125343 ] } },
{ "type": "Feature", "properties": { "source": "Added", "target": "hw=cycleway", "length_km": 0.010115777827487968, "osm_id": 1473383119, "osm_version": 1, "valid_from": "2026-02-01T18:07:34Z", "feature_id": "1473383119_1" }, "geometry": { "type": "Point", "coordinates": [ 10.3641955, 53.8073613 ] } },
{ "type": "Feature", "properties": { "source": "Added", "target": "hw=cycleway", "length_km": 0.022012212627412354, "osm_id": 1473383120, "osm_version": 1, "valid_from": "2026-02-01T18:07:34Z", "feature_id": "1473383120_1" }, "geometry": { "type": "Point", "coordinates": [ 10.364364830898237, 53.807435502788344 ] } },
{ "type": "Feature", "properties": { "source": "Added", "target": "hw=footway_bicycle=yes", "length_km": 0.015506454293383008, "osm_id": 1473383121, "osm_version": 1, "valid_from": "2026-02-01T18:07:34Z", "feature_id": "1473383121_1" }, "geometry": { "type": "Point", "coordinates": [ 10.364202851695666, 53.807224886916046 ] } },
{ "type": "Feature", "properties": { "source": "Added", "target": "hw=path_bicycle=designated", "length_km": 0.37280174606263528, "osm_id": 1473383122, "osm_version": 1, "valid_from": "2026-02-01T18:07:34Z", "feature_id": "1473383122_1" }, "geometry": { "type": "Point", "coordinates": [ 10.362650916188882, 53.804916349862701 ] } },
{ "type": "Feature", "properties": { "source": "Added", "target": "hw=path_bicycle=designated", "length_km": 0.08073011185054349, "osm_id": 1473383123, "osm_version": 1, "valid_from": "2026-02-01T18:07:34Z", "feature_id": "1473383123_1" }, "geometry": { "type": "Point", "coordinates": [ 10.366689330405361, 53.810613120306421 ] } },
{ "type": "Feature", "properties": { "source": "Added", "target": "hw=path_bicycle=designated", "length_km": 0.36219850669918913, "osm_id": 1473383124, "osm_version": 1, "valid_from": "2026-02-01T18:07:34Z", "feature_id": "1473383124_1" }, "geometry": { "type": "Point", "coordinates": [ 10.364761685873255, 53.809252508695693 ] } },
{ "type": "Feature", "properties": { "source": "Added", "target": "hw=path_bicycle=designated", "length_km": 0.13591181268250208, "osm_id": 1473384505, "osm_version": 1, "valid_from": "2026-02-01T18:14:18Z", "feature_id": "1473384505_1" }, "geometry": { "type": "Point", "coordinates": [ 10.291765856923236, 53.785422403472452 ] } },
{ "type": "Feature", "properties": { "source": "hw=footway_bicycle=yes", "target": "hw=path_bicycle=designated", "length_km": 0.16378991579045449, "osm_id": 254643310, "osm_version": 13, "valid_from": "2026-02-11T21:57:57Z", "feature_id": "254643310_13" }, "geometry": { "type": "Point", "coordinates": [ 14.385251502352354, 51.053857843849407 ] } },
{ "type": "Feature", "properties": { "source": "hw=footway_bicycle=yes", "target": "hw=path_bicycle=designated", "length_km": 0.10184529492650771, "osm_id": 810496616, "osm_version": 5, "valid_from": "2026-02-11T21:57:57Z", "feature_id": "810496616_5" }, "geometry": { "type": "Point", "coordinates": [ 14.383384678072916, 51.053716689654145 ] } },
{ "type": "Feature", "properties": { "source": "hw=footway_bicycle=yes", "target": "hw=path_bicycle=designated", "length_km": 0.055585772773356662, "osm_id": 810497651, "osm_version": 3, "valid_from": "2026-02-11T21:57:57Z", "feature_id": "810497651_3" }, "geometry": { "type": "Point", "coordinates": [ 14.38848205, 51.05395455 ] } },
{ "type": "Feature", "properties": { "source": "hw=footway_bicycle=yes", "target": "hw=path_bicycle=designated", "length_km": 0.05621143127688237, "osm_id": 810497666, "osm_version": 5, "valid_from": "2026-02-11T21:57:57Z", "feature_id": "810497666_5" }, "geometry": { "type": "Point", "coordinates": [ 14.389278034819849, 51.053983689165726 ] } },
{ "type": "Feature", "properties": { "source": "hw=footway_bicycle=yes", "target": "hw=path_bicycle=designated", "length_km": 0.061024567118549707, "osm_id": 810498323, "osm_version": 3, "valid_from": "2026-02-11T21:57:57Z", "feature_id": "810498323_3" }, "geometry": { "type": "Point", "coordinates": [ 14.3901127, 51.0540143 ] } },
{ "type": "Feature", "properties": { "source": "hw=footway_bicycle=yes", "target": "hw=path_bicycle=designated", "length_km": 0.018334522388736361, "osm_id": 810501376, "osm_version": 3, "valid_from": "2026-02-11T21:57:57Z", "feature_id": "810501376_3" }, "geometry": { "type": "Point", "coordinates": [ 14.38653375, 51.053956 ] } },
{ "type": "Feature", "properties": { "source": "hw=footway_bicycle=yes", "target": "hw=path_bicycle=designated", "length_km": 0.099739169190378243, "osm_id": 810501381, "osm_version": 4, "valid_from": "2026-02-11T21:57:57Z", "feature_id": "810501381_4" }, "geometry": { "type": "Point", "coordinates": [ 14.38737517985682, 51.053936928910666 ] } },
{ "type": "Feature", "properties": { "source": "hw=footway_bicycle=yes", "target": "hw=path_bicycle=designated", "length_km": 0.14496095432839612, "osm_id": 915029223, "osm_version": 3, "valid_from": "2026-02-11T21:57:57Z", "feature_id": "915029223_3" }, "geometry": { "type": "Point", "coordinates": [ 14.381658408988429, 51.05393681134445 ] } },
{ "type": "Feature", "properties": { "source": "hw=secondary_other", "target": "cw=lane", "length_km": 0.17641129714528866, "osm_id": 110486755, "osm_version": 11, "valid_from": "2026-02-12T23:47:51Z", "feature_id": "110486755_11" }, "geometry": { "type": "Point", "coordinates": [ 7.338059013287069, 51.655356114111271 ] } },
{ "type": "Feature", "properties": { "source": "hw=secondary_other", "target": "cw=lane", "length_km": 0.023739318859261574, "osm_id": 641694696, "osm_version": 3, "valid_from": "2026-02-12T23:47:51Z", "feature_id": "641694696_3" }, "geometry": { "type": "Point", "coordinates": [ 7.338682895228232, 51.654557116173898 ] } },
{ "type": "Feature", "properties": { "source": "hw=path_other", "target": "hw=track_bicycle=designated", "length_km": 0.23652672767177829, "osm_id": 25120948, "osm_version": 13, "valid_from": "2026-02-27T16:43:13Z", "feature_id": "25120948_13" }, "geometry": { "type": "Point", "coordinates": [ 8.039841390705176, 48.647440623478893 ] } },
{ "type": "Feature", "properties": { "source": "hw=track_other", "target": "hw=path_bicycle=designated", "length_km": 1.3662648791227237, "osm_id": 442134029, "osm_version": 13, "valid_from": "2026-02-27T08:45:27Z", "feature_id": "442134029_13" }, "geometry": { "type": "Point", "coordinates": [ 9.538175593403457, 48.668291418401729 ] } },
{ "type": "Feature", "properties": { "source": "hw=path_other", "target": "hw=path_bicycle=designated", "length_km": 0.54006626556289772, "osm_id": 548766142, "osm_version": 7, "valid_from": "2026-02-27T16:26:02Z", "feature_id": "548766142_7" }, "geometry": { "type": "Point", "coordinates": [ 9.277194226536142, 49.154411968670601 ] } },
{ "type": "Feature", "properties": { "source": "hw=path_other", "target": "hw=path_bicycle=designated", "length_km": 0.1804050799346037, "osm_id": 1001077970, "osm_version": 4, "valid_from": "2026-02-27T16:43:13Z", "feature_id": "1001077970_4" }, "geometry": { "type": "Point", "coordinates": [ 8.036784982546267, 48.645199964374747 ] } },
{ "type": "Feature", "properties": { "source": "hw=path_other", "target": "hw=path_bicycle=designated", "length_km": 0.0625808230522856, "osm_id": 1219281738, "osm_version": 4, "valid_from": "2026-02-27T08:20:14Z", "feature_id": "1219281738_4" }, "geometry": { "type": "Point", "coordinates": [ 9.4101995728145, 48.817449936561232 ] } },
{ "type": "Feature", "properties": { "source": "hw=path_other", "target": "hw=path_bicycle=designated", "length_km": 0.036343800298312627, "osm_id": 1219281750, "osm_version": 3, "valid_from": "2026-02-27T08:20:14Z", "feature_id": "1219281750_3" }, "geometry": { "type": "Point", "coordinates": [ 9.40933857956378, 48.817415739773715 ] } },
{ "type": "Feature", "properties": { "source": "hw=path_other", "target": "hw=path_bicycle=designated", "length_km": 0.014050408351156212, "osm_id": 1219652509, "osm_version": 3, "valid_from": "2026-02-27T08:20:14Z", "feature_id": "1219652509_3" }, "geometry": { "type": "Point", "coordinates": [ 9.4096803, 48.817431 ] } },
{ "type": "Feature", "properties": { "source": "Added", "target": "hw=path_bicycle=designated", "length_km": 0.16643878360889036, "osm_id": 1483732781, "osm_version": 1, "valid_from": "2026-02-27T08:20:14Z", "feature_id": "1483732781_1" }, "geometry": { "type": "Point", "coordinates": [ 9.411750568805868, 48.81739329910549 ] } },
{ "type": "Feature", "properties": { "source": "Added", "target": "hw=path_bicycle=designated", "length_km": 0.18124411383914432, "osm_id": 1483881875, "osm_version": 1, "valid_from": "2026-02-27T16:26:02Z", "feature_id": "1483881875_1" }, "geometry": { "type": "Point", "coordinates": [ 9.281266374169723, 49.15252101439372 ] } },
{ "type": "Feature", "properties": { "source": "Added", "target": "hw=path_bicycle=designated", "length_km": 0.034257577739709527, "osm_id": 1483881876, "osm_version": 1, "valid_from": "2026-02-27T16:26:02Z", "feature_id": "1483881876_1" }, "geometry": { "type": "Point", "coordinates": [ 9.278767986412872, 49.154132251842732 ] } },
{ "type": "Feature", "properties": { "source": "Added", "target": "hw=path_bicycle=designated", "length_km": 0.14567861648040062, "osm_id": 1483882629, "osm_version": 1, "valid_from": "2026-02-27T16:30:42Z", "feature_id": "1483882629_1" }, "geometry": { "type": "Point", "coordinates": [ 9.225140553521332, 49.19773756402995 ] } },
{ "type": "Feature", "properties": { "source": "Added", "target": "hw=path_bicycle=designated", "length_km": 0.13380546897942858, "osm_id": 1483884895, "osm_version": 1, "valid_from": "2026-02-27T16:43:13Z", "feature_id": "1483884895_1" }, "geometry": { "type": "Point", "coordinates": [ 8.037889460599938, 48.646378570575621 ] } },
{ "type": "Feature", "properties": { "source": "hw=tertiary_other", "target": "cw=track", "length_km": 0.47992720410021517, "osm_id": 23090009, "osm_version": 15, "valid_from": "2026-02-28T08:52:45Z", "feature_id": "23090009_15" }, "geometry": { "type": "Point", "coordinates": [ 10.415595597804632, 53.271163252593865 ] } },
{ "type": "Feature", "properties": { "source": "cw=lane", "target": "cw=track", "length_km": 0.13142946996042831, "osm_id": 31252377, "osm_version": 17, "valid_from": "2026-02-28T17:03:46Z", "feature_id": "31252377_17" }, "geometry": { "type": "Point", "coordinates": [ 7.474099609521066, 51.410310447386962 ] } },
{ "type": "Feature", "properties": { "source": "hw=cycleway", "target": "hw=footway_bicycle=yes", "length_km": 0.1842401069818024, "osm_id": 37644086, "osm_version": 8, "valid_from": "2026-02-28T16:36:28Z", "feature_id": "37644086_8" }, "geometry": { "type": "Point", "coordinates": [ 7.583432724359485, 51.434588378464355 ] } },
{ "type": "Feature", "properties": { "source": "hw=cycleway", "target": "hw=path_bicycle=designated", "length_km": 0.089564885551000978, "osm_id": 37644090, "osm_version": 11, "valid_from": "2026-02-28T16:36:28Z", "feature_id": "37644090_11" }, "geometry": { "type": "Point", "coordinates": [ 7.58326535, 51.4364878 ] } },
{ "type": "Feature", "properties": { "source": "hw=cycleway", "target": "hw=path_bicycle=designated", "length_km": 0.043271588888434527, "osm_id": 37644091, "osm_version": 7, "valid_from": "2026-02-28T16:36:28Z", "feature_id": "37644091_7" }, "geometry": { "type": "Point", "coordinates": [ 7.582724320582615, 51.437102821706922 ] } },
{ "type": "Feature", "properties": { "source": "hw=cycleway", "target": "hw=footway_bicycle=yes", "length_km": 0.048529484009806535, "osm_id": 38188047, "osm_version": 9, "valid_from": "2026-02-28T16:36:28Z", "feature_id": "38188047_9" }, "geometry": { "type": "Point", "coordinates": [ 7.584044982413108, 51.435548442584867 ] } },
{ "type": "Feature", "properties": { "source": "hw=cycleway", "target": "hw=path_bicycle=designated", "length_km": 0.11270976310211422, "osm_id": 98959523, "osm_version": 7, "valid_from": "2026-02-28T16:36:28Z", "feature_id": "98959523_7" }, "geometry": { "type": "Point", "coordinates": [ 7.583626601331278, 51.436172673308974 ] } },
{ "type": "Feature", "properties": { "source": "hw=path_other", "target": "hw=path_bicycle=designated", "length_km": 0.84177001745779956, "osm_id": 143523087, "osm_version": 13, "valid_from": "2026-02-28T09:02:47Z", "feature_id": "143523087_13" }, "geometry": { "type": "Point", "coordinates": [ 10.990633414938877, 54.18663746830665 ] } },
{ "type": "Feature", "properties": { "source": "hw=cycleway", "target": "hw=path_bicycle=designated", "length_km": 0.027367271443110196, "osm_id": 191545468, "osm_version": 7, "valid_from": "2026-02-28T16:36:28Z", "feature_id": "191545468_7" }, "geometry": { "type": "Point", "coordinates": [ 7.583646747019712, 51.436019747680518 ] } },
{ "type": "Feature", "properties": { "source": "hw=cycleway", "target": "hw=path_bicycle=designated", "length_km": 0.022705874868765099, "osm_id": 255402373, "osm_version": 5, "valid_from": "2026-02-28T16:36:28Z", "feature_id": "255402373_5" }, "geometry": { "type": "Point", "coordinates": [ 7.5838096, 51.4358192 ] } },
{ "type": "Feature", "properties": { "source": "hw=path_other", "target": "hw=path_bicycle=designated", "length_km": 0.032286555227043261, "osm_id": 255402386, "osm_version": 4, "valid_from": "2026-02-28T16:36:28Z", "feature_id": "255402386_4" }, "geometry": { "type": "Point", "coordinates": [ 7.584105106022776, 51.435740551693598 ] } },
{ "type": "Feature", "properties": { "source": "hw=footway_other", "target": "hw=footway_bicycle=yes", "length_km": 0.011686800244021175, "osm_id": 556001378, "osm_version": 3, "valid_from": "2026-02-28T17:03:46Z", "feature_id": "556001378_3" }, "geometry": { "type": "Point", "coordinates": [ 7.473858369471861, 51.409636812932774 ] } },
{ "type": "Feature", "properties": { "source": "hw=footway_other", "target": "hw=footway_bicycle=yes", "length_km": 0.0051860138952854297, "osm_id": 556001381, "osm_version": 4, "valid_from": "2026-02-28T17:03:46Z", "feature_id": "556001381_4" }, "geometry": { "type": "Point", "coordinates": [ 7.4738166, 51.4096952 ] } },
{ "type": "Feature", "properties": { "source": "hw=footway_other", "target": "hw=path_bicycle=designated", "length_km": 0.0085902112833843684, "osm_id": 556001383, "osm_version": 3, "valid_from": "2026-02-28T17:03:46Z", "feature_id": "556001383_3" }, "geometry": { "type": "Point", "coordinates": [ 7.474173503384413, 51.409594653483367 ] } },
{ "type": "Feature", "properties": { "source": "hw=footway_other", "target": "hw=path_bicycle=designated", "length_km": 0.041678390670585576, "osm_id": 556001385, "osm_version": 3, "valid_from": "2026-02-28T17:03:46Z", "feature_id": "556001385_3" }, "geometry": { "type": "Point", "coordinates": [ 7.474098377734149, 51.409607530270542 ] } },
{ "type": "Feature", "properties": { "source": "hw=footway_other", "target": "hw=path_bicycle=designated", "length_km": 0.036598965855340303, "osm_id": 556001388, "osm_version": 3, "valid_from": "2026-02-28T17:03:46Z", "feature_id": "556001388_3" }, "geometry": { "type": "Point", "coordinates": [ 7.474167436244572, 51.409963905104831 ] } },
{ "type": "Feature", "properties": { "source": "hw=footway_other", "target": "hw=path_bicycle=designated", "length_km": 0.0905087197690366, "osm_id": 556001394, "osm_version": 3, "valid_from": "2026-02-28T17:03:46Z", "feature_id": "556001394_3" }, "geometry": { "type": "Point", "coordinates": [ 7.474262025882227, 51.410557130532062 ] } },
{ "type": "Feature", "properties": { "source": "hw=footway_other", "target": "hw=path_bicycle=designated", "length_km": 0.039570786831005872, "osm_id": 583306344, "osm_version": 9, "valid_from": "2026-02-28T13:08:14Z", "feature_id": "583306344_9" }, "geometry": { "type": "Point", "coordinates": [ 13.381735274503212, 52.526577964050986 ] } },
{ "type": "Feature", "properties": { "source": "hw=footway_other", "target": "hw=footway_bicycle=yes", "length_km": 0.27305779694007554, "osm_id": 700399410, "osm_version": 6, "valid_from": "2026-02-28T08:52:45Z", "feature_id": "700399410_6" }, "geometry": { "type": "Point", "coordinates": [ 10.418380760570573, 53.266239284260031 ] } },
{ "type": "Feature", "properties": { "source": "hw=cycleway", "target": "hw=path_bicycle=designated", "length_km": 0.011795735414357533, "osm_id": 954331885, "osm_version": 4, "valid_from": "2026-02-28T16:36:28Z", "feature_id": "954331885_4" }, "geometry": { "type": "Point", "coordinates": [ 7.58293275, 51.4368929 ] } },
{ "type": "Feature", "properties": { "source": "hw=path_other", "target": "hw=path_bicycle=designated", "length_km": 0.036163042195868418, "osm_id": 1029386538, "osm_version": 4, "valid_from": "2026-02-28T13:16:58Z", "feature_id": "1029386538_4" }, "geometry": { "type": "Point", "coordinates": [ 6.640975576386234, 50.916018143493446 ] } },
{ "type": "Feature", "properties": { "source": "Added", "target": "hw=path_bicycle=designated", "length_km": 0.47195011004456977, "osm_id": 1484018856, "osm_version": 1, "valid_from": "2026-02-28T08:52:45Z", "feature_id": "1484018856_1" }, "geometry": { "type": "Point", "coordinates": [ 10.415700707966087, 53.271134348518302 ] } },
{ "type": "Feature", "properties": { "source": "Added", "target": "hw=path_bicycle=designated", "length_km": 0.20012822991986251, "osm_id": 1484018857, "osm_version": 1, "valid_from": "2026-02-28T08:52:45Z", "feature_id": "1484018857_1" }, "geometry": { "type": "Point", "coordinates": [ 10.417610267494787, 53.268375003638923 ] } },
{ "type": "Feature", "properties": { "source": "Added", "target": "hw=footway_bicycle=yes", "length_km": 0.0046967114191146971, "osm_id": 1484018858, "osm_version": 1, "valid_from": "2026-02-28T08:52:45Z", "feature_id": "1484018858_1" }, "geometry": { "type": "Point", "coordinates": [ 10.41798925, 53.2674872 ] } },
{ "type": "Feature", "properties": { "source": "Added", "target": "hw=footway_bicycle=yes", "length_km": 0.20210799007841332, "osm_id": 1484018859, "osm_version": 1, "valid_from": "2026-02-28T08:52:45Z", "feature_id": "1484018859_1" }, "geometry": { "type": "Point", "coordinates": [ 10.417755439613579, 53.268384448236198 ] } },
{ "type": "Feature", "properties": { "source": "Added", "target": "hw=footway_bicycle=yes", "length_km": 0.0036833750293345457, "osm_id": 1484018860, "osm_version": 1, "valid_from": "2026-02-28T08:52:45Z", "feature_id": "1484018860_1" }, "geometry": { "type": "Point", "coordinates": [ 10.4176523, 53.2686307 ] } },
{ "type": "Feature", "properties": { "source": "Added", "target": "hw=path_bicycle=designated", "length_km": 0.67115016734677635, "osm_id": 1484022348, "osm_version": 1, "valid_from": "2026-02-28T09:18:43Z", "feature_id": "1484022348_1" }, "geometry": { "type": "Point", "coordinates": [ 10.62829934334213, 54.125961904928559 ] } },
{ "type": "Feature", "properties": { "source": "Added", "target": "hw=path_bicycle=designated", "length_km": 0.0098081452116856246, "osm_id": 1484022349, "osm_version": 1, "valid_from": "2026-02-28T09:18:43Z", "feature_id": "1484022349_1" }, "geometry": { "type": "Point", "coordinates": [ 10.628065923024232, 54.126080091296451 ] } },
{ "type": "Feature", "properties": { "source": "Added", "target": "hw=path_bicycle=designated", "length_km": 0.084826411753779779, "osm_id": 1484022350, "osm_version": 1, "valid_from": "2026-02-28T09:18:43Z", "feature_id": "1484022350_1" }, "geometry": { "type": "Point", "coordinates": [ 10.624944566047915, 54.128750324548463 ] } },
{ "type": "Feature", "properties": { "source": "Added", "target": "hw=path_bicycle=designated", "length_km": 0.10876562154137644, "osm_id": 1484023075, "osm_version": 1, "valid_from": "2026-02-28T09:25:50Z", "feature_id": "1484023075_1" }, "geometry": { "type": "Point", "coordinates": [ 12.142855220095381, 50.499863230902392 ] } },
{ "type": "Feature", "properties": { "source": "Added", "target": "hw=path_bicycle=designated", "length_km": 0.033031429374467305, "osm_id": 1484051027, "osm_version": 1, "valid_from": "2026-02-28T13:08:14Z", "feature_id": "1484051027_1" }, "geometry": { "type": "Point", "coordinates": [ 13.381742574622841, 52.526894468388939 ] } },
{ "type": "Feature", "properties": { "source": "Added", "target": "hw=path_bicycle=designated", "length_km": 0.094714665957949293, "osm_id": 1484085725, "osm_version": 1, "valid_from": "2026-02-28T16:36:28Z", "feature_id": "1484085725_1" }, "geometry": { "type": "Point", "coordinates": [ 7.584777765056756, 51.435767865149721 ] } },
{ "type": "Feature", "properties": { "source": "Added", "target": "hw=path_bicycle=designated", "length_km": 0.023101452864843282, "osm_id": 1484085726, "osm_version": 1, "valid_from": "2026-02-28T16:36:28Z", "feature_id": "1484085726_1" }, "geometry": { "type": "Point", "coordinates": [ 7.584491649786578, 51.435699601442636 ] } },
{ "type": "Feature", "properties": { "source": "Added", "target": "hw=footway_bicycle=yes", "length_km": 0.027593415607009342, "osm_id": 1484085727, "osm_version": 1, "valid_from": "2026-02-28T16:36:28Z", "feature_id": "1484085727_1" }, "geometry": { "type": "Point", "coordinates": [ 7.585242331938977, 51.435907457616082 ] } },
{ "type": "Feature", "properties": { "source": "Added", "target": "hw=path_bicycle=designated", "length_km": 0.80940263426910919, "osm_id": 1484090936, "osm_version": 1, "valid_from": "2026-02-28T17:03:46Z", "feature_id": "1484090936_1" }, "geometry": { "type": "Point", "coordinates": [ 7.472944797024417, 51.403895721427418 ] } },
{ "type": "Feature", "properties": { "source": "Added", "target": "hw=path_bicycle=designated", "length_km": 0.37370491566149455, "osm_id": 1484090937, "osm_version": 1, "valid_from": "2026-02-28T17:03:46Z", "feature_id": "1484090937_1" }, "geometry": { "type": "Point", "coordinates": [ 7.469736785048278, 51.399289831352647 ] } },
{ "type": "Feature", "properties": { "source": "Added", "target": "hw=path_bicycle=designated", "length_km": 0.02922984139165484, "osm_id": 1484091499, "osm_version": 1, "valid_from": "2026-02-28T17:07:48Z", "feature_id": "1484091499_1" }, "geometry": { "type": "Point", "coordinates": [ 6.15501255, 51.79101175 ] } },
{ "type": "Feature", "properties": { "source": "Added", "target": "hw=path_bicycle=designated", "length_km": 0.04449192049884159, "osm_id": 1484091500, "osm_version": 1, "valid_from": "2026-02-28T17:07:48Z", "feature_id": "1484091500_1" }, "geometry": { "type": "Point", "coordinates": [ 6.155242453349637, 51.790955185367828 ] } },
{ "type": "Feature", "properties": { "source": "hw=residential_other", "target": "cw=track", "length_km": 0.19391368299798026, "osm_id": 37437935, "osm_version": 10, "valid_from": "2026-03-02T15:25:42Z", "feature_id": "37437935_10" }, "geometry": { "type": "Point", "coordinates": [ 11.46375541513668, 51.752684040584093 ] } },
{ "type": "Feature", "properties": { "source": "hw=track_other", "target": "hw=path_bicycle=designated", "length_km": 0.13036678196781967, "osm_id": 380563162, "osm_version": 6, "valid_from": "2026-03-02T15:12:54Z", "feature_id": "380563162_6" }, "geometry": { "type": "Point", "coordinates": [ 9.057372424508285, 48.819170318487934 ] } },
{ "type": "Feature", "properties": { "source": "hw=track_other", "target": "hw=path_bicycle=designated", "length_km": 0.2015971653332696, "osm_id": 380563834, "osm_version": 5, "valid_from": "2026-03-02T15:12:54Z", "feature_id": "380563834_5" }, "geometry": { "type": "Point", "coordinates": [ 9.055984148583342, 48.81802955953119 ] } },
{ "type": "Feature", "properties": { "source": "hw=primary_other", "target": "cw=track", "length_km": 0.068931932735896817, "osm_id": 754516644, "osm_version": 7, "valid_from": "2026-03-02T15:25:42Z", "feature_id": "754516644_7" }, "geometry": { "type": "Point", "coordinates": [ 11.461987351777118, 51.752980769738755 ] } },
{ "type": "Feature", "properties": { "source": "Added", "target": "hw=path_bicycle=designated", "length_km": 0.079415708048323971, "osm_id": 1484696768, "osm_version": 1, "valid_from": "2026-03-02T18:13:01Z", "feature_id": "1484696768_1" }, "geometry": { "type": "Point", "coordinates": [ 11.144256797613567, 51.918792747118843 ] } },
{ "type": "Feature", "properties": { "source": "hw=primary_other", "target": "cw=track", "length_km": 0.17104988512197186, "osm_id": 26235520, "osm_version": 21, "valid_from": "2026-03-05T18:25:07Z", "feature_id": "26235520_21" }, "geometry": { "type": "Point", "coordinates": [ 7.2527367347945, 51.148548582578371 ] } },
{ "type": "Feature", "properties": { "source": "hw=primary_other", "target": "cw=track", "length_km": 0.028768042074707068, "osm_id": 34512765, "osm_version": 11, "valid_from": "2026-03-05T18:25:07Z", "feature_id": "34512765_11" }, "geometry": { "type": "Point", "coordinates": [ 7.2513528, 51.1483284 ] } },
{ "type": "Feature", "properties": { "source": "hw=primary_other", "target": "cw=track", "length_km": 0.17642365817734576, "osm_id": 34512767, "osm_version": 20, "valid_from": "2026-03-05T18:25:07Z", "feature_id": "34512767_20" }, "geometry": { "type": "Point", "coordinates": [ 7.248999924794711, 51.147904960774341 ] } },
{ "type": "Feature", "properties": { "source": "hw=primary_other", "target": "cw=lane", "length_km": 0.41242736163298854, "osm_id": 45821429, "osm_version": 26, "valid_from": "2026-03-05T18:32:50Z", "feature_id": "45821429_26" }, "geometry": { "type": "Point", "coordinates": [ 7.350306346555733, 51.145322640041471 ] } },
{ "type": "Feature", "properties": { "source": "hw=primary_other", "target": "cw=track", "length_km": 0.054783971074230629, "osm_id": 724787648, "osm_version": 5, "valid_from": "2026-03-05T18:25:07Z", "feature_id": "724787648_5" }, "geometry": { "type": "Point", "coordinates": [ 7.24557605, 51.1469368 ] } },
{ "type": "Feature", "properties": { "source": "hw=cycleway", "target": "hw=path_bicycle=designated", "length_km": 0.090821596136854046, "osm_id": 810754120, "osm_version": 5, "valid_from": "2026-03-05T18:32:50Z", "feature_id": "810754120_5" }, "geometry": { "type": "Point", "coordinates": [ 7.350657098310854, 51.143012967300855 ] } },
{ "type": "Feature", "properties": { "source": "hw=primary_other", "target": "cw=track", "length_km": 0.069352043060500107, "osm_id": 839004997, "osm_version": 4, "valid_from": "2026-03-05T18:25:07Z", "feature_id": "839004997_4" }, "geometry": { "type": "Point", "coordinates": [ 7.250673813443809, 51.148218680452651 ] } },
{ "type": "Feature", "properties": { "source": "hw=primary_other", "target": "cw=track", "length_km": 0.030607092616994052, "osm_id": 839004998, "osm_version": 3, "valid_from": "2026-03-05T18:25:07Z", "feature_id": "839004998_3" }, "geometry": { "type": "Point", "coordinates": [ 7.247619, 51.1475562 ] } },
{ "type": "Feature", "properties": { "source": "hw=primary_other", "target": "cw=track", "length_km": 0.11601445714160982, "osm_id": 839004999, "osm_version": 3, "valid_from": "2026-03-05T18:25:07Z", "feature_id": "839004999_3" }, "geometry": { "type": "Point", "coordinates": [ 7.246673472531558, 51.147273149475275 ] } },
{ "type": "Feature", "properties": { "source": "hw=primary_other", "target": "cw=track", "length_km": 0.14286418484572444, "osm_id": 839005000, "osm_version": 6, "valid_from": "2026-03-05T18:25:07Z", "feature_id": "839005000_6" }, "geometry": { "type": "Point", "coordinates": [ 7.2548811497513, 51.148936710916161 ] } },
{ "type": "Feature", "properties": { "source": "hw=secondary_other", "target": "cw=track", "length_km": 0.052097050121646775, "osm_id": 49784182, "osm_version": 20, "valid_from": "2026-03-06T19:20:46Z", "feature_id": "49784182_20" }, "geometry": { "type": "Point", "coordinates": [ 6.982996105316438, 51.079921261975706 ] } },
{ "type": "Feature", "properties": { "source": "hw=secondary_other", "target": "cw=track", "length_km": 0.031606493981961713, "osm_id": 53278095, "osm_version": 12, "valid_from": "2026-03-06T19:20:46Z", "feature_id": "53278095_12" }, "geometry": { "type": "Point", "coordinates": [ 6.982510509088899, 51.080140169726853 ] } },
{ "type": "Feature", "properties": { "source": "hw=secondary_other", "target": "cw=track", "length_km": 0.49107819523901136, "osm_id": 181301086, "osm_version": 17, "valid_from": "2026-03-06T19:20:46Z", "feature_id": "181301086_17" }, "geometry": { "type": "Point", "coordinates": [ 6.963624742445038, 51.088143477523502 ] } },
{ "type": "Feature", "properties": { "source": "hw=secondary_other", "target": "cw=track", "length_km": 0.040495395788551915, "osm_id": 232895813, "osm_version": 8, "valid_from": "2026-03-06T19:20:46Z", "feature_id": "232895813_8" }, "geometry": { "type": "Point", "coordinates": [ 6.967605348769496, 51.086458648496013 ] } },
{ "type": "Feature", "properties": { "source": "hw=footway_bicycle=yes", "target": "hw=path_bicycle=designated", "length_km": 0.03761879794303067, "osm_id": 292185911, "osm_version": 2, "valid_from": "2026-03-06T19:20:46Z", "feature_id": "292185911_2" }, "geometry": { "type": "Point", "coordinates": [ 6.98518365, 51.07889125 ] } },
{ "type": "Feature", "properties": { "source": "hw=secondary_other", "target": "cw=track", "length_km": 0.040336328961775955, "osm_id": 377264976, "osm_version": 6, "valid_from": "2026-03-06T19:20:46Z", "feature_id": "377264976_6" }, "geometry": { "type": "Point", "coordinates": [ 6.9701935, 51.08535565 ] } },
{ "type": "Feature", "properties": { "source": "hw=secondary_other", "target": "cw=track", "length_km": 0.028188023310628002, "osm_id": 377264977, "osm_version": 7, "valid_from": "2026-03-06T19:20:46Z", "feature_id": "377264977_7" }, "geometry": { "type": "Point", "coordinates": [ 6.970596335491565, 51.085181116474992 ] } },
{ "type": "Feature", "properties": { "source": "hw=secondary_other", "target": "cw=track", "length_km": 0.0757391810569739, "osm_id": 377264978, "osm_version": 8, "valid_from": "2026-03-06T19:20:46Z", "feature_id": "377264978_8" }, "geometry": { "type": "Point", "coordinates": [ 6.966919127748339, 51.086751703693075 ] } },
{ "type": "Feature", "properties": { "source": "hw=secondary_other", "target": "cw=track", "length_km": 0.065420649272169451, "osm_id": 377264979, "osm_version": 6, "valid_from": "2026-03-06T19:20:46Z", "feature_id": "377264979_6" }, "geometry": { "type": "Point", "coordinates": [ 6.975505388183443, 51.083114371635865 ] } },
{ "type": "Feature", "properties": { "source": "hw=secondary_other", "target": "cw=track", "length_km": 0.090782917239040056, "osm_id": 377264980, "osm_version": 8, "valid_from": "2026-03-06T19:20:46Z", "feature_id": "377264980_8" }, "geometry": { "type": "Point", "coordinates": [ 6.976434895237095, 51.082727088580107 ] } },
{ "type": "Feature", "properties": { "source": "hw=secondary_other", "target": "cw=track", "length_km": 0.05053406662676397, "osm_id": 377264981, "osm_version": 6, "valid_from": "2026-03-06T19:20:46Z", "feature_id": "377264981_6" }, "geometry": { "type": "Point", "coordinates": [ 6.977275798035194, 51.082376695284722 ] } },
{ "type": "Feature", "properties": { "source": "hw=secondary_other", "target": "cw=track", "length_km": 0.049753031698074032, "osm_id": 377264982, "osm_version": 6, "valid_from": "2026-03-06T19:20:46Z", "feature_id": "377264982_6" }, "geometry": { "type": "Point", "coordinates": [ 6.971054704374273, 51.084982810107547 ] } },
{ "type": "Feature", "properties": { "source": "hw=secondary_other", "target": "cw=track", "length_km": 0.050872954308686734, "osm_id": 377264984, "osm_version": 6, "valid_from": "2026-03-06T19:20:46Z", "feature_id": "377264984_6" }, "geometry": { "type": "Point", "coordinates": [ 6.972101189643547, 51.084535025670029 ] } },
{ "type": "Feature", "properties": { "source": "hw=secondary_other", "target": "cw=track", "length_km": 0.053952627414024582, "osm_id": 377264987, "osm_version": 6, "valid_from": "2026-03-06T19:20:46Z", "feature_id": "377264987_6" }, "geometry": { "type": "Point", "coordinates": [ 6.972723356283426, 51.084273615205113 ] } },
{ "type": "Feature", "properties": { "source": "hw=secondary_other", "target": "cw=track", "length_km": 0.058172816812054842, "osm_id": 377287820, "osm_version": 6, "valid_from": "2026-03-06T19:20:46Z", "feature_id": "377287820_6" }, "geometry": { "type": "Point", "coordinates": [ 6.9792266, 51.08155805 ] } },
{ "type": "Feature", "properties": { "source": "hw=secondary_other", "target": "cw=track", "length_km": 0.035673219934604698, "osm_id": 377287821, "osm_version": 6, "valid_from": "2026-03-06T19:20:46Z", "feature_id": "377287821_6" }, "geometry": { "type": "Point", "coordinates": [ 6.9821187, 51.08031475 ] } },
{ "type": "Feature", "properties": { "source": "hw=secondary_other", "target": "cw=track", "length_km": 0.14666031902654281, "osm_id": 377287822, "osm_version": 8, "valid_from": "2026-03-06T19:20:46Z", "feature_id": "377287822_8" }, "geometry": { "type": "Point", "coordinates": [ 6.984155652875331, 51.079405393584551 ] } },
{ "type": "Feature", "properties": { "source": "hw=footway_other", "target": "hw=path_bicycle=designated", "length_km": 0.037991922321007669, "osm_id": 467941903, "osm_version": 3, "valid_from": "2026-03-06T19:07:20Z", "feature_id": "467941903_3" }, "geometry": { "type": "Point", "coordinates": [ 7.4878382841733, 51.19044649390267 ] } },
{ "type": "Feature", "properties": { "source": "hw=secondary_other", "target": "cw=track", "length_km": 0.21104440907359362, "osm_id": 1363078261, "osm_version": 6, "valid_from": "2026-03-06T19:20:46Z", "feature_id": "1363078261_6" }, "geometry": { "type": "Point", "coordinates": [ 6.959836045292815, 51.090539475735305 ] } },
{ "type": "Feature", "properties": { "source": "Added", "target": "hw=path_bicycle=designated", "length_km": 0.11062729481967204, "osm_id": 1486138605, "osm_version": 1, "valid_from": "2026-03-06T19:30:10Z", "feature_id": "1486138605_1" }, "geometry": { "type": "Point", "coordinates": [ 10.308027734366297, 51.318770964759757 ] } },
{ "type": "Feature", "properties": { "source": "Added", "target": "hw=path_bicycle=designated", "length_km": 0.26416152794027797, "osm_id": 1486140182, "osm_version": 1, "valid_from": "2026-03-06T19:36:59Z", "feature_id": "1486140182_1" }, "geometry": { "type": "Point", "coordinates": [ 10.478617255089308, 51.230742453378774 ] } },
{ "type": "Feature", "properties": { "source": "Added", "target": "hw=path_bicycle=designated", "length_km": 0.26955373682336636, "osm_id": 1486140183, "osm_version": 1, "valid_from": "2026-03-06T19:36:59Z", "feature_id": "1486140183_1" }, "geometry": { "type": "Point", "coordinates": [ 10.476601633771111, 51.228755507143646 ] } },
{ "type": "Feature", "properties": { "source": "hw=track_other", "target": "hw=path_bicycle=designated", "length_km": 0.57613454671194009, "osm_id": 1156762138, "osm_version": 3, "valid_from": "2026-03-08T14:20:45Z", "feature_id": "1156762138_3" }, "geometry": { "type": "Point", "coordinates": [ 7.611821533296984, 51.147276850717375 ] } },
{ "type": "Feature", "properties": { "source": "hw=residential_other", "target": "hw=path_bicycle=designated", "length_km": 0.10544418937532223, "osm_id": 1330364471, "osm_version": 2, "valid_from": "2026-03-08T14:20:45Z", "feature_id": "1330364471_2" }, "geometry": { "type": "Point", "coordinates": [ 7.61555000396052, 51.146564334389538 ] } },
{ "type": "Feature", "properties": { "source": "Added", "target": "hw=path_bicycle=designated", "length_km": 0.34844175498044216, "osm_id": 1486503755, "osm_version": 1, "valid_from": "2026-03-08T13:56:04Z", "feature_id": "1486503755_1" }, "geometry": { "type": "Point", "coordinates": [ 7.417487559446841, 51.126866863901689 ] } },
{ "type": "Feature", "properties": { "source": "Added", "target": "hw=path_bicycle=designated", "length_km": 0.27360970759932096, "osm_id": 1486505807, "osm_version": 1, "valid_from": "2026-03-08T14:07:58Z", "feature_id": "1486505807_1" }, "geometry": { "type": "Point", "coordinates": [ 7.381050344525683, 51.123630419281191 ] } },
{ "type": "Feature", "properties": { "source": "Added", "target": "hw=path_bicycle=designated", "length_km": 0.10894172313793991, "osm_id": 1486505808, "osm_version": 1, "valid_from": "2026-03-08T14:07:58Z", "feature_id": "1486505808_1" }, "geometry": { "type": "Point", "coordinates": [ 7.3831367708534, 51.122721841302557 ] } },
{ "type": "Feature", "properties": { "source": "Added", "target": "hw=path_bicycle=designated", "length_km": 0.0090211925519999639, "osm_id": 1486505809, "osm_version": 1, "valid_from": "2026-03-08T14:07:58Z", "feature_id": "1486505809_1" }, "geometry": { "type": "Point", "coordinates": [ 7.3823596, 51.12289235 ] } },
{ "type": "Feature", "properties": { "source": "Added", "target": "hw=path_bicycle=designated", "length_km": 0.17293073315385701, "osm_id": 1486505810, "osm_version": 1, "valid_from": "2026-03-08T14:07:58Z", "feature_id": "1486505810_1" }, "geometry": { "type": "Point", "coordinates": [ 7.384593640728423, 51.122008194558347 ] } },
{ "type": "Feature", "properties": { "source": "Added", "target": "hw=path_bicycle=designated", "length_km": 0.76750816297820412, "osm_id": 1486512412, "osm_version": 1, "valid_from": "2026-03-08T14:42:50Z", "feature_id": "1486512412_1" }, "geometry": { "type": "Point", "coordinates": [ 8.103557596170356, 50.989081585122825 ] } },
{ "type": "Feature", "properties": { "source": "Added", "target": "hw=cycleway", "length_km": 0.074599771084682256, "osm_id": 1486512414, "osm_version": 1, "valid_from": "2026-03-08T14:42:50Z", "feature_id": "1486512414_1" }, "geometry": { "type": "Point", "coordinates": [ 8.104729041950639, 50.991216587735963 ] } },
{ "type": "Feature", "properties": { "source": "Added", "target": "hw=path_bicycle=designated", "length_km": 0.92327458439784105, "osm_id": 1486512416, "osm_version": 1, "valid_from": "2026-03-08T14:42:50Z", "feature_id": "1486512416_1" }, "geometry": { "type": "Point", "coordinates": [ 8.101813992001121, 50.98701761263969 ] } },
{ "type": "Feature", "properties": { "source": "Added", "target": "hw=path_bicycle=designated", "length_km": 0.31930205718475729, "osm_id": 1486512418, "osm_version": 1, "valid_from": "2026-03-08T14:42:50Z", "feature_id": "1486512418_1" }, "geometry": { "type": "Point", "coordinates": [ 8.10013159093303, 50.984596754018746 ] } },
{ "type": "Feature", "properties": { "source": "Added", "target": "hw=path_bicycle=designated", "length_km": 0.33137943420179811, "osm_id": 1486513577, "osm_version": 1, "valid_from": "2026-03-08T14:50:35Z", "feature_id": "1486513577_1" }, "geometry": { "type": "Point", "coordinates": [ 10.966323979833001, 51.774620092685787 ] } },
{ "type": "Feature", "properties": { "source": "Added", "target": "hw=path_bicycle=designated", "length_km": 0.23464598388721111, "osm_id": 1486514461, "osm_version": 1, "valid_from": "2026-03-08T14:58:07Z", "feature_id": "1486514461_1" }, "geometry": { "type": "Point", "coordinates": [ 11.075882728597689, 51.568783981518671 ] } },
{ "type": "Feature", "properties": { "source": "Added", "target": "hw=path_bicycle=designated", "length_km": 0.1327962710258323, "osm_id": 1486892163, "osm_version": 1, "valid_from": "2026-03-09T15:46:40Z", "feature_id": "1486892163_1" }, "geometry": { "type": "Point", "coordinates": [ 8.914979223623217, 51.496850055745867 ] } },
{ "type": "Feature", "properties": { "source": "Added", "target": "hw=path_bicycle=designated", "length_km": 0.068860345304211756, "osm_id": 1486892164, "osm_version": 1, "valid_from": "2026-03-09T15:46:40Z", "feature_id": "1486892164_1" }, "geometry": { "type": "Point", "coordinates": [ 8.916005508953731, 51.49678458402262 ] } },
{ "type": "Feature", "properties": { "source": "hw=secondary_other", "target": "cw=track", "length_km": 0.560504988217151, "osm_id": 26562951, "osm_version": 38, "valid_from": "2026-03-11T18:20:48Z", "feature_id": "26562951_38" }, "geometry": { "type": "Point", "coordinates": [ 9.286074770170458, 54.141896889282776 ] } },
{ "type": "Feature", "properties": { "source": "hw=secondary_other", "target": "cw=track", "length_km": 0.011779587209678652, "osm_id": 31043430, "osm_version": 7, "valid_from": "2026-03-11T18:20:48Z", "feature_id": "31043430_7" }, "geometry": { "type": "Point", "coordinates": [ 9.2789078, 54.14770635 ] } },
{ "type": "Feature", "properties": { "source": "hw=secondary_other", "target": "cw=track", "length_km": 0.27881444623224977, "osm_id": 31043431, "osm_version": 14, "valid_from": "2026-03-11T18:20:48Z", "feature_id": "31043431_14" }, "geometry": { "type": "Point", "coordinates": [ 9.280906873858529, 54.147213310010812 ] } },
{ "type": "Feature", "properties": { "source": "hw=secondary_other", "target": "cw=track", "length_km": 0.52979304319010811, "osm_id": 34106922, "osm_version": 15, "valid_from": "2026-03-11T18:20:48Z", "feature_id": "34106922_15" }, "geometry": { "type": "Point", "coordinates": [ 9.276141287323448, 54.149663023664246 ] } },
{ "type": "Feature", "properties": { "source": "hw=tertiary_other", "target": "cw=track", "length_km": 0.83673262437237439, "osm_id": 37813346, "osm_version": 11, "valid_from": "2026-03-11T07:58:03Z", "feature_id": "37813346_11" }, "geometry": { "type": "Point", "coordinates": [ 10.585409237719432, 54.242736689418358 ] } },
{ "type": "Feature", "properties": { "source": "hw=secondary_other", "target": "cw=track", "length_km": 0.5942033632301762, "osm_id": 60211418, "osm_version": 10, "valid_from": "2026-03-11T07:58:03Z", "feature_id": "60211418_10" }, "geometry": { "type": "Point", "coordinates": [ 10.541582558048949, 54.238277471540243 ] } },
{ "type": "Feature", "properties": { "source": "hw=secondary_other", "target": "cw=track", "length_km": 0.042897571152761077, "osm_id": 834555933, "osm_version": 5, "valid_from": "2026-03-11T18:20:48Z", "feature_id": "834555933_5" }, "geometry": { "type": "Point", "coordinates": [ 9.287616913898443, 54.139355208310626 ] } },
{ "type": "Feature", "properties": { "source": "hw=secondary_other", "target": "cw=track", "length_km": 0.11138917504337043, "osm_id": 1087130048, "osm_version": 5, "valid_from": "2026-03-11T18:20:48Z", "feature_id": "1087130048_5" }, "geometry": { "type": "Point", "coordinates": [ 9.284529222691139, 54.144782023149915 ] } },
{ "type": "Feature", "properties": { "source": "Added", "target": "hw=path_bicycle=designated", "length_km": 0.85539036025490933, "osm_id": 1487548480, "osm_version": 1, "valid_from": "2026-03-11T07:36:08Z", "feature_id": "1487548480_1" }, "geometry": { "type": "Point", "coordinates": [ 10.710596607301786, 54.093430802437261 ] } },
{ "type": "Feature", "properties": { "source": "Added", "target": "hw=path_bicycle=designated", "length_km": 0.46875925671315788, "osm_id": 1487548481, "osm_version": 1, "valid_from": "2026-03-11T07:36:08Z", "feature_id": "1487548481_1" }, "geometry": { "type": "Point", "coordinates": [ 10.710282163049893, 54.097990506499208 ] } },
{ "type": "Feature", "properties": { "source": "Added", "target": "hw=path_bicycle=designated", "length_km": 0.41936092456848528, "osm_id": 1487550880, "osm_version": 1, "valid_from": "2026-03-11T07:52:51Z", "feature_id": "1487550880_1" }, "geometry": { "type": "Point", "coordinates": [ 10.538995201957766, 54.241957521203929 ] } },
{ "type": "Feature", "properties": { "source": "Added", "target": "hw=path_bicycle=designated", "length_km": 0.43298962427278664, "osm_id": 1487550881, "osm_version": 1, "valid_from": "2026-03-11T07:52:51Z", "feature_id": "1487550881_1" }, "geometry": { "type": "Point", "coordinates": [ 10.544471445449165, 54.241770584296994 ] } },
{ "type": "Feature", "properties": { "source": "Added", "target": "hw=path_bicycle=designated", "length_km": 0.22465492159178224, "osm_id": 1487553394, "osm_version": 1, "valid_from": "2026-03-11T08:02:42Z", "feature_id": "1487553394_1" }, "geometry": { "type": "Point", "coordinates": [ 10.42844261977166, 54.003161445276845 ] } },
{ "type": "Feature", "properties": { "source": "Added", "target": "hw=path_bicycle=designated", "length_km": 0.47268892513085309, "osm_id": 1487555208, "osm_version": 1, "valid_from": "2026-03-11T08:12:43Z", "feature_id": "1487555208_1" }, "geometry": { "type": "Point", "coordinates": [ 10.392751193240182, 53.970934420003914 ] } },
{ "type": "Feature", "properties": { "source": "Added", "target": "hw=path_bicycle=designated", "length_km": 1.0794268869894816, "osm_id": 1487761467, "osm_version": 1, "valid_from": "2026-03-11T18:40:17Z", "feature_id": "1487761467_1" }, "geometry": { "type": "Point", "coordinates": [ 9.290179561790039, 54.221183484561507 ] } },
{ "type": "Feature", "properties": { "source": "hw=tertiary_other", "target": "cw=track", "length_km": 0.055926017847785843, "osm_id": 92353049, "osm_version": 12, "valid_from": "2026-03-14T09:08:11Z", "feature_id": "92353049_12" }, "geometry": { "type": "Point", "coordinates": [ 9.164194698837248, 54.202637862603275 ] } },
{ "type": "Feature", "properties": { "source": "hw=secondary_other", "target": "cw=track", "length_km": 0.17080810593008169, "osm_id": 139390087, "osm_version": 25, "valid_from": "2026-03-14T09:00:02Z", "feature_id": "139390087_25" }, "geometry": { "type": "Point", "coordinates": [ 9.178692957702539, 54.170090537840217 ] } },
{ "type": "Feature", "properties": { "source": "hw=secondary_other", "target": "cw=track", "length_km": 0.76154581806313715, "osm_id": 205413063, "osm_version": 6, "valid_from": "2026-03-14T09:18:08Z", "feature_id": "205413063_6" }, "geometry": { "type": "Point", "coordinates": [ 9.317789053670808, 54.305328849792488 ] } },
{ "type": "Feature", "properties": { "source": "hw=tertiary_other", "target": "cw=track", "length_km": 0.64516099535146565, "osm_id": 282855281, "osm_version": 16, "valid_from": "2026-03-14T09:08:11Z", "feature_id": "282855281_16" }, "geometry": { "type": "Point", "coordinates": [ 9.151365584356203, 54.200250236528007 ] } },
{ "type": "Feature", "properties": { "source": "hw=tertiary_other", "target": "cw=track", "length_km": 0.12532080489024752, "osm_id": 307584503, "osm_version": 10, "valid_from": "2026-03-14T09:08:11Z", "feature_id": "307584503_10" }, "geometry": { "type": "Point", "coordinates": [ 9.162820961691628, 54.202515285384898 ] } },
{ "type": "Feature", "properties": { "source": "hw=secondary_other", "target": "cw=track", "length_km": 0.79689146676957856, "osm_id": 639696288, "osm_version": 10, "valid_from": "2026-03-14T09:00:02Z", "feature_id": "639696288_10" }, "geometry": { "type": "Point", "coordinates": [ 9.173459220126185, 54.167296752510346 ] } },
{ "type": "Feature", "properties": { "source": "hw=secondary_other", "target": "cw=track", "length_km": 0.030369523250772915, "osm_id": 680442711, "osm_version": 8, "valid_from": "2026-03-14T09:00:02Z", "feature_id": "680442711_8" }, "geometry": { "type": "Point", "coordinates": [ 9.1839136, 54.17231265 ] } },
{ "type": "Feature", "properties": { "source": "hw=secondary_other", "target": "cw=track", "length_km": 0.049218645058127751, "osm_id": 680442712, "osm_version": 9, "valid_from": "2026-03-14T09:00:02Z", "feature_id": "680442712_9" }, "geometry": { "type": "Point", "coordinates": [ 9.18339435, 54.1721257 ] } },
{ "type": "Feature", "properties": { "source": "hw=tertiary_other", "target": "cw=track", "length_km": 0.42225029024373367, "osm_id": 754852958, "osm_version": 11, "valid_from": "2026-03-14T09:08:11Z", "feature_id": "754852958_11" }, "geometry": { "type": "Point", "coordinates": [ 9.158753062794908, 54.202822373594081 ] } },
{ "type": "Feature", "properties": { "source": "hw=tertiary_other", "target": "cw=track", "length_km": 0.028258723880769651, "osm_id": 754853613, "osm_version": 6, "valid_from": "2026-03-14T09:08:11Z", "feature_id": "754853613_6" }, "geometry": { "type": "Point", "coordinates": [ 9.147480934164761, 54.198291806745424 ] } },
{ "type": "Feature", "properties": { "source": "hw=tertiary_other", "target": "cw=track", "length_km": 0.044415465042179275, "osm_id": 760163155, "osm_version": 8, "valid_from": "2026-03-14T09:08:11Z", "feature_id": "760163155_8" }, "geometry": { "type": "Point", "coordinates": [ 9.1553897, 54.2022644 ] } },
{ "type": "Feature", "properties": { "source": "hw=secondary_other", "target": "cw=track", "length_km": 0.7180897120875781, "osm_id": 1032690180, "osm_version": 4, "valid_from": "2026-03-14T09:12:52Z", "feature_id": "1032690180_4" }, "geometry": { "type": "Point", "coordinates": [ 8.970985731170178, 54.260755815905959 ] } },
{ "type": "Feature", "properties": { "source": "hw=secondary_other", "target": "cw=track", "length_km": 0.034029975037914599, "osm_id": 1032690182, "osm_version": 5, "valid_from": "2026-03-14T09:12:52Z", "feature_id": "1032690182_5" }, "geometry": { "type": "Point", "coordinates": [ 8.967861303142456, 54.263281041658281 ] } },
{ "type": "Feature", "properties": { "source": "hw=secondary_other", "target": "cw=track", "length_km": 0.18191332600479793, "osm_id": 1385704010, "osm_version": 3, "valid_from": "2026-03-14T09:00:02Z", "feature_id": "1385704010_3" }, "geometry": { "type": "Point", "coordinates": [ 9.181799457392987, 54.17165347592266 ] } },
{ "type": "Feature", "properties": { "source": "hw=secondary_other", "target": "cw=track", "length_km": 0.099305643773447708, "osm_id": 1391596170, "osm_version": 3, "valid_from": "2026-03-14T09:00:02Z", "feature_id": "1391596170_3" }, "geometry": { "type": "Point", "coordinates": [ 9.17999977250758, 54.171101651853164 ] } },
{ "type": "Feature", "properties": { "source": "Added", "target": "hw=path_bicycle=designated", "length_km": 0.86644408021105745, "osm_id": 1488770775, "osm_version": 1, "valid_from": "2026-03-14T09:32:34Z", "feature_id": "1488770775_1" }, "geometry": { "type": "Point", "coordinates": [ 10.417298203682039, 52.691997450617777 ] } },
{ "type": "Feature", "properties": { "source": "hw=path_other", "target": "hw=path_bicycle=designated", "length_km": 0.17378830638845824, "osm_id": 24336545, "osm_version": 6, "valid_from": "2026-03-15T11:53:03Z", "feature_id": "24336545_6" }, "geometry": { "type": "Point", "coordinates": [ 14.657909019292404, 50.894572395367341 ] } },
{ "type": "Feature", "properties": { "source": "hw=path_other", "target": "hw=path_bicycle=designated", "length_km": 0.012289988676618785, "osm_id": 24336546, "osm_version": 6, "valid_from": "2026-03-15T11:53:03Z", "feature_id": "24336546_6" }, "geometry": { "type": "Point", "coordinates": [ 14.6578434, 50.8936984 ] } },
{ "type": "Feature", "properties": { "source": "hw=path_other", "target": "hw=path_bicycle=designated", "length_km": 0.027332525570234092, "osm_id": 24336547, "osm_version": 8, "valid_from": "2026-03-15T11:53:03Z", "feature_id": "24336547_8" }, "geometry": { "type": "Point", "coordinates": [ 14.657651149666757, 50.893533434084169 ] } },
{ "type": "Feature", "properties": { "source": "hw=unclassified_other", "target": "hw=path_bicycle=designated", "length_km": 0.23383074657685277, "osm_id": 47585290, "osm_version": 10, "valid_from": "2026-03-15T11:45:17Z", "feature_id": "47585290_10" }, "geometry": { "type": "Point", "coordinates": [ 14.645186718142259, 50.875456802036219 ] } },
{ "type": "Feature", "properties": { "source": "hw=path_other", "target": "hw=footway_bicycle=yes", "length_km": 0.25580566928660237, "osm_id": 111049045, "osm_version": 3, "valid_from": "2026-03-15T08:08:01Z", "feature_id": "111049045_3" }, "geometry": { "type": "Point", "coordinates": [ 11.179791912487554, 53.845569000523533 ] } },
{ "type": "Feature", "properties": { "source": "hw=path_other", "target": "hw=path_bicycle=designated", "length_km": 0.0027327117078333966, "osm_id": 454687674, "osm_version": 2, "valid_from": "2026-03-15T11:53:03Z", "feature_id": "454687674_2" }, "geometry": { "type": "Point", "coordinates": [ 14.65784265, 50.8935346 ] } },
{ "type": "Feature", "properties": { "source": "hw=footway_other", "target": "hw=path_bicycle=designated", "length_km": 0.17804126849931187, "osm_id": 553476918, "osm_version": 2, "valid_from": "2026-03-15T07:10:03Z", "feature_id": "553476918_2" }, "geometry": { "type": "Point", "coordinates": [ 11.190344692843404, 53.861571497791019 ] } },
{ "type": "Feature", "properties": { "source": "hw=footway_other", "target": "hw=path_bicycle=designated", "length_km": 0.72386434545767431, "osm_id": 560458692, "osm_version": 4, "valid_from": "2026-03-15T07:26:59Z", "feature_id": "560458692_4" }, "geometry": { "type": "Point", "coordinates": [ 11.182176943347834, 53.853883264745662 ] } },
{ "type": "Feature", "properties": { "source": "hw=path_other", "target": "hw=path_bicycle=designated", "length_km": 0.010730096950372638, "osm_id": 631349604, "osm_version": 3, "valid_from": "2026-03-15T11:53:03Z", "feature_id": "631349604_3" }, "geometry": { "type": "Point", "coordinates": [ 14.6578448, 50.893595 ] } },
{ "type": "Feature", "properties": { "source": "hw=footway_other", "target": "hw=footway_bicycle=yes", "length_km": 0.24143130038507801, "osm_id": 1164768702, "osm_version": 4, "valid_from": "2026-03-15T11:39:29Z", "feature_id": "1164768702_4" }, "geometry": { "type": "Point", "coordinates": [ 14.611240054475148, 51.004218302801185 ] } },
{ "type": "Feature", "properties": { "source": "hw=path_other", "target": "hw=path_bicycle=designated", "length_km": 0.035850190197920601, "osm_id": 1168584004, "osm_version": 2, "valid_from": "2026-03-15T11:53:03Z", "feature_id": "1168584004_2" }, "geometry": { "type": "Point", "coordinates": [ 14.662708724858982, 50.898897805203781 ] } },
{ "type": "Feature", "properties": { "source": "Added", "target": "hw=path_bicycle=designated", "length_km": 0.21631239698504742, "osm_id": 1489042985, "osm_version": 1, "valid_from": "2026-03-15T07:10:03Z", "feature_id": "1489042985_1" }, "geometry": { "type": "Point", "coordinates": [ 11.191166945035748, 53.859873521541125 ] } },
{ "type": "Feature", "properties": { "source": "Added", "target": "hw=path_bicycle=designated", "length_km": 0.0086972676407543678, "osm_id": 1489044271, "osm_version": 1, "valid_from": "2026-03-15T07:26:59Z", "feature_id": "1489044271_1" }, "geometry": { "type": "Point", "coordinates": [ 11.1811136, 53.8486192 ] } },
{ "type": "Feature", "properties": { "source": "Added", "target": "hw=path_bicycle=designated", "length_km": 0.0056136310576642848, "osm_id": 1489044272, "osm_version": 1, "valid_from": "2026-03-15T07:26:59Z", "feature_id": "1489044272_1" }, "geometry": { "type": "Point", "coordinates": [ 11.18072225, 53.84944845 ] } },
{ "type": "Feature", "properties": { "source": "Added", "target": "hw=path_bicycle=designated", "length_km": 0.11847873807277105, "osm_id": 1489059128, "osm_version": 1, "valid_from": "2026-03-15T08:08:01Z", "feature_id": "1489059128_1" }, "geometry": { "type": "Point", "coordinates": [ 11.176670970254523, 53.840963996328533 ] } },
{ "type": "Feature", "properties": { "source": "Added", "target": "hw=path_bicycle=designated", "length_km": 0.93094919626601536, "osm_id": 1489059129, "osm_version": 1, "valid_from": "2026-03-15T08:08:01Z", "feature_id": "1489059129_1" }, "geometry": { "type": "Point", "coordinates": [ 11.179564154675722, 53.836636400905988 ] } },
{ "type": "Feature", "properties": { "source": "Added", "target": "hw=path_bicycle=designated", "length_km": 0.0037659230876633059, "osm_id": 1489059130, "osm_version": 1, "valid_from": "2026-03-15T08:08:01Z", "feature_id": "1489059130_1" }, "geometry": { "type": "Point", "coordinates": [ 11.1818579, 53.83491525 ] } },
{ "type": "Feature", "properties": { "source": "Added", "target": "hw=footway_bicycle=yes", "length_km": 0.15331463551932634, "osm_id": 1489059131, "osm_version": 1, "valid_from": "2026-03-15T08:08:01Z", "feature_id": "1489059131_1" }, "geometry": { "type": "Point", "coordinates": [ 11.180923511086162, 53.847229273698012 ] } },
{ "type": "Feature", "properties": { "source": "Added", "target": "hw=path_bicycle=designated", "length_km": 0.26522760752604985, "osm_id": 1489059630, "osm_version": 1, "valid_from": "2026-03-15T08:11:39Z", "feature_id": "1489059630_1" }, "geometry": { "type": "Point", "coordinates": [ 11.125458523369177, 53.693936060794343 ] } },
{ "type": "Feature", "properties": { "source": "Added", "target": "hw=path_bicycle=designated", "length_km": 0.41460849301075331, "osm_id": 1489067125, "osm_version": 1, "valid_from": "2026-03-15T08:35:56Z", "feature_id": "1489067125_1" }, "geometry": { "type": "Point", "coordinates": [ 12.340367304255857, 51.670617666162521 ] } },
{ "type": "Feature", "properties": { "source": "Added", "target": "hw=path_bicycle=designated", "length_km": 0.77967244168087813, "osm_id": 1489067126, "osm_version": 1, "valid_from": "2026-03-15T08:35:56Z", "feature_id": "1489067126_1" }, "geometry": { "type": "Point", "coordinates": [ 12.348343270753954, 51.671990108699717 ] } },
{ "type": "Feature", "properties": { "source": "Added", "target": "hw=path_bicycle=designated", "length_km": 0.27607612959620093, "osm_id": 1489096213, "osm_version": 1, "valid_from": "2026-03-15T11:39:29Z", "feature_id": "1489096213_1" }, "geometry": { "type": "Point", "coordinates": [ 14.628040057464737, 50.998039893234214 ] } },
{ "type": "Feature", "properties": { "source": "Added", "target": "hw=path_bicycle=designated", "length_km": 0.113004229240419, "osm_id": 1489096214, "osm_version": 1, "valid_from": "2026-03-15T11:39:29Z", "feature_id": "1489096214_1" }, "geometry": { "type": "Point", "coordinates": [ 14.619083886289751, 51.00272400780419 ] } },
{ "type": "Feature", "properties": { "source": "Added", "target": "hw=path_bicycle=designated", "length_km": 0.24720212422423177, "osm_id": 1489096215, "osm_version": 1, "valid_from": "2026-03-15T11:39:29Z", "feature_id": "1489096215_1" }, "geometry": { "type": "Point", "coordinates": [ 14.618143621279161, 51.001957659011282 ] } },
{ "type": "Feature", "properties": { "source": "Added", "target": "hw=path_bicycle=designated", "length_km": 0.13312145959992178, "osm_id": 1489096216, "osm_version": 1, "valid_from": "2026-03-15T11:39:29Z", "feature_id": "1489096216_1" }, "geometry": { "type": "Point", "coordinates": [ 14.618574906743257, 51.003520328946657 ] } },
{ "type": "Feature", "properties": { "source": "Added", "target": "hw=footway_bicycle=yes", "length_km": 0.32448828437326893, "osm_id": 1489096218, "osm_version": 1, "valid_from": "2026-03-15T11:39:29Z", "feature_id": "1489096218_1" }, "geometry": { "type": "Point", "coordinates": [ 14.614850261479734, 51.003165009594206 ] } },
{ "type": "Feature", "properties": { "source": "Added", "target": "hw=path_bicycle=designated", "length_km": 0.077272180143249339, "osm_id": 1489096219, "osm_version": 1, "valid_from": "2026-03-15T11:39:29Z", "feature_id": "1489096219_1" }, "geometry": { "type": "Point", "coordinates": [ 14.617656818310042, 51.003004192862718 ] } },
{ "type": "Feature", "properties": { "source": "hw=path_other", "target": "hw=path_bicycle=designated", "length_km": 0.47846962873501309, "osm_id": 39887559, "osm_version": 11, "valid_from": "2026-03-20T14:23:52Z", "feature_id": "39887559_11" }, "geometry": { "type": "Point", "coordinates": [ 9.875884461335835, 48.239946880568276 ] } },
{ "type": "Feature", "properties": { "source": "hw=path_other", "target": "hw=path_bicycle=designated", "length_km": 0.12201635399387965, "osm_id": 366376855, "osm_version": 7, "valid_from": "2026-03-20T14:53:59Z", "feature_id": "366376855_7" }, "geometry": { "type": "Point", "coordinates": [ 9.882325325026519, 48.227298768664319 ] } },
{ "type": "Feature", "properties": { "source": "hw=tertiary_other", "target": "cw=lane", "length_km": 0.045599709585740396, "osm_id": 421661317, "osm_version": 11, "valid_from": "2026-03-20T14:53:59Z", "feature_id": "421661317_11" }, "geometry": { "type": "Point", "coordinates": [ 9.88434905, 48.23103 ] } },
{ "type": "Feature", "properties": { "source": "hw=path_other", "target": "hw=path_bicycle=designated", "length_km": 0.25171855592303061, "osm_id": 839884976, "osm_version": 5, "valid_from": "2026-03-20T14:53:59Z", "feature_id": "839884976_5" }, "geometry": { "type": "Point", "coordinates": [ 9.885923703521057, 48.231689149569839 ] } },
{ "type": "Feature", "properties": { "source": "hw=tertiary_other", "target": "cw=lane", "length_km": 0.029474012490858625, "osm_id": 839884980, "osm_version": 3, "valid_from": "2026-03-20T14:53:59Z", "feature_id": "839884980_3" }, "geometry": { "type": "Point", "coordinates": [ 9.884785988924587, 48.231196831131712 ] } },
{ "type": "Feature", "properties": { "source": "hw=path_other", "target": "hw=path_bicycle=designated", "length_km": 0.51943944269822795, "osm_id": 1099870732, "osm_version": 2, "valid_from": "2026-03-20T14:53:59Z", "feature_id": "1099870732_2" }, "geometry": { "type": "Point", "coordinates": [ 9.888395298855844, 48.234813085863856 ] } },
{ "type": "Feature", "properties": { "source": "hw=path_other", "target": "hw=path_bicycle=designated", "length_km": 0.019011087814323768, "osm_id": 1099870736, "osm_version": 2, "valid_from": "2026-03-20T14:53:59Z", "feature_id": "1099870736_2" }, "geometry": { "type": "Point", "coordinates": [ 9.888655632942639, 48.235248887152245 ] } },
{ "type": "Feature", "properties": { "source": "hw=path_other", "target": "hw=path_bicycle=designated", "length_km": 0.013454360483127877, "osm_id": 1099870737, "osm_version": 2, "valid_from": "2026-03-20T14:53:59Z", "feature_id": "1099870737_2" }, "geometry": { "type": "Point", "coordinates": [ 9.888773146394991, 48.235199899917504 ] } },
{ "type": "Feature", "properties": { "source": "Added", "target": "hw=path_bicycle=designated", "length_km": 0.12065873064086614, "osm_id": 1491012212, "osm_version": 1, "valid_from": "2026-03-20T14:37:18Z", "feature_id": "1491012212_1" }, "geometry": { "type": "Point", "coordinates": [ 9.880874343247246, 48.236702250037183 ] } },
{ "type": "Feature", "properties": { "source": "Added", "target": "cw=lane", "length_km": 0.072079896740438271, "osm_id": 1491016798, "osm_version": 1, "valid_from": "2026-03-20T14:53:59Z", "feature_id": "1491016798_1" }, "geometry": { "type": "Point", "coordinates": [ 9.88534624925304, 48.231457282000619 ] } },
{ "type": "Feature", "properties": { "source": "hw=track_other", "target": "hw=track_bicycle=designated", "length_km": 0.13297654789616595, "osm_id": 24730823, "osm_version": 21, "valid_from": "2026-03-21T10:33:03Z", "feature_id": "24730823_21" }, "geometry": { "type": "Point", "coordinates": [ 9.155742536376659, 49.243879027735652 ] } },
{ "type": "Feature", "properties": { "source": "hw=track_other", "target": "hw=path_bicycle=designated", "length_km": 0.37844605324723474, "osm_id": 26531496, "osm_version": 16, "valid_from": "2026-03-21T10:30:51Z", "feature_id": "26531496_16" }, "geometry": { "type": "Point", "coordinates": [ 8.789651445650774, 48.565216726839346 ] } },
{ "type": "Feature", "properties": { "source": "hw=track_other", "target": "hw=path_bicycle=designated", "length_km": 0.38514899555014037, "osm_id": 39166698, "osm_version": 10, "valid_from": "2026-03-21T10:30:51Z", "feature_id": "39166698_10" }, "geometry": { "type": "Point", "coordinates": [ 8.801505206711585, 48.568611089142379 ] } },
{ "type": "Feature", "properties": { "source": "hw=track_other", "target": "hw=track_bicycle=designated", "length_km": 0.59158335669263196, "osm_id": 40112396, "osm_version": 18, "valid_from": "2026-03-21T11:38:18Z", "feature_id": "40112396_18" }, "geometry": { "type": "Point", "coordinates": [ 9.392456383564916, 49.140481380954327 ] } },
{ "type": "Feature", "properties": { "source": "hw=track_other", "target": "hw=track_bicycle=designated", "length_km": 1.5795171370940162, "osm_id": 190901336, "osm_version": 8, "valid_from": "2026-03-21T10:33:03Z", "feature_id": "190901336_8" }, "geometry": { "type": "Point", "coordinates": [ 9.156440232921256, 49.255016492644067 ] } },
{ "type": "Feature", "properties": { "source": "hw=track_other", "target": "hw=path_bicycle=designated", "length_km": 0.34110851525648683, "osm_id": 349601153, "osm_version": 4, "valid_from": "2026-03-21T10:30:51Z", "feature_id": "349601153_4" }, "geometry": { "type": "Point", "coordinates": [ 8.796757842832958, 48.568079432496205 ] } },
{ "type": "Feature", "properties": { "source": "hw=footway_bicycle=yes", "target": "hw=path_bicycle=designated", "length_km": 0.042635481964974284, "osm_id": 364566199, "osm_version": 5, "valid_from": "2026-03-21T10:30:51Z", "feature_id": "364566199_5" }, "geometry": { "type": "Point", "coordinates": [ 8.808911282655878, 48.570454285858858 ] } },
{ "type": "Feature", "properties": { "source": "hw=track_other", "target": "hw=path_bicycle=designated", "length_km": 0.36946909428836722, "osm_id": 364566446, "osm_version": 3, "valid_from": "2026-03-21T10:30:51Z", "feature_id": "364566446_3" }, "geometry": { "type": "Point", "coordinates": [ 8.806311241346938, 48.569812552494774 ] } },
{ "type": "Feature", "properties": { "source": "hw=track_other", "target": "hw=path_bicycle=designated", "length_km": 0.2509116487373792, "osm_id": 1190017169, "osm_version": 2, "valid_from": "2026-03-21T10:30:51Z", "feature_id": "1190017169_2" }, "geometry": { "type": "Point", "coordinates": [ 8.793349281416566, 48.566582730108131 ] } },
{ "type": "Feature", "properties": { "source": "hw=track_other", "target": "hw=track_bicycle=designated", "length_km": 0.41357253116051412, "osm_id": 1429732716, "osm_version": 2, "valid_from": "2026-03-21T10:33:03Z", "feature_id": "1429732716_2" }, "geometry": { "type": "Point", "coordinates": [ 9.156738918333062, 49.246000184233381 ] } },
{ "type": "Feature", "properties": { "source": "Added", "target": "hw=path_bicycle=designated", "length_km": 0.15393687630458144, "osm_id": 1491198873, "osm_version": 1, "valid_from": "2026-03-21T11:42:11Z", "feature_id": "1491198873_1" }, "geometry": { "type": "Point", "coordinates": [ 9.526241270699138, 48.807549918328945 ] } },
{ "type": "Feature", "properties": { "source": "Added", "target": "hw=path_bicycle=designated", "length_km": 0.31622071346458802, "osm_id": 1491198874, "osm_version": 1, "valid_from": "2026-03-21T11:42:11Z", "feature_id": "1491198874_1" }, "geometry": { "type": "Point", "coordinates": [ 9.523396251909169, 48.806565841130904 ] } },
{ "type": "Feature", "properties": { "source": "Added", "target": "hw=path_bicycle=designated", "length_km": 0.094415643421319861, "osm_id": 1491199374, "osm_version": 1, "valid_from": "2026-03-21T11:44:26Z", "feature_id": "1491199374_1" }, "geometry": { "type": "Point", "coordinates": [ 10.098081316046791, 48.884321048028411 ] } },
{ "type": "Feature", "properties": { "source": "Added", "target": "hw=path_bicycle=designated", "length_km": 0.013655081560505346, "osm_id": 1491199375, "osm_version": 1, "valid_from": "2026-03-21T11:44:26Z", "feature_id": "1491199375_1" }, "geometry": { "type": "Point", "coordinates": [ 10.09851665, 48.88473615 ] } },
{ "type": "Feature", "properties": { "source": "Added", "target": "hw=path_bicycle=designated", "length_km": 0.32089261711601413, "osm_id": 1491199376, "osm_version": 1, "valid_from": "2026-03-21T11:44:26Z", "feature_id": "1491199376_1" }, "geometry": { "type": "Point", "coordinates": [ 10.099427307101681, 48.886088108715626 ] } },
{ "type": "Feature", "properties": { "source": "Added", "target": "hw=path_bicycle=designated", "length_km": 0.075723397640991646, "osm_id": 1497053510, "osm_version": 1, "valid_from": "2026-04-06T14:58:38Z", "feature_id": "1497053510_1" }, "geometry": { "type": "Point", "coordinates": [ 11.030207674558564, 51.885342387559021 ] } },
{ "type": "Feature", "properties": { "source": "Added", "target": "hw=path_bicycle=designated", "length_km": 0.061203065706679514, "osm_id": 1497053511, "osm_version": 1, "valid_from": "2026-04-06T14:58:38Z", "feature_id": "1497053511_1" }, "geometry": { "type": "Point", "coordinates": [ 11.030810227580231, 51.88521761229444 ] } },
{ "type": "Feature", "properties": { "source": "Added", "target": "hw=path_bicycle=designated", "length_km": 0.10552033675117779, "osm_id": 1497053512, "osm_version": 1, "valid_from": "2026-04-06T14:58:38Z", "feature_id": "1497053512_1" }, "geometry": { "type": "Point", "coordinates": [ 11.031162002192277, 51.885143427533102 ] } },
{ "type": "Feature", "properties": { "source": "Added", "target": "hw=path_bicycle=designated", "length_km": 0.10003735522459734, "osm_id": 1497053513, "osm_version": 1, "valid_from": "2026-04-06T14:58:38Z", "feature_id": "1497053513_1" }, "geometry": { "type": "Point", "coordinates": [ 11.030433376196934, 51.885907053954597 ] } },
{ "type": "Feature", "properties": { "source": "Added", "target": "hw=path_bicycle=designated", "length_km": 0.36477537291812157, "osm_id": 1499145193, "osm_version": 1, "valid_from": "2026-04-13T20:43:55Z", "feature_id": "1499145193_1" }, "geometry": { "type": "Point", "coordinates": [ 6.411530339229253, 51.612666621240187 ] } },
{ "type": "Feature", "properties": { "source": "hw=footway_other", "target": "hw=path_bicycle=designated", "length_km": 0.016282169395990573, "osm_id": 132346299, "osm_version": 6, "valid_from": "2026-04-19T10:11:20Z", "feature_id": "132346299_6" }, "geometry": { "type": "Point", "coordinates": [ 8.652993784529565, 50.190235898272533 ] } },
{ "type": "Feature", "properties": { "source": "hw=footway_other", "target": "hw=path_bicycle=designated", "length_km": 0.21343127406922063, "osm_id": 132346300, "osm_version": 10, "valid_from": "2026-04-19T10:11:20Z", "feature_id": "132346300_10" }, "geometry": { "type": "Point", "coordinates": [ 8.654327601428308, 50.189654486941528 ] } },
{ "type": "Feature", "properties": { "source": "hw=path_other", "target": "hw=path_bicycle=designated", "length_km": 0.54154431637272848, "osm_id": 158099854, "osm_version": 7, "valid_from": "2026-04-19T10:30:51Z", "feature_id": "158099854_7" }, "geometry": { "type": "Point", "coordinates": [ 8.45246926473439, 49.547872245287863 ] } },
{ "type": "Feature", "properties": { "source": "hw=service_other", "target": "hw=path_bicycle=designated", "length_km": 0.054509032364073798, "osm_id": 736463337, "osm_version": 8, "valid_from": "2026-04-19T10:11:20Z", "feature_id": "736463337_8" }, "geometry": { "type": "Point", "coordinates": [ 8.655201374157627, 50.189090936081278 ] } },
{ "type": "Feature", "properties": { "source": "hw=footway_other", "target": "hw=path_bicycle=designated", "length_km": 0.0044267281252181349, "osm_id": 827858015, "osm_version": 4, "valid_from": "2026-04-19T10:11:20Z", "feature_id": "827858015_4" }, "geometry": { "type": "Point", "coordinates": [ 8.6531234, 50.1901941 ] } },
{ "type": "Feature", "properties": { "source": "hw=footway_other", "target": "hw=path_bicycle=designated", "length_km": 0.0029234172895285116, "osm_id": 827858016, "osm_version": 4, "valid_from": "2026-04-19T10:11:20Z", "feature_id": "827858016_4" }, "geometry": { "type": "Point", "coordinates": [ 8.65287315, 50.19027385 ] } },
{ "type": "Feature", "properties": { "source": "hw=footway_other", "target": "hw=path_bicycle=designated", "length_km": 0.76002740499275234, "osm_id": 1105613489, "osm_version": 4, "valid_from": "2026-04-19T10:11:20Z", "feature_id": "1105613489_4" }, "geometry": { "type": "Point", "coordinates": [ 8.651769386083513, 50.193774818135573 ] } },
{ "type": "Feature", "properties": { "source": "Added", "target": "hw=path_bicycle=designated", "length_km": 0.0099043389661061538, "osm_id": 1501010561, "osm_version": 1, "valid_from": "2026-04-19T10:11:20Z", "feature_id": "1501010561_1" }, "geometry": { "type": "Point", "coordinates": [ 8.652831956929525, 50.190322544162939 ] } },
{ "type": "Feature", "properties": { "source": "hw=secondary_other", "target": "cw=track", "length_km": 0.071281059964416596, "osm_id": 118199771, "osm_version": 10, "valid_from": "2026-05-07T17:58:10Z", "feature_id": "118199771_10" }, "geometry": { "type": "Point", "coordinates": [ 7.024958165445088, 51.536123107714864 ] } },
{ "type": "Feature", "properties": { "source": "hw=secondary_other", "target": "cw=track", "length_km": 0.6625836595808402, "osm_id": 146353059, "osm_version": 14, "valid_from": "2026-05-07T17:58:10Z", "feature_id": "146353059_14" }, "geometry": { "type": "Point", "coordinates": [ 7.031037611976385, 51.532889547898336 ] } },
{ "type": "Feature", "properties": { "source": "hw=footway_bicycle=yes", "target": "hw=path_bicycle=designated", "length_km": 0.13939725481105081, "osm_id": 262091404, "osm_version": 4, "valid_from": "2026-05-07T17:49:57Z", "feature_id": "262091404_4" }, "geometry": { "type": "Point", "coordinates": [ 7.071775083495698, 51.506959713099263 ] } },
{ "type": "Feature", "properties": { "source": "hw=secondary_other", "target": "cw=track", "length_km": 0.2641097835463278, "osm_id": 347193348, "osm_version": 6, "valid_from": "2026-05-07T17:58:10Z", "feature_id": "347193348_6" }, "geometry": { "type": "Point", "coordinates": [ 7.026026287111756, 51.537138564274535 ] } },
{ "type": "Feature", "properties": { "source": "hw=footway_bicycle=yes", "target": "hw=path_bicycle=designated", "length_km": 0.023237692497661288, "osm_id": 579786288, "osm_version": 2, "valid_from": "2026-05-07T17:49:57Z", "feature_id": "579786288_2" }, "geometry": { "type": "Point", "coordinates": [ 7.072766948042176, 51.507333150710345 ] } },
{ "type": "Feature", "properties": { "source": "hw=secondary_other", "target": "cw=track", "length_km": 0.044856908485382874, "osm_id": 639448865, "osm_version": 4, "valid_from": "2026-05-07T17:58:10Z", "feature_id": "639448865_4" }, "geometry": { "type": "Point", "coordinates": [ 7.025220549461374, 51.535628389977646 ] } },
{ "type": "Feature", "properties": { "source": "Added", "target": "hw=path_bicycle=designated", "length_km": 0.25853013014811904, "osm_id": 1510339781, "osm_version": 1, "valid_from": "2026-05-07T17:49:57Z", "feature_id": "1510339781_1" }, "geometry": { "type": "Point", "coordinates": [ 7.074656681467175, 51.507791156381842 ] } },
{ "type": "Feature", "properties": { "source": "Added", "target": "hw=path_bicycle=designated", "length_km": 0.30740718004751333, "osm_id": 1510339782, "osm_version": 1, "valid_from": "2026-05-07T17:49:57Z", "feature_id": "1510339782_1" }, "geometry": { "type": "Point", "coordinates": [ 7.068120837409368, 51.505235894751571 ] } },
{ "type": "Feature", "properties": { "source": "Added", "target": "hw=path_bicycle=designated", "length_km": 0.42817481792646844, "osm_id": 1510339783, "osm_version": 1, "valid_from": "2026-05-07T17:49:57Z", "feature_id": "1510339783_1" }, "geometry": { "type": "Point", "coordinates": [ 7.063280536857338, 51.503950091428358 ] } },
{ "type": "Feature", "properties": { "source": "Added", "target": "hw=path_bicycle=designated", "length_km": 0.072923267794497273, "osm_id": 1510339784, "osm_version": 1, "valid_from": "2026-05-07T17:49:57Z", "feature_id": "1510339784_1" }, "geometry": { "type": "Point", "coordinates": [ 7.070548983533306, 51.506378893960203 ] } },
{ "type": "Feature", "properties": { "source": "Added", "target": "hw=path_bicycle=designated", "length_km": 0.017730052038422556, "osm_id": 1510339785, "osm_version": 1, "valid_from": "2026-05-07T17:49:57Z", "feature_id": "1510339785_1" }, "geometry": { "type": "Point", "coordinates": [ 7.07005265, 51.506114 ] } },
{ "type": "Feature", "properties": { "source": "Added", "target": "hw=path_bicycle=designated", "length_km": 0.084198009201487845, "osm_id": 1510339786, "osm_version": 1, "valid_from": "2026-05-07T17:49:57Z", "feature_id": "1510339786_1" }, "geometry": { "type": "Point", "coordinates": [ 7.065558750633802, 51.503863224174644 ] } },
{ "type": "Feature", "properties": { "source": "Added", "target": "hw=path_bicycle=designated", "length_km": 0.01039561420564427, "osm_id": 1510339787, "osm_version": 1, "valid_from": "2026-05-07T17:49:57Z", "feature_id": "1510339787_1" }, "geometry": { "type": "Point", "coordinates": [ 7.065105910821579, 51.504305205020678 ] } },
{ "type": "Feature", "properties": { "source": "Added", "target": "hw=path_bicycle=designated", "length_km": 0.019963725872486612, "osm_id": 1510339788, "osm_version": 1, "valid_from": "2026-05-07T17:49:57Z", "feature_id": "1510339788_1" }, "geometry": { "type": "Point", "coordinates": [ 7.06520727818767, 51.504183417995279 ] } },
{ "type": "Feature", "properties": { "source": "hw=unclassified_other", "target": "cw=track", "length_km": 0.65035680094258275, "osm_id": 22989447, "osm_version": 19, "valid_from": "2026-05-09T12:03:52Z", "feature_id": "22989447_19" }, "geometry": { "type": "Point", "coordinates": [ 9.447511673180957, 51.833401728138746 ] } },
{ "type": "Feature", "properties": { "source": "hw=unclassified_other", "target": "cw=track", "length_km": 0.086173702658344814, "osm_id": 30717905, "osm_version": 5, "valid_from": "2026-05-09T12:03:52Z", "feature_id": "30717905_5" }, "geometry": { "type": "Point", "coordinates": [ 9.445272622677242, 51.836310705271742 ] } },
{ "type": "Feature", "properties": { "source": "hw=cycleway", "target": "hw=path_bicycle=designated", "length_km": 0.91965088965557718, "osm_id": 1304824742, "osm_version": 3, "valid_from": "2026-05-13T19:25:54Z", "feature_id": "1304824742_3" }, "geometry": { "type": "Point", "coordinates": [ 11.320733795109158, 53.926144854184408 ] } },
{ "type": "Feature", "properties": { "source": "Added", "target": "hw=footway_bicycle=yes", "length_km": 0.40706154568841579, "osm_id": 1513155549, "osm_version": 1, "valid_from": "2026-05-13T19:25:54Z", "feature_id": "1513155549_1" }, "geometry": { "type": "Point", "coordinates": [ 11.331359655953847, 53.932724916052301 ] } },
{ "type": "Feature", "properties": { "source": "Added", "target": "hw=path_bicycle=designated", "length_km": 0.25651718502246557, "osm_id": 1513155550, "osm_version": 1, "valid_from": "2026-05-13T19:25:54Z", "feature_id": "1513155550_1" }, "geometry": { "type": "Point", "coordinates": [ 11.329715602072266, 53.929940866645154 ] } },
{ "type": "Feature", "properties": { "source": "Added", "target": "hw=path_bicycle=designated", "length_km": 0.23148522411636518, "osm_id": 1513155551, "osm_version": 1, "valid_from": "2026-05-13T19:25:54Z", "feature_id": "1513155551_1" }, "geometry": { "type": "Point", "coordinates": [ 11.32756921827222, 53.928243208857651 ] } },
{ "type": "Feature", "properties": { "source": "Added", "target": "hw=path_bicycle=designated", "length_km": 0.37535298048730237, "osm_id": 1513155553, "osm_version": 1, "valid_from": "2026-05-13T19:25:54Z", "feature_id": "1513155553_1" }, "geometry": { "type": "Point", "coordinates": [ 11.315744883788025, 53.920058587600415 ] } },
{ "type": "Feature", "properties": { "source": "Added", "target": "hw=footway_bicycle=yes", "length_km": 0.083179757398148937, "osm_id": 1513155555, "osm_version": 1, "valid_from": "2026-05-13T19:25:54Z", "feature_id": "1513155555_1" }, "geometry": { "type": "Point", "coordinates": [ 11.315967911525338, 53.922274890190252 ] } },
{ "type": "Feature", "properties": { "source": "hw=secondary_other", "target": "cw=track", "length_km": 0.1672156316498449, "osm_id": 97371579, "osm_version": 9, "valid_from": "2026-05-16T12:48:58Z", "feature_id": "97371579_9" }, "geometry": { "type": "Point", "coordinates": [ 13.284103441279775, 52.406405201991696 ] } },
{ "type": "Feature", "properties": { "source": "hw=secondary_other", "target": "cw=track", "length_km": 0.24043543409080928, "osm_id": 97371580, "osm_version": 9, "valid_from": "2026-05-16T12:48:58Z", "feature_id": "97371580_9" }, "geometry": { "type": "Point", "coordinates": [ 13.286623759769679, 52.407360644589261 ] } },
{ "type": "Feature", "properties": { "source": "hw=secondary_other", "target": "cw=track", "length_km": 0.1600633051690934, "osm_id": 98574577, "osm_version": 10, "valid_from": "2026-05-16T12:48:58Z", "feature_id": "98574577_10" }, "geometry": { "type": "Point", "coordinates": [ 13.280966623160994, 52.40476436855554 ] } },
{ "type": "Feature", "properties": { "source": "hw=secondary_other", "target": "cw=track", "length_km": 0.17549154791365065, "osm_id": 98574578, "osm_version": 8, "valid_from": "2026-05-16T12:48:58Z", "feature_id": "98574578_8" }, "geometry": { "type": "Point", "coordinates": [ 13.284091991601475, 52.406509887701667 ] } },
{ "type": "Feature", "properties": { "source": "hw=secondary_other", "target": "cw=track", "length_km": 0.058116162903314499, "osm_id": 98632027, "osm_version": 7, "valid_from": "2026-05-16T12:48:58Z", "feature_id": "98632027_7" }, "geometry": { "type": "Point", "coordinates": [ 13.290737689914584, 52.408934825966 ] } },
{ "type": "Feature", "properties": { "source": "hw=secondary_other", "target": "cw=track", "length_km": 0.11579891761314394, "osm_id": 967858823, "osm_version": 3, "valid_from": "2026-05-16T12:48:58Z", "feature_id": "967858823_3" }, "geometry": { "type": "Point", "coordinates": [ 13.2824895, 52.4055782 ] } },
{ "type": "Feature", "properties": { "source": "Added", "target": "cw=track", "length_km": 0.1809662098098089, "osm_id": 1514539062, "osm_version": 1, "valid_from": "2026-05-16T12:48:58Z", "feature_id": "1514539062_1" }, "geometry": { "type": "Point", "coordinates": [ 13.2892487, 52.40836505 ] } },
{ "type": "Feature", "properties": { "source": "hw=tertiary_other", "target": "cw=track", "length_km": 0.31626941352048216, "osm_id": 27366018, "osm_version": 16, "valid_from": "2026-05-18T17:20:55Z", "feature_id": "27366018_16" }, "geometry": { "type": "Point", "coordinates": [ 8.631231184696002, 53.205011608425167 ] } },
{ "type": "Feature", "properties": { "source": "hw=footway_bicycle=yes", "target": "hw=path_bicycle=designated", "length_km": 0.30194245437198919, "osm_id": 45780243, "osm_version": 12, "valid_from": "2026-05-18T18:00:21Z", "feature_id": "45780243_12" }, "geometry": { "type": "Point", "coordinates": [ 8.754302445300654, 53.197198664041302 ] } },
{ "type": "Feature", "properties": { "source": "hw=path_other", "target": "hw=path_bicycle=designated", "length_km": 0.45859718804318361, "osm_id": 110514772, "osm_version": 9, "valid_from": "2026-05-18T18:00:21Z", "feature_id": "110514772_9" }, "geometry": { "type": "Point", "coordinates": [ 8.753668132936539, 53.196616993478131 ] } },
{ "type": "Feature", "properties": { "source": "hw=path_other", "target": "hw=path_bicycle=designated", "length_km": 0.13099161528613423, "osm_id": 965713226, "osm_version": 2, "valid_from": "2026-05-18T18:00:21Z", "feature_id": "965713226_2" }, "geometry": { "type": "Point", "coordinates": [ 8.751689007985473, 53.194360275008734 ] } },
{ "type": "Feature", "properties": { "source": "hw=footway_bicycle=yes", "target": "hw=path_bicycle=designated", "length_km": 0.47739222708811296, "osm_id": 1118038485, "osm_version": 3, "valid_from": "2026-05-18T18:00:21Z", "feature_id": "1118038485_3" }, "geometry": { "type": "Point", "coordinates": [ 8.748338557079528, 53.190304775508054 ] } },
{ "type": "Feature", "properties": { "source": "hw=footway_bicycle=yes", "target": "hw=path_bicycle=designated", "length_km": 0.17730916945946784, "osm_id": 1247553434, "osm_version": 2, "valid_from": "2026-05-18T18:00:21Z", "feature_id": "1247553434_2" }, "geometry": { "type": "Point", "coordinates": [ 8.745936486723203, 53.18768498418563 ] } },
{ "type": "Feature", "properties": { "source": "Added", "target": "hw=footway_bicycle=yes", "length_km": 0.059259164264967551, "osm_id": 1516499910, "osm_version": 1, "valid_from": "2026-05-18T18:00:21Z", "feature_id": "1516499910_1" }, "geometry": { "type": "Point", "coordinates": [ 8.752397029228884, 53.194450727555363 ] } },
{ "type": "Feature", "properties": { "source": "Added", "target": "hw=path_bicycle=designated", "length_km": 0.16851190330883947, "osm_id": 1516499911, "osm_version": 1, "valid_from": "2026-05-18T18:00:21Z", "feature_id": "1516499911_1" }, "geometry": { "type": "Point", "coordinates": [ 8.752823680052089, 53.195373147500291 ] } },
{ "type": "Feature", "properties": { "source": "Added", "target": "hw=path_bicycle=designated", "length_km": 0.26886260324766442, "osm_id": 1516499912, "osm_version": 1, "valid_from": "2026-05-18T18:00:21Z", "feature_id": "1516499912_1" }, "geometry": { "type": "Point", "coordinates": [ 8.750306507563522, 53.192775104303465 ] } },
{ "type": "Feature", "properties": { "source": "Added", "target": "hw=path_bicycle=designated", "length_km": 0.58019334040846615, "osm_id": 1516499913, "osm_version": 1, "valid_from": "2026-05-18T18:00:21Z", "feature_id": "1516499913_1" }, "geometry": { "type": "Point", "coordinates": [ 8.747260404400445, 53.189349858172143 ] } },
{ "type": "Feature", "properties": { "source": "Added", "target": "hw=path_bicycle=designated", "length_km": 0.29593874271252563, "osm_id": 1516499914, "osm_version": 1, "valid_from": "2026-05-18T18:00:21Z", "feature_id": "1516499914_1" }, "geometry": { "type": "Point", "coordinates": [ 8.751059328856885, 53.19337694954509 ] } },
{ "type": "Feature", "properties": { "source": "Added", "target": "hw=path_bicycle=designated", "length_km": 0.3890445734749885, "osm_id": 1517677515, "osm_version": 1, "valid_from": "2026-05-20T16:39:48Z", "feature_id": "1517677515_1" }, "geometry": { "type": "Point", "coordinates": [ 11.9741803293405, 51.327078083284661 ] } },
{ "type": "Feature", "properties": { "source": "Added", "target": "hw=path_bicycle=designated", "length_km": 0.70166237487591954, "osm_id": 1517677516, "osm_version": 1, "valid_from": "2026-05-20T16:39:48Z", "feature_id": "1517677516_1" }, "geometry": { "type": "Point", "coordinates": [ 11.979581073364837, 51.330066103916991 ] } },
{ "type": "Feature", "properties": { "source": "Added", "target": "hw=path_bicycle=designated", "length_km": 0.40882464233509996, "osm_id": 1517677517, "osm_version": 1, "valid_from": "2026-05-20T16:39:48Z", "feature_id": "1517677517_1" }, "geometry": { "type": "Point", "coordinates": [ 11.984392732212156, 51.334073465629452 ] } },
{ "type": "Feature", "properties": { "source": "Added", "target": "hw=path_bicycle=designated", "length_km": 0.83462089072099854, "osm_id": 1517677518, "osm_version": 1, "valid_from": "2026-05-20T16:39:48Z", "feature_id": "1517677518_1" }, "geometry": { "type": "Point", "coordinates": [ 11.98799776587242, 51.339151519799017 ] } },
{ "type": "Feature", "properties": { "source": "Added", "target": "hw=path_bicycle=designated", "length_km": 0.96983419319529629, "osm_id": 1517677519, "osm_version": 1, "valid_from": "2026-05-20T16:39:48Z", "feature_id": "1517677519_1" }, "geometry": { "type": "Point", "coordinates": [ 11.987031321121878, 51.337751133779946 ] } },
{ "type": "Feature", "properties": { "source": "Added", "target": "hw=path_bicycle=designated", "length_km": 0.91190503784504962, "osm_id": 1517677520, "osm_version": 1, "valid_from": "2026-05-20T16:39:48Z", "feature_id": "1517677520_1" }, "geometry": { "type": "Point", "coordinates": [ 11.980241183442464, 51.330414563979595 ] } },
{ "type": "Feature", "properties": { "source": "Added", "target": "hw=path_bicycle=designated", "length_km": 0.36862483792643203, "osm_id": 1517677522, "osm_version": 1, "valid_from": "2026-05-20T16:39:48Z", "feature_id": "1517677522_1" }, "geometry": { "type": "Point", "coordinates": [ 11.973831958887583, 51.327134737718502 ] } },
{ "type": "Feature", "properties": { "source": "hw=track_other", "target": "hw=path_bicycle=designated", "length_km": 0.070483666052502614, "osm_id": 47323629, "osm_version": 4, "valid_from": "2026-05-21T17:25:45Z", "feature_id": "47323629_4" }, "geometry": { "type": "Point", "coordinates": [ 9.770409925373869, 49.069840494185755 ] } },
{ "type": "Feature", "properties": { "source": "hw=track_other", "target": "hw=track_bicycle=designated", "length_km": 0.22068411698828055, "osm_id": 105876278, "osm_version": 9, "valid_from": "2026-05-21T17:28:32Z", "feature_id": "105876278_9" }, "geometry": { "type": "Point", "coordinates": [ 9.724648807344824, 49.063584664471932 ] } },
{ "type": "Feature", "properties": { "source": "hw=path_other", "target": "hw=path_bicycle=designated", "length_km": 0.02578237942503098, "osm_id": 142048839, "osm_version": 8, "valid_from": "2026-05-21T18:40:52Z", "feature_id": "142048839_8" }, "geometry": { "type": "Point", "coordinates": [ 9.221453772353122, 49.2327216262698 ] } },
{ "type": "Feature", "properties": { "source": "hw=path_other", "target": "hw=path_bicycle=designated", "length_km": 0.35781104487005772, "osm_id": 197976344, "osm_version": 6, "valid_from": "2026-05-21T17:03:01Z", "feature_id": "197976344_6" }, "geometry": { "type": "Point", "coordinates": [ 11.983196022397559, 51.385044330680394 ] } },
{ "type": "Feature", "properties": { "source": "hw=cycleway", "target": "hw=path_bicycle=designated", "length_km": 0.13176058680181185, "osm_id": 223586531, "osm_version": 4, "valid_from": "2026-05-21T17:03:01Z", "feature_id": "223586531_4" }, "geometry": { "type": "Point", "coordinates": [ 11.987212844243965, 51.38024560171845 ] } },
{ "type": "Feature", "properties": { "source": "hw=path_other", "target": "hw=path_bicycle=designated", "length_km": 0.41849290460307403, "osm_id": 223586532, "osm_version": 4, "valid_from": "2026-05-21T17:03:01Z", "feature_id": "223586532_4" }, "geometry": { "type": "Point", "coordinates": [ 11.986666170211144, 51.382876775850171 ] } },
{ "type": "Feature", "properties": { "source": "hw=path_other", "target": "hw=path_bicycle=designated", "length_km": 0.013631668239989951, "osm_id": 237713609, "osm_version": 4, "valid_from": "2026-05-21T18:40:52Z", "feature_id": "237713609_4" }, "geometry": { "type": "Point", "coordinates": [ 9.220874899265317, 49.232547782827297 ] } },
{ "type": "Feature", "properties": { "source": "hw=track_other", "target": "hw=path_bicycle=designated", "length_km": 0.17374598157741231, "osm_id": 475131671, "osm_version": 4, "valid_from": "2026-05-21T17:38:58Z", "feature_id": "475131671_4" }, "geometry": { "type": "Point", "coordinates": [ 8.966078569351062, 48.53259618273502 ] } },
{ "type": "Feature", "properties": { "source": "Added", "target": "hw=path_bicycle=designated", "length_km": 0.33655970371306065, "osm_id": 1518367597, "osm_version": 1, "valid_from": "2026-05-21T17:03:01Z", "feature_id": "1518367597_1" }, "geometry": { "type": "Point", "coordinates": [ 11.987668951354321, 51.378202651567683 ] } },
{ "type": "Feature", "properties": { "source": "Added", "target": "hw=path_bicycle=designated", "length_km": 0.015014877311015503, "osm_id": 1518368640, "osm_version": 1, "valid_from": "2026-05-21T17:10:02Z", "feature_id": "1518368640_1" }, "geometry": { "type": "Point", "coordinates": [ 9.7980155, 48.978519 ] } },
{ "type": "Feature", "properties": { "source": "Added", "target": "hw=path_bicycle=designated", "length_km": 0.28426425500762476, "osm_id": 1518376135, "osm_version": 1, "valid_from": "2026-05-21T17:21:42Z", "feature_id": "1518376135_1" }, "geometry": { "type": "Point", "coordinates": [ 9.763511714943665, 49.077022610963724 ] } },
{ "type": "Feature", "properties": { "source": "Added", "target": "hw=path_bicycle=designated", "length_km": 0.044638422994365726, "osm_id": 1518444765, "osm_version": 1, "valid_from": "2026-05-21T18:40:52Z", "feature_id": "1518444765_1" }, "geometry": { "type": "Point", "coordinates": [ 9.221101316245994, 49.232699585516158 ] } },
{ "type": "Feature", "properties": { "source": "Added", "target": "hw=cycleway", "length_km": 0.04088419990455211, "osm_id": 1518444766, "osm_version": 1, "valid_from": "2026-05-21T18:40:52Z", "feature_id": "1518444766_1" }, "geometry": { "type": "Point", "coordinates": [ 9.221179417091768, 49.23264558276901 ] } },
{ "type": "Feature", "properties": { "source": "Added", "target": "hw=path_bicycle=designated", "length_km": 0.4199121385180471, "osm_id": 1518444767, "osm_version": 1, "valid_from": "2026-05-21T18:40:52Z", "feature_id": "1518444767_1" }, "geometry": { "type": "Point", "coordinates": [ 9.218973523813503, 49.23113322893164 ] } },
{ "type": "Feature", "properties": { "source": "hw=secondary_other", "target": "cw=track", "length_km": 0.22952632931616576, "osm_id": 4884347, "osm_version": 15, "valid_from": "2026-05-22T07:55:07Z", "feature_id": "4884347_15" }, "geometry": { "type": "Point", "coordinates": [ 9.398348535387008, 51.748915630345778 ] } },
{ "type": "Feature", "properties": { "source": "hw=footway_bicycle=yes", "target": "hw=path_bicycle=designated", "length_km": 0.34278029643920771, "osm_id": 293945958, "osm_version": 7, "valid_from": "2026-05-22T07:19:01Z", "feature_id": "293945958_7" }, "geometry": { "type": "Point", "coordinates": [ 9.384490855764106, 51.662720267065559 ] } },
{ "type": "Feature", "properties": { "source": "hw=secondary_other", "target": "cw=track", "length_km": 0.38930275582125989, "osm_id": 855301042, "osm_version": 3, "valid_from": "2026-05-22T07:55:07Z", "feature_id": "855301042_3" }, "geometry": { "type": "Point", "coordinates": [ 9.399025394382177, 51.752084655825627 ] } },
{ "type": "Feature", "properties": { "source": "hw=secondary_other", "target": "cw=track", "length_km": 0.80629749406763052, "osm_id": 908440391, "osm_version": 5, "valid_from": "2026-05-22T07:55:07Z", "feature_id": "908440391_5" }, "geometry": { "type": "Point", "coordinates": [ 9.402648319462244, 51.756878810935603 ] } },
{ "type": "Feature", "properties": { "source": "hw=secondary_other", "target": "cw=track", "length_km": 0.037484570760926511, "osm_id": 908507373, "osm_version": 2, "valid_from": "2026-05-22T07:55:07Z", "feature_id": "908507373_2" }, "geometry": { "type": "Point", "coordinates": [ 9.398572798586217, 51.750183737577252 ] } },
{ "type": "Feature", "properties": { "source": "hw=secondary_other", "target": "cw=track", "length_km": 0.0085908327694933784, "osm_id": 908507374, "osm_version": 2, "valid_from": "2026-05-22T07:55:07Z", "feature_id": "908507374_2" }, "geometry": { "type": "Point", "coordinates": [ 9.39852695, 51.74997885 ] } }
]
}
